,position,driver_number,number_of_laps,points,dnf,dns,dsq,duration,gap_to_leader,meeting_key,session_key,session_name,circuit_short_name,country_name,date_start,full_name,team_name,country_code,total_laps,avg_lap_duration,fastest_lap,lap_time_std,pit_stop_count,total_pit_time,avg_pit_duration,stint_count,compounds_used,start_position,avg_speed,max_speed,avg_throttle,avg_brake,avg_rpm,drs_usage,round,finish_pos_statsf1,laps_statsf1,time_statsf1,points_statsf1,team_statsf1
0,1.0,1,57.0,25.0,False,False,False,5636.736,0,1141,7953,Race,Sakhir,Bahrain,2023-03-05T15:00:00+00:00,Max VERSTAPPEN,Red Bull Racing,NED,57.0,98.8960701754386,96.236,4.992032798297021,,,,3.0,"['SOFT', 'HARD']",1.0,121.49762928046583,309.0,47.076445307084434,23.978594204907804,6320.384361569389,0.0005268265631498683,1.0,1,57.0,1h 33m 56.736s ( 196.862 km/h ),25.0,Red Bull
1,2.0,11,57.0,18.0,False,False,False,5648.723,11.987,1141,7953,Race,Sakhir,Bahrain,2023-03-05T15:00:00+00:00,Sergio PEREZ,Red Bull Racing,MEX,57.0,99.10640350877192,96.344,5.215025119305513,,,,3.0,"['SOFT', 'HARD']",2.0,121.34565368085401,331.0,47.36129211146541,24.19531401635935,6504.793178982393,0.007846943019548039,1.0,2,57.0,1h 34m 08.723s ( +11.987s ),18.0,Red Bull
2,3.0,14,57.0,15.0,False,False,False,5675.373,38.637,1141,7953,Race,Sakhir,Bahrain,2023-03-05T15:00:00+00:00,Fernando ALONSO,Aston Martin,ESP,57.0,99.57426315789473,96.156,5.453345803024822,,,,3.0,"['SOFT', 'HARD']",5.0,123.43637876057119,329.0,52.276583945653684,26.864051018993482,6504.461472341605,0.01771800915014557,1.0,3,57.0,1h 34m 35.373s ( +38.637s ),15.0,Aston Martin
3,4.0,55,57.0,12.0,False,False,False,5684.788,48.052,1141,7953,Race,Sakhir,Bahrain,2023-03-05T15:00:00+00:00,Carlos SAINZ,Ferrari,ESP,57.0,99.73963157894737,97.13,5.335170484059996,,,,3.0,"['SOFT', 'HARD']",4.0,123.54659642312491,329.0,53.01494523776515,27.87101067516983,6766.891834188271,0.005711909053098572,1.0,4,57.0,1h 34m 44.788s ( +48.052s ),12.0,Ferrari
4,5.0,44,57.0,10.0,False,False,False,5687.713,50.977,1141,7953,Race,Sakhir,Bahrain,2023-03-05T15:00:00+00:00,Lewis HAMILTON,Mercedes,GBR,57.0,99.79061403508771,96.546,5.4239533083561895,,,,3.0,"['SOFT', 'HARD']",7.0,123.66940246776653,334.0,48.50092887841397,24.15671703868016,6452.72826840427,0.016026618605295993,1.0,5,57.0,1h 34m 47.713s ( +50.977s ),10.0,Mercedes
5,6.0,18,57.0,8.0,False,False,False,5691.238,54.502,1141,7953,Race,Sakhir,Bahrain,2023-03-05T15:00:00+00:00,Lance STROLL,Aston Martin,CAN,57.0,99.85233333333332,96.546,5.403655152940901,,,,3.0,"['SOFT', 'HARD']",8.0,,,,,,,1.0,6,57.0,1h 34m 51.238s ( +54.502s ),8.0,Aston Martin
6,7.0,63,57.0,6.0,False,False,False,5692.609,55.873,1141,7953,Race,Sakhir,Bahrain,2023-03-05T15:00:00+00:00,George RUSSELL,Mercedes,GBR,57.0,99.87652631578946,97.035,5.525563048573365,,,,3.0,"['SOFT', 'HARD']",6.0,,,,,,,1.0,7,57.0,1h 34m 52.609s ( +55.873s ),6.0,Mercedes
7,8.0,77,57.0,4.0,False,False,False,5709.383,72.647,1141,7953,Race,Sakhir,Bahrain,2023-03-05T15:00:00+00:00,Valtteri BOTTAS,Alfa Romeo,FIN,57.0,100.17121052631579,97.379,4.7249642203363456,,,,3.0,"['SOFT', 'HARD']",12.0,,,,,,,1.0,8,57.0,1h 35m 09.383s ( +1m 12.647s ),4.0,Alfa Romeo
8,9.0,10,57.0,2.0,False,False,False,5710.489,73.753,1141,7953,Race,Sakhir,Bahrain,2023-03-05T15:00:00+00:00,Pierre GASLY,Alpine,FRA,57.0,100.19070175438597,95.068,6.146119675874806,,,,4.0,"['SOFT', 'HARD']",20.0,,,,,,,1.0,9,57.0,1h 35m 10.489s ( +1m 13.753s ),2.0,Alpine
9,10.0,23,57.0,1.0,False,False,False,5726.51,89.774,1141,7953,Race,Sakhir,Bahrain,2023-03-05T15:00:00+00:00,Alexander ALBON,Williams,THA,57.0,100.47138596491227,97.144,5.828752254845881,,,,4.0,"['SOFT', 'HARD']",15.0,,,,,,,1.0,10,57.0,1h 35m 26.510s ( +1m 29.774s ),1.0,Williams
10,11.0,22,57.0,0.0,False,False,False,5727.606,90.87,1141,7953,Race,Sakhir,Bahrain,2023-03-05T15:00:00+00:00,Yuki TSUNODA,AlphaTauri,JPN,57.0,100.49043859649123,96.637,6.117975540561792,,,,4.0,"['SOFT', 'HARD']",14.0,,,,,,,1.0,11,57.0,1h 35m 27.606s ( +1m 30.870s ),0.0,AlphaTauri
11,12.0,2,56.0,0.0,False,False,False,,+1 LAP,1141,7953,Race,Sakhir,Bahrain,2023-03-05T15:00:00+00:00,Logan SARGEANT,Williams,USA,56.0,100.68108928571428,96.037,5.759439231783804,,,,4.0,"['SOFT', 'HARD']",16.0,,,,,,,1.0,12,56.0,,0.0,Williams
12,13.0,20,56.0,0.0,False,False,False,,+1 LAP,1141,7953,Race,Sakhir,Bahrain,2023-03-05T15:00:00+00:00,Kevin MAGNUSSEN,Haas F1 Team,DEN,56.0,100.96132142857142,96.471,5.9168221910295555,,,,4.0,"['HARD', 'SOFT']",17.0,,,,,,,1.0,13,56.0,,0.0,Haas
13,14.0,21,56.0,0.0,False,False,False,,+1 LAP,1141,7953,Race,Sakhir,Bahrain,2023-03-05T15:00:00+00:00,Nyck DE VRIES,AlphaTauri,NED,56.0,101.06505357142858,97.709,5.029766509743016,,,,3.0,"['SOFT', 'HARD']",19.0,,,,,,,,,,,,
14,15.0,27,56.0,0.0,False,False,False,,+1 LAP,1141,7953,Race,Sakhir,Bahrain,2023-03-05T15:00:00+00:00,Nico HULKENBERG,Haas F1 Team,GER,56.0,101.08948214285714,96.616,7.058996822858743,,,,4.0,"['SOFT', 'HARD']",10.0,,,,,,,1.0,15,56.0,,0.0,Haas
15,16.0,24,56.0,0.0,False,False,False,,+1 LAP,1141,7953,Race,Sakhir,Bahrain,2023-03-05T15:00:00+00:00,ZHOU Guanyu,Alfa Romeo,CHN,56.0,101.36876785714286,93.996,6.1631855812368865,,,,4.0,"['SOFT', 'HARD']",13.0,,,,,,,,,,,,
16,17.0,4,55.0,0.0,False,False,False,,+2 LAPS,1141,7953,Race,Sakhir,Bahrain,2023-03-05T15:00:00+00:00,Lando NORRIS,McLaren,GBR,55.0,102.61347272727272,95.257,9.896361712405266,,,,7.0,"['SOFT', 'HARD', 'MEDIUM']",11.0,,,,,,,1.0,17,55.0,,0.0,McLaren
17,,31,41.0,0.0,True,False,False,,,1141,7953,Race,Sakhir,Bahrain,2023-03-05T15:00:00+00:00,Esteban OCON,Alpine,FRA,42.0,102.92617073170732,96.797,9.707028309174849,,,,4.0,"['SOFT', 'HARD']",9.0,,,,,,,1.0,ab,41.0,Withdrew,0.0,Alpine
18,,16,39.0,0.0,True,False,False,,,1141,7953,Race,Sakhir,Bahrain,2023-03-05T15:00:00+00:00,Charles LECLERC,Ferrari,MON,40.0,99.65376923076923,97.17,4.696077688440687,,,,3.0,"['SOFT', 'HARD']",3.0,,,,,,,1.0,ab,39.0,Engine,0.0,Ferrari
19,,81,13.0,0.0,True,False,False,,,1141,7953,Race,Sakhir,Bahrain,2023-03-05T15:00:00+00:00,Oscar PIASTRI,McLaren,AUS,14.0,103.29646153846154,100.691,6.003807147904631,,,,1.0,['SOFT'],18.0,,,,,,,1.0,ab,13.0,Electronics,0.0,McLaren
20,1.0,11,50.0,25.0,False,False,False,4874.894,0,1142,7779,Race,Jeddah,Saudi Arabia,2023-03-19T17:00:00+00:00,Sergio PEREZ,Red Bull Racing,MEX,51.0,97.50492,92.188,17.08843956029088,,,,2.0,"['MEDIUM', 'HARD']",1.0,133.5796128722958,334.0,41.13249835201055,9.675316114340504,6385.222268832025,0.002516929346197639,2.0,1,50.0,1h 21m 14.894s ( 227.783 km/h ),25.0,Red Bull
21,2.0,1,50.0,0.0,False,False,False,4880.249,5.355,1142,7779,Race,Jeddah,Saudi Arabia,2023-03-19T17:00:00+00:00,Max VERSTAPPEN,Red Bull Racing,NED,50.0,97.6102,91.906,14.627435933888071,,,,2.0,"['MEDIUM', 'HARD']",15.0,133.32114819919698,343.0,40.35299934080422,11.39749505603164,6405.518037993647,0.018607299095103974,2.0,2,50.0,1h 21m 20.249s ( +05.355s ),19.0,Red Bull
22,3.0,14,50.0,15.0,False,False,False,4895.622,20.728,1142,7779,Race,Jeddah,Saudi Arabia,2023-03-19T17:00:00+00:00,Fernando ALONSO,Aston Martin,ESP,50.0,97.91977999999999,92.24,16.25752983507542,,,,2.0,"['MEDIUM', 'HARD']",2.0,133.34772577455504,323.0,42.990891112842334,9.83232456403188,6435.170042548091,0.01758854197878588,2.0,3,50.0,1h 21m 35.622s ( +20.728s ),15.0,Aston Martin
23,4.0,63,50.0,12.0,False,False,False,4900.76,25.866,1142,7779,Race,Jeddah,Saudi Arabia,2023-03-19T17:00:00+00:00,George RUSSELL,Mercedes,GBR,50.0,98.02246,92.433,15.26181598204473,,,,2.0,"['MEDIUM', 'HARD']",3.0,136.0061724695871,314.0,52.212860310421284,19.00473422424642,6710.489542757836,0.0009288667825253192,2.0,4,50.0,1h 21m 40.760s ( +25.866s ),12.0,Mercedes
24,5.0,44,50.0,10.0,False,False,False,4905.959,31.065,1142,7779,Race,Jeddah,Saudi Arabia,2023-03-19T17:00:00+00:00,Lewis HAMILTON,Mercedes,GBR,50.0,98.1259,92.941,13.714210671297666,,,,2.0,"['HARD', 'MEDIUM']",7.0,136.34712650566308,328.0,54.015011685743396,21.531371726493678,6606.725834481932,0.010577095942949602,2.0,5,50.0,1h 21m 45.959s ( +31.065s ),10.0,Mercedes
25,6.0,55,50.0,8.0,False,False,False,4910.77,35.876,1142,7779,Race,Jeddah,Saudi Arabia,2023-03-19T17:00:00+00:00,Carlos SAINZ,Ferrari,ESP,50.0,98.22306,92.822,12.44643681231127,,,,2.0,"['MEDIUM', 'HARD']",4.0,,,,,,,2.0,6,50.0,1h 21m 50.770s ( +35.876s ),8.0,Ferrari
26,7.0,16,50.0,6.0,False,False,False,4918.056,43.162,1142,7779,Race,Jeddah,Saudi Arabia,2023-03-19T17:00:00+00:00,Charles LECLERC,Ferrari,MON,50.0,98.36654,93.056,12.355884160849296,,,,2.0,"['SOFT', 'HARD']",12.0,,,,,,,2.0,7,50.0,1h 21m 58.056s ( +43.162s ),6.0,Ferrari
27,8.0,31,50.0,4.0,False,False,False,4927.726,52.832,1142,7779,Race,Jeddah,Saudi Arabia,2023-03-19T17:00:00+00:00,Esteban OCON,Alpine,FRA,50.0,98.56116,93.222,11.723090992688624,,,,2.0,"['MEDIUM', 'HARD']",6.0,,,,,,,2.0,8,50.0,1h 22m 07.726s ( +52.832s ),4.0,Alpine
28,9.0,10,50.0,2.0,False,False,False,4929.641,54.747,1142,7779,Race,Jeddah,Saudi Arabia,2023-03-19T17:00:00+00:00,Pierre GASLY,Alpine,FRA,50.0,98.5978,93.392,11.160184820355344,,,,2.0,"['MEDIUM', 'HARD']",9.0,,,,,,,2.0,9,50.0,1h 22m 09.641s ( +54.747s ),2.0,Alpine
29,10.0,20,50.0,1.0,False,False,False,4939.72,64.826,1142,7779,Race,Jeddah,Saudi Arabia,2023-03-19T17:00:00+00:00,Kevin MAGNUSSEN,Haas F1 Team,DEN,50.0,98.79925999999999,93.374,10.95300742562125,,,,2.0,"['MEDIUM', 'HARD']",13.0,,,,,,,2.0,10,50.0,1h 22m 19.720s ( +1m 04.826s ),1.0,Haas
30,11.0,22,50.0,0.0,False,False,False,4942.388,67.494,1142,7779,Race,Jeddah,Saudi Arabia,2023-03-19T17:00:00+00:00,Yuki TSUNODA,AlphaTauri,JPN,50.0,98.85596,93.931,12.218242299787907,,,,2.0,"['MEDIUM', 'HARD']",16.0,,,,,,,2.0,11,50.0,1h 22m 22.388s ( +1m 07.494s ),0.0,AlphaTauri
31,12.0,27,50.0,0.0,False,False,False,4945.482,70.588,1142,7779,Race,Jeddah,Saudi Arabia,2023-03-19T17:00:00+00:00,Nico HULKENBERG,Haas F1 Team,GER,50.0,98.91582,93.78,10.541761378770577,,,,2.0,"['MEDIUM', 'HARD']",10.0,,,,,,,2.0,12,50.0,1h 22m 25.482s ( +1m 10.588s ),0.0,Haas
32,13.0,24,50.0,0.0,False,False,False,4950.954,76.06,1142,7779,Race,Jeddah,Saudi Arabia,2023-03-19T17:00:00+00:00,ZHOU Guanyu,Alfa Romeo,CHN,50.0,99.02466,93.894,10.709292483366283,,,,3.0,"['MEDIUM', 'HARD']",11.0,,,,,,,,,,,,
33,14.0,21,50.0,0.0,False,False,False,4952.372,77.478,1142,7779,Race,Jeddah,Saudi Arabia,2023-03-19T17:00:00+00:00,Nyck DE VRIES,AlphaTauri,NED,50.0,99.05293999999999,93.609,11.325687109687017,,,,2.0,"['MEDIUM', 'HARD']",18.0,,,,,,,,,,,,
34,15.0,81,50.0,0.0,False,False,False,4959.915,85.021,1142,7779,Race,Jeddah,Saudi Arabia,2023-03-19T17:00:00+00:00,Oscar PIASTRI,McLaren,AUS,50.0,99.20508,94.287,10.723634871190473,,,,2.0,"['MEDIUM', 'HARD']",8.0,,,,,,,2.0,15,50.0,1h 22m 39.915s ( +1m 25.021s ),0.0,McLaren
35,16.0,2,50.0,0.0,False,False,False,4961.187,86.293,1142,7779,Race,Jeddah,Saudi Arabia,2023-03-19T17:00:00+00:00,Logan SARGEANT,Williams,USA,50.0,99.23126,94.469,11.046105960482365,,,,2.0,"['HARD', 'MEDIUM']",20.0,,,,,,,2.0,16,50.0,1h 22m 41.187s ( +1m 26.293s ),0.0,Williams
36,17.0,4,50.0,0.0,False,False,False,4961.339,86.445,1142,7779,Race,Jeddah,Saudi Arabia,2023-03-19T17:00:00+00:00,Lando NORRIS,McLaren,GBR,50.0,99.23248,94.122,10.06614432648532,,,,3.0,"['SOFT', 'HARD', 'MEDIUM']",19.0,,,,,,,2.0,17,50.0,1h 22m 41.339s ( +1m 26.445s ),0.0,McLaren
37,18.0,77,49.0,0.0,False,False,False,,+1 LAP,1142,7779,Race,Jeddah,Saudi Arabia,2023-03-19T17:00:00+00:00,Valtteri BOTTAS,Alfa Romeo,FIN,49.0,100.10087755102042,94.384,10.219180193050091,,,,4.0,"['MEDIUM', 'HARD', 'SOFT']",14.0,,,,,,,2.0,18,49.0,,0.0,Alfa Romeo
38,,23,27.0,0.0,True,False,False,,,1142,7779,Race,Jeddah,Saudi Arabia,2023-03-19T17:00:00+00:00,Alexander ALBON,Williams,THA,28.0,104.67907407407408,95.567,17.78685703400543,,,,2.0,"['MEDIUM', 'HARD']",17.0,,,,,,,2.0,ab,27.0,Brakes,0.0,Williams
39,,18,16.0,0.0,True,False,False,,,1142,7779,Race,Jeddah,Saudi Arabia,2023-03-19T17:00:00+00:00,Lance STROLL,Aston Martin,CAN,17.0,97.3425625,95.14,4.673166335134388,,,,2.0,"['MEDIUM', 'HARD']",5.0,,,,,,,2.0,ab,16.0,Engine,0.0,Aston Martin
40,1.0,1,58.0,25.0,False,False,False,9158.371,0,1143,7787,Race,Melbourne,Australia,2023-04-02T05:00:00+00:00,Max VERSTAPPEN,Red Bull Racing,NED,59.0,157.909,80.342,307.103617834637,,,,4.0,"['MEDIUM', 'HARD', 'SOFT']",1.0,88.80657439446367,328.0,30.657704050478323,12.720455933238346,4721.499185833503,0.003399145125178099,3.0,1,58.0,2h 32m 38.371s ( 120.332 km/h ),25.0,Red Bull
41,2.0,44,58.0,18.0,False,False,False,9158.55,0.179,1143,7787,Race,Melbourne,Australia,2023-04-02T05:00:00+00:00,Lewis HAMILTON,Mercedes,GBR,59.0,157.9120517241379,80.613,309.06291763683043,,,,4.0,"['MEDIUM', 'HARD', 'SOFT']",3.0,90.40891512314268,316.0,34.525686952981886,14.543863220028495,4765.9171382047625,0.002422145328719723,3.0,2,58.0,2h 32m 38.550s ( +00.179s ),18.0,Mercedes
42,3.0,14,58.0,15.0,False,False,False,9159.14,0.769,1143,7787,Race,Melbourne,Australia,2023-04-02T05:00:00+00:00,Fernando ALONSO,Aston Martin,ESP,59.0,157.92218965517242,80.476,302.620429210289,,,,4.0,"['MEDIUM', 'HARD', 'SOFT']",4.0,89.84848361489925,319.0,37.58153877467942,17.693791980460006,4836.2888052106655,0.0052513739059637694,3.0,3,58.0,2h 32m 39.140s ( +00.769s ),15.0,Aston Martin
43,4.0,18,58.0,12.0,False,False,False,9161.453,3.082,1143,7787,Race,Melbourne,Australia,2023-04-02T05:00:00+00:00,Lance STROLL,Aston Martin,CAN,58.0,157.9616551724138,80.934,302.52505618923544,,,,4.0,"['MEDIUM', 'HARD', 'SOFT']",6.0,89.79159373091797,329.0,37.77134133930389,19.695990230002035,4767.024526765724,0.04095257480154692,3.0,4,58.0,2h 32m 41.453s ( +03.082s ),12.0,Aston Martin
44,5.0,11,58.0,11.0,False,False,False,9161.691,3.32,1143,7787,Race,Melbourne,Australia,2023-04-02T05:00:00+00:00,Sergio PEREZ,Red Bull Racing,MEX,58.0,158.41394736842105,80.235,306.77738238160237,,,,6.0,"['HARD', 'MEDIUM', 'SOFT']",20.0,90.16718909016895,341.0,41.93810299206188,23.261469570527172,4762.410054956238,0.023020557704050478,3.0,5,58.0,2h 32m 41.691s ( +03.320s ),11.0,Red Bull
45,6.0,4,58.0,8.0,False,False,False,9162.072,3.701,1143,7787,Race,Melbourne,Australia,2023-04-02T05:00:00+00:00,Lando NORRIS,McLaren,GBR,58.0,157.9715344827586,81.173,303.4246235176863,,,,4.0,"['MEDIUM', 'HARD', 'SOFT']",13.0,,,,,,,3.0,6,58.0,2h 32m 42.072s ( +03.701s ),8.0,McLaren
46,7.0,27,58.0,6.0,False,False,False,9163.31,4.939,1143,7787,Race,Melbourne,Australia,2023-04-02T05:00:00+00:00,Nico HULKENBERG,Haas F1 Team,GER,58.0,157.99291379310344,81.124,303.103831372827,,,,4.0,"['MEDIUM', 'HARD', 'SOFT']",10.0,,,,,,,3.0,7,58.0,2h 32m 43.310s ( +04.939s ),6.0,Haas
47,8.0,81,58.0,4.0,False,False,False,9163.753,5.382,1143,7787,Race,Melbourne,Australia,2023-04-02T05:00:00+00:00,Oscar PIASTRI,McLaren,AUS,58.0,158.00070689655175,81.335,302.3823433020559,,,,5.0,"['MEDIUM', 'HARD', 'SOFT']",16.0,,,,,,,3.0,8,58.0,2h 32m 43.753s ( +05.382s ),4.0,McLaren
48,9.0,24,58.0,2.0,False,False,False,9164.084,5.713,1143,7787,Race,Melbourne,Australia,2023-04-02T05:00:00+00:00,ZHOU Guanyu,Alfa Romeo,CHN,58.0,158.00793103448274,81.819,302.0009302651445,,,,6.0,"['SOFT', 'HARD']",17.0,,,,,,,,,,,,
49,10.0,22,58.0,1.0,False,False,False,9164.423,6.052,1143,7787,Race,Melbourne,Australia,2023-04-02T05:00:00+00:00,Yuki TSUNODA,AlphaTauri,JPN,58.0,158.01222413793104,81.789,301.283337520007,,,,5.0,"['MEDIUM', 'HARD', 'SOFT']",12.0,,,,,,,3.0,10,58.0,2h 32m 44.423s ( +06.052s ),1.0,AlphaTauri
50,11.0,77,58.0,0.0,False,False,False,9164.884,6.513,1143,7787,Race,Melbourne,Australia,2023-04-02T05:00:00+00:00,Valtteri BOTTAS,Alfa Romeo,FIN,58.0,158.38119298245613,82.233,294.9550127391971,,,,7.0,"['SOFT', 'HARD']",19.0,,,,,,,3.0,11,58.0,2h 32m 44.884s ( +06.513s ),0.0,Alfa Romeo
51,12.0,55,58.0,0.0,False,False,False,9164.965,6.594,1143,7787,Race,Melbourne,Australia,2023-04-02T05:00:00+00:00,Carlos SAINZ,Ferrari,ESP,58.0,157.9365,80.467,303.45599796035344,,,,5.0,"['MEDIUM', 'HARD', 'SOFT']",5.0,,,,,,,3.0,12,58.0,2h 32m 44.965s ( +06.594s ),0.0,Ferrari
52,13.0,10,56.0,0.0,True,False,False,,,1143,7787,Race,Melbourne,Australia,2023-04-02T05:00:00+00:00,Pierre GASLY,Alpine,FRA,57.0,125.06760714285714,80.995,180.89400452526974,,,,3.0,"['SOFT', 'HARD']",9.0,,,,,,,3.0,13,56.0,Collision,0.0,Alpine
53,14.0,31,56.0,0.0,True,False,False,,,1143,7787,Race,Melbourne,Australia,2023-04-02T05:00:00+00:00,Esteban OCON,Alpine,FRA,57.0,125.09164285714284,81.203,181.83399999034373,,,,4.0,"['SOFT', 'HARD']",11.0,,,,,,,3.0,14,56.0,Collision,0.0,Alpine
54,15.0,21,56.0,0.0,True,False,False,,,1143,7787,Race,Melbourne,Australia,2023-04-02T05:00:00+00:00,Nyck DE VRIES,AlphaTauri,NED,57.0,125.107375,81.183,155.83439693009342,,,,5.0,"['HARD', 'MEDIUM', 'SOFT']",15.0,,,,,,,,,,,,
55,16.0,2,56.0,0.0,True,False,False,,,1143,7787,Race,Melbourne,Australia,2023-04-02T05:00:00+00:00,Logan SARGEANT,Williams,USA,57.0,125.112,81.456,158.83502712231157,,,,7.0,"['HARD', 'MEDIUM', 'SOFT']",18.0,,,,,,,3.0,16,56.0,Collision,0.0,Williams
56,17.0,20,52.0,0.0,True,False,False,,,1143,7787,Race,Melbourne,Australia,2023-04-02T05:00:00+00:00,Kevin MAGNUSSEN,Haas F1 Team,DEN,53.0,108.3633846153846,81.685,141.80934397891954,,,,3.0,"['MEDIUM', 'HARD']",14.0,,,,,,,3.0,17,52.0,Accident,0.0,Haas
57,,63,17.0,0.0,True,False,False,,,1143,7787,Race,Melbourne,Australia,2023-04-02T05:00:00+00:00,George RUSSELL,Mercedes,GBR,18.0,158.6505294117647,82.68,241.71658479666777,,,,3.0,"['MEDIUM', 'HARD']",2.0,,,,,,,3.0,ab,17.0,Engine,0.0,Mercedes
58,,23,6.0,0.0,True,False,False,,,1143,7787,Race,Melbourne,Australia,2023-04-02T05:00:00+00:00,Alexander ALBON,Williams,THA,7.0,103.03633333333333,83.349,22.764272267451616,,,,1.0,['MEDIUM'],8.0,,,,,,,3.0,ab,6.0,Accident,0.0,Williams
59,,16,0.0,0.0,True,False,False,,,1143,7787,Race,Melbourne,Australia,2023-04-02T05:00:00+00:00,Charles LECLERC,Ferrari,MON,1.0,,,,,,,1.0,['MEDIUM'],7.0,,,,,,,3.0,ab,0.0,Collision,0.0,Ferrari
60,1.0,11,51.0,25.0,False,False,False,5562.436,0,1207,9070,Race,Baku,Azerbaijan,2023-04-30T11:00:00+00:00,Sergio PEREZ,Red Bull Racing,MEX,51.0,109.07413725490196,104.589,13.719662011900452,,,,2.0,"['MEDIUM', 'HARD']",3.0,122.69907356041274,347.0,38.85912015976922,14.096305336735826,6555.742649506269,0.007600133141018529,4.0,1,51.0,1h 32m 42.436s ( 198.074 km/h ),25.0,Red Bull
61,2.0,1,51.0,18.0,False,False,False,5564.573,2.137,1207,9070,Race,Baku,Azerbaijan,2023-04-30T11:00:00+00:00,Max VERSTAPPEN,Red Bull Racing,NED,51.0,109.11625490196079,104.232,13.113023497032458,,,,2.0,"['MEDIUM', 'HARD']",2.0,122.50796072339953,349.0,38.950543659158996,15.807611228225896,6513.981831798514,0.0020248529901253746,4.0,2,51.0,1h 32m 44.573s ( +02.137s ),18.0,Red Bull
62,3.0,16,51.0,15.0,False,False,False,5583.653,21.217,1207,9070,Race,Baku,Azerbaijan,2023-04-30T11:00:00+00:00,Charles LECLERC,Ferrari,MON,51.0,109.49074509803923,104.561,13.247958746679636,,,,2.0,"['MEDIUM', 'HARD']",1.0,125.27205148119383,338.0,51.07949628314657,26.902918007322757,6778.478669699323,0.004132919116831244,4.0,3,51.0,1h 33m 03.653s ( +21.217s ),15.0,Ferrari
63,4.0,14,51.0,12.0,False,False,False,5584.46,22.024,1207,9070,Race,Baku,Azerbaijan,2023-04-30T11:00:00+00:00,Fernando ALONSO,Aston Martin,ESP,51.0,109.50621568627452,104.241,12.660266664353832,,,,2.0,"['MEDIUM', 'HARD']",6.0,124.3638910462665,341.0,38.82319982247864,16.053256407411517,6649.5984966159995,0.0057971818484411405,4.0,4,51.0,1h 33m 04.460s ( +22.024s ),12.0,Aston Martin
64,5.0,55,51.0,10.0,False,False,False,5607.927,45.491,1207,9070,Race,Baku,Azerbaijan,2023-04-30T11:00:00+00:00,Carlos SAINZ,Ferrari,ESP,51.0,109.96690196078431,105.175,12.747732341487097,,,,2.0,"['MEDIUM', 'HARD']",4.0,125.07325529790303,334.0,43.87806501719738,19.64074115166981,6680.388799511817,0.000887606790191945,4.0,5,51.0,1h 33m 27.927s ( +45.491s ),10.0,Ferrari
65,6.0,44,51.0,8.0,False,False,False,5608.581,46.145,1207,9070,Race,Baku,Azerbaijan,2023-04-30T11:00:00+00:00,Lewis HAMILTON,Mercedes,GBR,51.0,109.9792156862745,105.346,10.791453724709621,,,,2.0,"['MEDIUM', 'HARD']",5.0,,,,,,,4.0,6,51.0,1h 33m 28.581s ( +46.145s ),8.0,Mercedes
66,7.0,18,51.0,6.0,False,False,False,5614.053,51.617,1207,9070,Race,Baku,Azerbaijan,2023-04-30T11:00:00+00:00,Lance STROLL,Aston Martin,CAN,51.0,110.08731372549019,105.627,12.331802645988455,,,,2.0,"['MEDIUM', 'HARD']",9.0,,,,,,,4.0,7,51.0,1h 33m 34.053s ( +51.617s ),6.0,Aston Martin
67,8.0,63,51.0,5.0,False,False,False,5636.676,74.24,1207,9070,Race,Baku,Azerbaijan,2023-04-30T11:00:00+00:00,George RUSSELL,Mercedes,GBR,51.0,110.53062745098039,103.37,12.273609747683498,,,,3.0,"['MEDIUM', 'HARD', 'SOFT']",11.0,,,,,,,4.0,8,51.0,1h 33m 56.676s ( +1m 14.240s ),5.0,Mercedes
68,9.0,4,51.0,2.0,False,False,False,5642.812,80.376,1207,9070,Race,Baku,Azerbaijan,2023-04-30T11:00:00+00:00,Lando NORRIS,McLaren,GBR,51.0,110.65027450980392,105.738,10.211013605080414,,,,2.0,"['MEDIUM', 'HARD']",7.0,,,,,,,4.0,9,51.0,1h 34m 02.812s ( +1m 20.376s ),2.0,McLaren
69,10.0,22,51.0,1.0,False,False,False,5646.298,83.862,1207,9070,Race,Baku,Azerbaijan,2023-04-30T11:00:00+00:00,Yuki TSUNODA,AlphaTauri,JPN,51.0,110.71941176470587,105.727,9.636327190743305,,,,2.0,"['MEDIUM', 'HARD']",8.0,,,,,,,4.0,10,51.0,1h 34m 06.298s ( +1m 23.862s ),1.0,AlphaTauri
70,11.0,81,51.0,0.0,False,False,False,5648.937,86.501,1207,9070,Race,Baku,Azerbaijan,2023-04-30T11:00:00+00:00,Oscar PIASTRI,McLaren,AUS,51.0,110.77080392156863,105.631,9.425396702568236,,,,2.0,"['MEDIUM', 'HARD']",10.0,,,,,,,4.0,11,51.0,1h 34m 08.937s ( +1m 26.501s ),0.0,McLaren
71,12.0,23,51.0,0.0,False,False,False,5651.059,88.623,1207,9070,Race,Baku,Azerbaijan,2023-04-30T11:00:00+00:00,Alexander ALBON,Williams,THA,51.0,110.8121568627451,105.925,9.321505694623703,,,,2.0,"['MEDIUM', 'HARD']",12.0,,,,,,,4.0,12,51.0,1h 34m 11.059s ( +1m 28.623s ),0.0,Williams
72,13.0,20,51.0,0.0,False,False,False,5652.165,89.729,1207,9070,Race,Baku,Azerbaijan,2023-04-30T11:00:00+00:00,Kevin MAGNUSSEN,Haas F1 Team,DEN,51.0,110.83478431372548,105.85,11.402834848078307,,,,2.0,"['MEDIUM', 'HARD']",16.0,,,,,,,4.0,13,51.0,1h 34m 12.165s ( +1m 29.729s ),0.0,Haas
73,14.0,10,51.0,0.0,False,False,False,5653.768,91.332,1207,9070,Race,Baku,Azerbaijan,2023-04-30T11:00:00+00:00,Pierre GASLY,Alpine,FRA,51.0,110.8651568627451,105.54,9.572216038875325,,,,3.0,"['MEDIUM', 'HARD']",17.0,,,,,,,4.0,14,51.0,1h 34m 13.768s ( +1m 31.332s ),0.0,Alpine
74,15.0,31,51.0,0.0,False,False,False,5660.23,97.794,1207,9070,Race,Baku,Azerbaijan,2023-04-30T11:00:00+00:00,Esteban OCON,Alpine,FRA,51.0,110.75458,105.908,10.464449594211628,,,,2.0,"['HARD', 'SOFT']",19.0,,,,,,,4.0,15,51.0,1h 34m 20.230s ( +1m 37.794s ),0.0,Alpine
75,16.0,2,51.0,0.0,False,False,False,5663.379,100.943,1207,9070,Race,Baku,Azerbaijan,2023-04-30T11:00:00+00:00,Logan SARGEANT,Williams,USA,51.0,111.0543725490196,106.501,9.205050315909805,,,,2.0,"['MEDIUM', 'HARD']",14.0,,,,,,,4.0,16,51.0,1h 34m 23.379s ( +1m 40.943s ),0.0,Williams
76,17.0,27,50.0,0.0,False,False,False,,+1 LAP,1207,9070,Race,Baku,Azerbaijan,2023-04-30T11:00:00+00:00,Nico HULKENBERG,Haas F1 Team,GER,50.0,111.21938775510205,106.731,10.570712304161294,,,,2.0,"['HARD', 'SOFT']",20.0,,,,,,,4.0,17,50.0,,0.0,Haas
77,18.0,77,50.0,0.0,False,False,False,,+1 LAP,1207,9070,Race,Baku,Azerbaijan,2023-04-30T11:00:00+00:00,Valtteri BOTTAS,Alfa Romeo,FIN,50.0,111.63792,106.304,9.202508699306746,,,,4.0,"['MEDIUM', 'HARD']",13.0,,,,,,,4.0,18,50.0,,0.0,Alfa Romeo
78,,24,36.0,0.0,True,False,False,,,1207,9070,Race,Baku,Azerbaijan,2023-04-30T11:00:00+00:00,ZHOU Guanyu,Alfa Romeo,CHN,37.0,112.85525000000001,107.553,12.506681954345158,,,,2.0,"['MEDIUM', 'HARD']",15.0,,,,,,,,,,,,
79,,21,9.0,0.0,True,False,False,,,1207,9070,Race,Baku,Azerbaijan,2023-04-30T11:00:00+00:00,Nyck DE VRIES,AlphaTauri,NED,10.0,110.66744444444444,108.781,4.059027965877772,,,,1.0,['HARD'],18.0,,,,,,,,,,,,
80,1.0,1,57.0,26.0,False,False,False,5258.241,0,1208,9078,Race,Miami,United States,2023-05-07T19:30:00+00:00,Max VERSTAPPEN,Red Bull Racing,NED,58.0,92.25661403508772,89.708,2.539947129331534,,,,2.0,"['HARD', 'MEDIUM']",9.0,128.61345401593238,350.0,43.250492533478,17.519344430802615,6334.603831767696,0.015703965965222853,5.0,1.0,57.0,1h 27m 38.241s ( 211.092 km/h ),26.0,Red Bull
81,2.0,11,57.0,18.0,False,False,False,5263.625,5.384,1208,9078,Race,Miami,United States,2023-05-07T19:30:00+00:00,Sergio PEREZ,Red Bull Racing,MEX,57.0,92.35082456140351,90.56,2.3356091750701085,,,,2.0,"['MEDIUM', 'HARD']",1.0,128.70499386117694,340.0,43.43928275704537,15.503412043514261,6309.178996659338,0.0019130285812180568,5.0,2.0,57.0,1h 27m 43.625s ( +05.384s ),18.0,Red Bull
82,3.0,14,57.0,15.0,False,False,False,5284.546,26.305,1208,9078,Race,Miami,United States,2023-05-07T19:30:00+00:00,Fernando ALONSO,Aston Martin,ESP,57.0,92.71905263157895,90.519,2.2873504589765963,,,,2.0,"['MEDIUM', 'HARD']",2.0,126.42115181452189,333.0,45.358393055991776,19.36647346029752,6394.527481940439,0.007280929674785141,5.0,3.0,57.0,1h 28m 04.546s ( +26.305s ),15.0,Aston Martin
83,4.0,63,57.0,12.0,False,False,False,5291.47,33.229,1208,9078,Race,Miami,United States,2023-05-07T19:30:00+00:00,George RUSSELL,Mercedes,GBR,57.0,92.83942105263158,91.015,2.4854806372450993,,,,2.0,"['MEDIUM', 'HARD']",6.0,128.6636496016903,344.0,47.65848156925449,19.8514119293036,6456.8668303686145,0.024869371555834737,5.0,4.0,57.0,1h 28m 11.470s ( +33.229s ),12.0,Mercedes
84,5.0,55,57.0,10.0,False,False,False,5300.752,42.511,1208,9078,Race,Miami,United States,2023-05-07T19:30:00+00:00,Carlos SAINZ,Ferrari,ESP,57.0,92.91450877192983,91.362,2.2110113484460916,,,,2.0,"['MEDIUM', 'HARD']",3.0,128.6653342089484,341.0,48.735116923164775,22.308540102218544,6509.830768352225,0.038603203609056905,5.0,5.0,57.0,1h 28m 20.752s ( +42.511s ),10.0,Ferrari
85,6.0,44,57.0,8.0,False,False,False,5309.49,51.249,1208,9078,Race,Miami,United States,2023-05-07T19:30:00+00:00,Lewis HAMILTON,Mercedes,GBR,57.0,93.15410526315789,90.669,2.5718204272752736,,,,2.0,"['HARD', 'MEDIUM']",13.0,,,,,,,5.0,6.0,57.0,1h 28m 29.490s ( +51.249s ),8.0,Mercedes
86,7.0,16,57.0,6.0,False,False,False,5311.229,52.988,1208,9078,Race,Miami,United States,2023-05-07T19:30:00+00:00,Charles LECLERC,Ferrari,MON,57.0,93.1839298245614,91.434,2.5150590795364702,,,,2.0,"['MEDIUM', 'HARD']",7.0,,,,,,,5.0,7.0,57.0,1h 28m 31.229s ( +52.988s ),6.0,Ferrari
87,8.0,10,57.0,4.0,False,False,False,5313.911,55.67,1208,9078,Race,Miami,United States,2023-05-07T19:30:00+00:00,Pierre GASLY,Alpine,FRA,57.0,93.23340350877193,91.971,2.3921192625820313,,,,2.0,"['MEDIUM', 'HARD']",5.0,,,,,,,5.0,8.0,57.0,1h 28m 33.911s ( +55.670s ),4.0,Alpine
88,9.0,31,57.0,2.0,False,False,False,5316.364,58.123,1208,9078,Race,Miami,United States,2023-05-07T19:30:00+00:00,Esteban OCON,Alpine,FRA,57.0,93.27673684210527,91.143,2.36620917839904,,,,2.0,"['HARD', 'MEDIUM']",8.0,,,,,,,5.0,9.0,57.0,1h 28m 36.364s ( +58.123s ),2.0,Alpine
89,10.0,20,57.0,1.0,False,False,False,5321.186,62.945,1208,9078,Race,Miami,United States,2023-05-07T19:30:00+00:00,Kevin MAGNUSSEN,Haas F1 Team,DEN,57.0,93.36043859649124,91.691,2.411067287512373,,,,2.0,"['MEDIUM', 'HARD']",4.0,,,,,,,5.0,10.0,57.0,1h 28m 41.186s ( +1m 02.945s ),1.0,Haas
90,11.0,22,57.0,0.0,False,False,False,5322.55,64.309,1208,9078,Race,Miami,United States,2023-05-07T19:30:00+00:00,Yuki TSUNODA,AlphaTauri,JPN,57.0,93.38270175438598,91.038,2.6964884503799693,,,,2.0,"['HARD', 'MEDIUM']",17.0,,,,,,,5.0,11.0,57.0,1h 28m 42.550s ( +1m 04.309s ),0.0,AlphaTauri
91,12.0,18,57.0,0.0,False,False,False,5322.995,64.754,1208,9078,Race,Miami,United States,2023-05-07T19:30:00+00:00,Lance STROLL,Aston Martin,CAN,57.0,93.39259649122806,90.862,2.8061022398875215,,,,2.0,"['HARD', 'MEDIUM']",18.0,,,,,,,5.0,12.0,57.0,1h 28m 42.995s ( +1m 04.754s ),0.0,Aston Martin
92,13.0,77,57.0,0.0,False,False,False,5329.878,71.637,1208,9078,Race,Miami,United States,2023-05-07T19:30:00+00:00,Valtteri BOTTAS,Alfa Romeo,FIN,57.0,93.51373684210527,91.838,2.580853025692393,,,,2.0,"['MEDIUM', 'HARD']",10.0,,,,,,,5.0,13.0,57.0,1h 28m 49.878s ( +1m 11.637s ),0.0,Alfa Romeo
93,14.0,23,57.0,0.0,False,False,False,5331.102,72.861,1208,9078,Race,Miami,United States,2023-05-07T19:30:00+00:00,Alexander ALBON,Williams,THA,57.0,93.53436842105263,91.852,2.6375977546649363,,,,2.0,"['MEDIUM', 'HARD']",11.0,,,,,,,5.0,14.0,57.0,1h 28m 51.102s ( +1m 12.861s ),0.0,Williams
94,15.0,27,57.0,0.0,False,False,False,5333.191,74.95,1208,9078,Race,Miami,United States,2023-05-07T19:30:00+00:00,Nico HULKENBERG,Haas F1 Team,GER,57.0,93.56989473684212,90.901,2.681564746322895,,,,2.0,"['HARD', 'MEDIUM']",12.0,,,,,,,5.0,15.0,57.0,1h 28m 53.191s ( +1m 14.950s ),0.0,Haas
95,16.0,24,57.0,0.0,False,False,False,5336.681,78.44,1208,9078,Race,Miami,United States,2023-05-07T19:30:00+00:00,ZHOU Guanyu,Alfa Romeo,CHN,57.0,93.63229824561404,91.736,2.8219911597823515,,,,2.0,"['HARD', 'MEDIUM']",14.0,,,,,,,,,,,,
96,17.0,4,57.0,0.0,False,False,False,5345.958,87.717,1208,9078,Race,Miami,United States,2023-05-07T19:30:00+00:00,Lando NORRIS,McLaren,GBR,57.0,93.7958245614035,92.401,3.124684773374334,,,,2.0,"['SOFT', 'HARD']",16.0,,,,,,,5.0,17.0,57.0,1h 29m 05.958s ( +1m 27.717s ),0.0,McLaren
97,18.0,21,57.0,0.0,False,False,False,5347.19,88.949,1208,9078,Race,Miami,United States,2023-05-07T19:30:00+00:00,Nyck DE VRIES,AlphaTauri,NED,57.0,93.81652631578947,91.562,3.1927545099650585,,,,2.0,"['MEDIUM', 'HARD']",15.0,,,,,,,,,,,,
98,19.0,81,56.0,0.0,False,False,False,,+1 LAP,1208,9078,Race,Miami,United States,2023-05-07T19:30:00+00:00,Oscar PIASTRI,McLaren,AUS,56.0,94.26969642857144,92.006,2.645152904462611,,,,2.0,"['SOFT', 'HARD']",19.0,,,,,,,5.0,19.0,56.0,,0.0,McLaren
99,20.0,2,56.0,0.0,False,False,False,,+1 LAP,1208,9078,Race,Miami,United States,2023-05-07T19:30:00+00:00,Logan SARGEANT,Williams,USA,56.0,94.51603571428572,92.384,5.990089090138161,,,,2.0,"['MEDIUM', 'HARD']",20.0,,,,,,,5.0,20.0,56.0,,0.0,Williams
100,1.0,1,78.0,25.0,False,False,False,6531.98,0,1210,9094,Race,Monte Carlo,Monaco,2023-05-28T13:00:00+00:00,Max VERSTAPPEN,Red Bull Racing,NED,79.0,83.74789743589744,76.604,10.306463177836372,,,,2.0,"['MEDIUM', 'INTERMEDIATE']",1.0,91.69891206256894,274.0,29.169833550586585,21.63310939536749,6001.336358167051,0.0,7.0,1.0,66.0,1h 27m 57.940s ( 209.561 km/h ),26.0,Red Bull
101,2.0,14,78.0,18.0,False,False,False,6559.901,27.921,1210,9094,Race,Monte Carlo,Monaco,2023-05-28T13:00:00+00:00,Fernando ALONSO,Aston Martin,ESP,78.0,84.10555128205128,76.674,10.381023094298026,,,,3.0,"['HARD', 'MEDIUM', 'INTERMEDIATE']",2.0,91.88092850696881,289.0,31.468840870349943,23.34041913165547,6018.524817005916,0.001153113406196731,7.0,7.0,66.0,1h 29m 02.067s ( +1m 04.127s ),6.0,Aston Martin
102,3.0,31,78.0,15.0,False,False,False,6568.97,36.99,1210,9094,Race,Monte Carlo,Monaco,2023-05-28T13:00:00+00:00,Esteban OCON,Alpine,FRA,78.0,84.22219230769231,76.528,9.605249710522806,,,,3.0,"['MEDIUM', 'HARD', 'INTERMEDIATE']",3.0,93.91687556402286,287.0,28.950015040609646,24.42414519201845,6092.191993382132,0.0,7.0,8.0,66.0,1h 29m 07.182s ( +1m 09.242s ),4.0,Alpine
103,4.0,44,78.0,13.0,False,False,False,6571.042,39.062,1210,9094,Race,Monte Carlo,Monaco,2023-05-28T13:00:00+00:00,Lewis HAMILTON,Mercedes,GBR,78.0,84.24844871794872,75.65,9.613101827406659,,,,3.0,"['MEDIUM', 'HARD', 'INTERMEDIATE']",5.0,92.79309134663592,288.0,34.6667251579264,26.42605033590695,5801.718389652061,0.000501353654868144,7.0,2.0,66.0,1h 28m 22.030s ( +24.090s ),18.0,Mercedes
104,5.0,63,78.0,10.0,False,False,False,6588.264,56.284,1210,9094,Race,Monte Carlo,Monaco,2023-05-28T13:00:00+00:00,George RUSSELL,Mercedes,GBR,78.0,84.40547435897436,76.798,9.945008965180262,,,,2.0,"['HARD', 'INTERMEDIATE']",8.0,92.52444099067482,288.0,33.56966309034393,25.649754336709115,6076.1125538955175,0.0004762859721247368,7.0,3.0,66.0,1h 28m 30.329s ( +32.389s ),15.0,Mercedes
105,6.0,16,78.0,8.0,False,False,False,6593.87,61.89,1210,9094,Race,Monte Carlo,Monaco,2023-05-28T13:00:00+00:00,Charles LECLERC,Ferrari,MON,78.0,84.54141025641026,75.773,10.228294847717358,,,,3.0,"['HARD', 'MEDIUM', 'INTERMEDIATE']",6.0,,,,,,,7.0,11.0,66.0,1h 29m 12.359s ( +1m 14.419s ),0.0,Ferrari
106,7.0,10,78.0,6.0,False,False,False,6594.342,62.362,1210,9094,Race,Monte Carlo,Monaco,2023-05-28T13:00:00+00:00,Pierre GASLY,Alpine,FRA,78.0,84.54747435897436,75.831,9.924836677938305,,,,3.0,"['HARD', 'MEDIUM', 'INTERMEDIATE']",7.0,,,,,,,7.0,10.0,66.0,1h 29m 11.470s ( +1m 13.530s ),1.0,Alpine
107,8.0,55,78.0,4.0,False,False,False,6595.371,63.391,1210,9094,Race,Monte Carlo,Monaco,2023-05-28T13:00:00+00:00,Carlos SAINZ,Ferrari,ESP,78.0,84.56044871794872,76.449,10.788985561459803,,,,3.0,"['HARD', 'MEDIUM', 'INTERMEDIATE']",4.0,,,,,,,7.0,5.0,66.0,1h 28m 43.638s ( +45.698s ),10.0,Ferrari
108,9.0,4,77.0,2.0,False,False,False,,+1 LAP,1210,9094,Race,Monte Carlo,Monaco,2023-05-28T13:00:00+00:00,Lando NORRIS,McLaren,GBR,77.0,84.88848051948051,77.844,9.767751232890907,,,,3.0,"['MEDIUM', 'HARD', 'INTERMEDIATE']",10.0,,,,,,,7.0,17.0,65.0,,0.0,McLaren
109,10.0,81,77.0,1.0,False,False,False,,+1 LAP,1210,9094,Race,Monte Carlo,Monaco,2023-05-28T13:00:00+00:00,Oscar PIASTRI,McLaren,AUS,77.0,85.01837662337662,77.513,10.086200087820574,,,,2.0,"['HARD', 'INTERMEDIATE']",11.0,,,,,,,7.0,13.0,65.0,,0.0,McLaren
110,11.0,77,77.0,0.0,False,False,False,,+1 LAP,1210,9094,Race,Monte Carlo,Monaco,2023-05-28T13:00:00+00:00,Valtteri BOTTAS,Alfa Romeo,FIN,77.0,85.211,77.824,8.746080431887902,,,,2.0,"['HARD', 'INTERMEDIATE']",15.0,,,,,,,7.0,19.0,65.0,,0.0,Alfa Romeo
111,12.0,21,77.0,0.0,False,False,False,,+1 LAP,1210,9094,Race,Monte Carlo,Monaco,2023-05-28T13:00:00+00:00,Nyck DE VRIES,AlphaTauri,NED,77.0,85.57980519480519,77.561,9.897952968907745,,,,2.0,"['MEDIUM', 'INTERMEDIATE']",12.0,,,,,,,,,,,,
112,13.0,24,77.0,0.0,False,False,False,,+1 LAP,1210,9094,Race,Monte Carlo,Monaco,2023-05-28T13:00:00+00:00,ZHOU Guanyu,Alfa Romeo,CHN,77.0,85.76825974025974,76.926,10.239478002991772,,,,3.0,"['SOFT', 'HARD', 'INTERMEDIATE']",19.0,,,,,,,,,,,,
113,14.0,23,77.0,0.0,False,False,False,,+1 LAP,1210,9094,Race,Monte Carlo,Monaco,2023-05-28T13:00:00+00:00,Alexander ALBON,Williams,THA,77.0,85.86438961038961,76.672,9.87128676776586,,,,3.0,"['MEDIUM', 'HARD', 'INTERMEDIATE']",13.0,,,,,,,7.0,16.0,65.0,,0.0,Williams
114,15.0,22,76.0,0.0,False,False,False,,+2 LAPS,1210,9094,Race,Monte Carlo,Monaco,2023-05-28T13:00:00+00:00,Yuki TSUNODA,AlphaTauri,JPN,76.0,86.05084210526316,77.68,11.95403777368706,,,,2.0,"['MEDIUM', 'INTERMEDIATE']",9.0,,,,,,,7.0,12.0,66.0,1h 29m 13.356s ( +1m 15.416s ),0.0,AlphaTauri
115,16.0,11,76.0,0.0,False,False,False,,+2 LAPS,1210,9094,Race,Monte Carlo,Monaco,2023-05-28T13:00:00+00:00,Sergio PEREZ,Red Bull Racing,MEX,76.0,86.59663157894737,76.269,12.10517228828747,,,,6.0,"['MEDIUM', 'HARD', 'INTERMEDIATE', 'WET']",20.0,,,,,,,7.0,4.0,66.0,1h 28m 33.752s ( +35.812s ),12.0,Red Bull
116,17.0,27,76.0,0.0,False,False,False,,+2 LAPS,1210,9094,Race,Monte Carlo,Monaco,2023-05-28T13:00:00+00:00,Nico HULKENBERG,Haas F1 Team,GER,76.0,86.5911052631579,76.991,12.127813218195548,,,,4.0,"['MEDIUM', 'HARD', 'INTERMEDIATE', 'WET']",18.0,,,,,,,7.0,15.0,65.0,,0.0,Haas
117,18.0,2,76.0,0.0,False,False,False,,+2 LAPS,1210,9094,Race,Monte Carlo,Monaco,2023-05-28T13:00:00+00:00,Logan SARGEANT,Williams,USA,76.0,86.91067105263159,77.302,10.830289821161339,,,,4.0,"['MEDIUM', 'HARD', 'SOFT', 'INTERMEDIATE']",16.0,,,,,,,7.0,20.0,65.0,,0.0,Williams
118,19.0,20,70.0,0.0,True,False,False,,,1210,9094,Race,Monte Carlo,Monaco,2023-05-28T13:00:00+00:00,Kevin MAGNUSSEN,Haas F1 Team,DEN,71.0,87.95801428571428,78.351,18.107809395030344,,,,2.0,"['HARD', 'WET']",17.0,,,,,,,7.0,18.0,65.0,,0.0,Haas
119,,18,53.0,0.0,True,False,False,,,1210,9094,Race,Monte Carlo,Monaco,2023-05-28T13:00:00+00:00,Lance STROLL,Aston Martin,CAN,54.0,80.78924528301887,77.769,5.2647646704134,,,,2.0,"['HARD', 'INTERMEDIATE']",14.0,,,,,,,7.0,6.0,66.0,1h 29m 01.260s ( +1m 03.320s ),8.0,Aston Martin
120,1.0,1,70.0,25.0,False,False,False,5638.348,0,1212,9110,Race,Montreal,Canada,2023-06-18T18:00:00+00:00,Max VERSTAPPEN,Red Bull Racing,NED,71.0,80.55292857142857,75.594,13.366293101854351,2.0,47.5,23.75,3.0,"['MEDIUM', 'HARD']",1.0,120.42083321905598,332.0,44.53394037464688,18.48660212281616,6425.522256657799,0.0015358876607882396,9.0,1,71.0,1h 25m 33.607s ( 214.903 km/h ),26.0,Red Bull
121,2.0,14,70.0,18.0,False,False,False,5647.918,9.57,1212,9110,Race,Montreal,Canada,2023-06-18T18:00:00+00:00,Fernando ALONSO,Aston Martin,ESP,70.0,80.68965714285714,75.779,12.742168948178868,2.0,47.9,23.95,3.0,"['MEDIUM', 'HARD']",2.0,120.23836427964126,330.0,44.705274128520884,19.86429335454321,6426.099668138559,0.027234579413620032,9.0,5,71.0,1h 26m 03.924s ( +30.317s ),10.0,Aston Martin
122,3.0,44,70.0,15.0,False,False,False,5652.516,14.168,1212,9110,Race,Montreal,Canada,2023-06-18T18:00:00+00:00,Lewis HAMILTON,Mercedes,GBR,70.0,80.75567142857143,75.396,12.733822144105925,2.0,48.0,24.0,3.0,"['MEDIUM', 'HARD']",3.0,122.06925207756233,324.0,47.41839225473794,21.3635391239955,6397.706864869312,0.0024135377526672335,9.0,8,71.0,1h 26m 22.803s ( +49.196s ),4.0,Mercedes
123,4.0,16,70.0,12.0,False,False,False,5656.996,18.648,1212,9110,Race,Montreal,Canada,2023-06-18T18:00:00+00:00,Charles LECLERC,Ferrari,MON,70.0,80.81955714285714,75.907,12.118751023362625,1.0,24.3,24.3,2.0,"['MEDIUM', 'HARD']",10.0,120.3229478072461,344.0,46.88990976659993,22.34551987054661,6680.911220207893,0.018759770713913496,9.0,2,71.0,1h 25m 38.762s ( +05.155s ),18.0,Ferrari
124,5.0,55,70.0,10.0,False,False,False,5659.888,21.54,1212,9110,Race,Montreal,Canada,2023-06-18T18:00:00+00:00,Carlos SAINZ,Ferrari,ESP,70.0,80.85954285714286,75.911,12.067621006002522,1.0,24.1,24.1,2.0,"['MEDIUM', 'HARD']",11.0,120.47053015550863,338.0,46.14453799950632,21.974383587943283,6563.410904802392,0.03247305339952278,9.0,6,71.0,1h 26m 04.984s ( +31.377s ),8.0,Ferrari
125,6.0,11,70.0,9.0,False,False,False,5689.376,51.028,1212,9110,Race,Montreal,Canada,2023-06-18T18:00:00+00:00,Sergio PEREZ,Red Bull Racing,MEX,70.0,81.28238571428571,74.481,12.061047189727617,2.0,46.4,23.2,3.0,"['HARD', 'MEDIUM', 'SOFT']",12.0,,,,,,,9.0,3,71.0,1h 25m 50.795s ( +17.188s ),15.0,Red Bull
126,7.0,23,70.0,6.0,False,False,False,5699.161,60.813,1212,9110,Race,Montreal,Canada,2023-06-18T18:00:00+00:00,Alexander ALBON,Williams,THA,70.0,81.42167142857143,76.917,11.335577786775644,1.0,25.0,25.0,2.0,"['MEDIUM', 'HARD']",9.0,,,,,,,9.0,11,71.0,1h 26m 53.374s ( +1m 19.767s ),0.0,Williams
127,8.0,31,70.0,4.0,False,False,False,5700.04,61.692,1212,9110,Race,Montreal,Canada,2023-06-18T18:00:00+00:00,Esteban OCON,Alpine,FRA,70.0,81.43438571428571,76.782,12.00794765108082,2.0,48.0,24.0,3.0,"['MEDIUM', 'HARD']",6.0,,,,,,,9.0,14,70.0,,0.0,Alpine
128,9.0,18,70.0,2.0,False,False,False,5702.75,64.402,1212,9110,Race,Montreal,Canada,2023-06-18T18:00:00+00:00,Lance STROLL,Aston Martin,CAN,70.0,81.47184285714285,76.564,10.979979285949305,2.0,47.5,23.75,3.0,"['MEDIUM', 'HARD']",16.0,,,,,,,9.0,9,71.0,1h 26m 32.650s ( +59.043s ),2.0,Aston Martin
129,10.0,77,70.0,1.0,False,False,False,5702.78,64.432,1212,9110,Race,Montreal,Canada,2023-06-18T18:00:00+00:00,Valtteri BOTTAS,Alfa Romeo,FIN,70.0,81.47327142857142,76.625,11.686727411552196,1.0,24.0,24.0,2.0,"['HARD', 'MEDIUM']",14.0,,,,,,,9.0,15,70.0,,0.0,Alfa Romeo
130,11.0,81,70.0,0.0,False,False,False,5703.449,65.101,1212,9110,Race,Montreal,Canada,2023-06-18T18:00:00+00:00,Oscar PIASTRI,McLaren,AUS,70.0,81.48282857142857,76.598,11.76647725713393,2.0,48.2,24.1,3.0,"['MEDIUM', 'HARD']",8.0,,,,,,,9.0,16,70.0,,0.0,McLaren
131,12.0,10,70.0,0.0,False,False,False,5703.597,65.249,1212,9110,Race,Montreal,Canada,2023-06-18T18:00:00+00:00,Pierre GASLY,Alpine,FRA,70.0,81.48389999999999,76.425,10.757149527006534,2.0,51.6,25.8,3.0,"['SOFT', 'HARD']",15.0,,,,,,,9.0,10,71.0,1h 26m 41.274s ( +1m 07.667s ),1.0,Alpine
132,13.0,4,70.0,0.0,False,False,False,5706.711,68.363,1212,9110,Race,Montreal,Canada,2023-06-18T18:00:00+00:00,Lando NORRIS,McLaren,GBR,70.0,81.45807142857143,76.374,11.48968612141938,2.0,49.3,24.65,3.0,"['MEDIUM', 'HARD']",7.0,,,,,,,9.0,4,71.0,1h 25m 59.934s ( +26.327s ),12.0,McLaren
133,14.0,22,70.0,0.0,False,False,False,5711.771,73.423,1212,9110,Race,Montreal,Canada,2023-06-18T18:00:00+00:00,Yuki TSUNODA,AlphaTauri,JPN,70.0,81.60171428571428,76.666,11.401077320240919,2.0,51.1,25.55,3.0,"['MEDIUM', 'HARD']",19.0,,,,,,,9.0,19,70.0,,0.0,AlphaTauri
134,15.0,27,69.0,0.0,False,False,False,,+1 LAP,1212,9110,Race,Montreal,Canada,2023-06-18T18:00:00+00:00,Nico HULKENBERG,Haas F1 Team,GER,69.0,81.96623188405798,77.232,10.935622555699936,2.0,49.0,24.5,3.0,"['MEDIUM', 'HARD']",5.0,,,,,,,9.0,ab,12.0,Engine,0.0,Haas
135,16.0,24,69.0,0.0,False,False,False,,+1 LAP,1212,9110,Race,Montreal,Canada,2023-06-18T18:00:00+00:00,ZHOU Guanyu,Alfa Romeo,CHN,69.0,81.97123188405797,77.09,11.23649450274173,2.0,51.6,25.8,3.0,"['MEDIUM', 'HARD']",20.0,,,,,,,,,,,,
136,17.0,20,69.0,0.0,False,False,False,,+1 LAP,1212,9110,Race,Montreal,Canada,2023-06-18T18:00:00+00:00,Kevin MAGNUSSEN,Haas F1 Team,DEN,69.0,82.73872463768116,76.126,13.689605332991176,2.0,49.4,24.7,3.0,"['HARD', 'MEDIUM']",13.0,,,,,,,9.0,18,70.0,,0.0,Haas
137,18.0,21,69.0,0.0,False,False,False,,+1 LAP,1212,9110,Race,Montreal,Canada,2023-06-18T18:00:00+00:00,Nyck DE VRIES,AlphaTauri,NED,69.0,82.8068695652174,76.656,12.697682137851496,2.0,48.599999999999994,24.299999999999997,3.0,"['MEDIUM', 'HARD']",17.0,,,,,,,,,,,,
138,,63,53.0,0.0,True,False,False,,,1212,9110,Race,Montreal,Canada,2023-06-18T18:00:00+00:00,George RUSSELL,Mercedes,GBR,54.0,82.79628301886791,77.097,20.41890167917326,1.0,88.9,88.9,2.0,"['MEDIUM', 'HARD']",4.0,,,,,,,9.0,7,71.0,1h 26m 22.010s ( +48.403s ),6.0,Mercedes
139,,2,6.0,0.0,True,False,False,,,1212,9110,Race,Montreal,Canada,2023-06-18T18:00:00+00:00,Logan SARGEANT,Williams,USA,7.0,81.73816666666666,78.437,5.761947497736049,,,,1.0,['MEDIUM'],18.0,,,,,,,9.0,13,70.0,,0.0,Williams
140,1.0,1,71.0,26.0,False,False,False,5133.607,0,1213,9118,Race,Spielberg,Austria,2023-07-02T13:00:00+00:00,Max VERSTAPPEN,Red Bull Racing,NED,72.0,72.30897183098591,67.012,9.529986532701969,4.0,80.5,20.125,5.0,"['MEDIUM', 'HARD', 'SOFT']",1.0,128.2647525101286,323.0,45.4863484234631,18.22194821208385,6322.932945804709,0.009335916857495156,10.0,1,52.0,1h 25m 16.938s ( 215.424 km/h ),26.0,Red Bull
141,2.0,16,71.0,18.0,False,False,False,5138.762,5.155,1213,9118,Race,Spielberg,Austria,2023-07-02T13:00:00+00:00,Charles LECLERC,Ferrari,MON,71.0,72.38188732394366,68.82,9.218560953004838,3.0,61.099999999999994,20.366666666666664,4.0,"['MEDIUM', 'HARD']",2.0,128.7837472843638,314.0,57.15427749398156,27.44876989020022,6492.930479713464,0.002378016558041219,10.0,9,52.0,1h 25m 35.627s ( +18.689s ),2.0,Ferrari
142,3.0,11,71.0,15.0,False,False,False,5150.795,17.188,1213,9118,Race,Spielberg,Austria,2023-07-02T13:00:00+00:00,Sergio PEREZ,Red Bull Racing,MEX,71.0,72.55098591549296,68.111,8.717720215569075,3.0,60.2,20.066666666666666,4.0,"['MEDIUM', 'HARD']",15.0,128.34161235394282,331.0,39.30952380952381,12.443544125418354,6354.025042569432,0.040396923257589104,10.0,6,52.0,1h 25m 29.820s ( +12.882s ),8.0,Red Bull
143,4.0,4,71.0,12.0,False,False,False,5159.934,26.327,1213,9118,Race,Spielberg,Austria,2023-07-02T13:00:00+00:00,Lando NORRIS,McLaren,GBR,71.0,72.6802676056338,68.739,9.293538163627057,3.0,61.2,20.400000000000002,4.0,"['MEDIUM', 'HARD']",4.0,128.56966707768188,320.0,46.346632611120896,19.58757559743996,6658.562092654571,0.05349069344137162,10.0,2,52.0,1h 25m 20.736s ( +03.798s ),18.0,McLaren
144,5.0,14,71.0,10.0,False,False,False,5163.924,30.317,1213,9118,Race,Spielberg,Austria,2023-07-02T13:00:00+00:00,Fernando ALONSO,Aston Martin,ESP,71.0,72.73611267605634,69.108,8.746066916129122,3.0,60.8,20.266666666666666,4.0,"['HARD', 'MEDIUM']",7.0,128.32156068345958,315.0,41.91307028360049,13.254888145147085,6424.4362926428275,0.006135869884328577,10.0,7,52.0,1h 25m 34.131s ( +17.193s ),6.0,Aston Martin
145,6.0,55,71.0,8.0,False,False,False,5164.984,31.377,1213,9118,Race,Spielberg,Austria,2023-07-02T13:00:00+00:00,Carlos SAINZ,Ferrari,ESP,71.0,72.61040845070423,68.88,9.394086821852293,3.0,71.0,23.666666666666668,4.0,"['MEDIUM', 'HARD']",3.0,,,,,,,10.0,10,52.0,1h 25m 36.386s ( +19.448s ),1.0,Ferrari
146,7.0,63,71.0,6.0,False,False,False,5182.01,48.403,1213,9118,Race,Spielberg,Austria,2023-07-02T13:00:00+00:00,George RUSSELL,Mercedes,GBR,71.0,72.99084507042254,69.283,9.08508594133089,3.0,61.8,20.599999999999998,4.0,"['MEDIUM', 'HARD']",11.0,,,,,,,10.0,5,52.0,1h 25m 28.144s ( +11.206s ),10.0,Mercedes
147,8.0,44,71.0,4.0,False,False,False,5182.803,49.196,1213,9118,Race,Spielberg,Austria,2023-07-02T13:00:00+00:00,Lewis HAMILTON,Mercedes,GBR,71.0,72.86153521126761,69.16,9.431567425908419,3.0,66.0,22.0,4.0,"['MEDIUM', 'HARD']",5.0,,,,,,,10.0,3,52.0,1h 25m 23.721s ( +06.783s ),15.0,Mercedes
148,9.0,18,71.0,2.0,False,False,False,5192.65,59.043,1213,9118,Race,Spielberg,Austria,2023-07-02T13:00:00+00:00,Lance STROLL,Aston Martin,CAN,71.0,73.14092957746479,68.463,9.027630722753237,4.0,84.7,21.175,5.0,"['MEDIUM', 'HARD']",6.0,,,,,,,10.0,14,52.0,1h 25m 44.421s ( +27.483s ),0.0,Aston Martin
149,10.0,10,71.0,1.0,False,False,False,5201.274,67.667,1213,9118,Race,Spielberg,Austria,2023-07-02T13:00:00+00:00,Pierre GASLY,Alpine,FRA,71.0,73.12035211267606,69.046,9.202956658594012,3.0,65.9,21.96666666666667,4.0,"['MEDIUM', 'HARD']",9.0,,,,,,,10.0,18,46.0,Collision,0.0,Alpine
150,11.0,23,71.0,0.0,False,False,False,5213.374,79.767,1213,9118,Race,Spielberg,Austria,2023-07-02T13:00:00+00:00,Alexander ALBON,Williams,THA,71.0,73.29197183098591,69.56,9.145404680528012,3.0,65.8,21.933333333333334,4.0,"['MEDIUM', 'HARD']",10.0,,,,,,,10.0,8,52.0,1h 25m 34.816s ( +17.878s ),4.0,Williams
151,12.0,24,70.0,0.0,False,False,False,,+1 LAP,1213,9118,Race,Spielberg,Austria,2023-07-02T13:00:00+00:00,ZHOU Guanyu,Alfa Romeo,CHN,70.0,73.6933142857143,69.786,8.66235125316021,3.0,63.599999999999994,21.2,4.0,"['MEDIUM', 'HARD']",17.0,,,,,,,,,,,,
152,13.0,2,70.0,0.0,False,False,False,,+1 LAP,1213,9118,Race,Spielberg,Austria,2023-07-02T13:00:00+00:00,Logan SARGEANT,Williams,USA,70.0,73.57791428571429,69.611,9.038780129222673,3.0,61.900000000000006,20.633333333333336,4.0,"['MEDIUM', 'HARD']",18.0,,,,,,,10.0,11,52.0,1h 25m 40.570s ( +23.632s ),0.0,Williams
153,14.0,31,70.0,0.0,False,False,False,,+1 LAP,1213,9118,Race,Spielberg,Austria,2023-07-02T13:00:00+00:00,Esteban OCON,Alpine,FRA,70.0,73.51637142857142,69.797,9.28315651772096,3.0,70.5,23.5,4.0,"['MEDIUM', 'HARD']",12.0,,,,,,,10.0,ab,9.0,Hydraulics,0.0,Alpine
154,15.0,77,70.0,0.0,False,False,False,,+1 LAP,1213,9118,Race,Spielberg,Austria,2023-07-02T13:00:00+00:00,Valtteri BOTTAS,Alfa Romeo,FIN,70.0,73.95204285714286,69.94,9.01577907351797,3.0,70.7,23.566666666666666,4.0,"['HARD', 'MEDIUM']",14.0,,,,,,,10.0,12,52.0,1h 25m 42.768s ( +25.830s ),0.0,Alfa Romeo
155,16.0,81,70.0,0.0,False,False,False,,+1 LAP,1213,9118,Race,Spielberg,Austria,2023-07-02T13:00:00+00:00,Oscar PIASTRI,McLaren,AUS,70.0,74.00835714285715,69.862,9.408484820082933,4.0,91.9,22.975,5.0,"['MEDIUM', 'HARD']",13.0,,,,,,,10.0,4,52.0,1h 25m 24.714s ( +07.776s ),12.0,McLaren
156,17.0,21,70.0,0.0,False,False,False,,+1 LAP,1213,9118,Race,Spielberg,Austria,2023-07-02T13:00:00+00:00,Nyck DE VRIES,AlphaTauri,NED,70.0,73.32791304347826,69.852,7.831488649223433,3.0,59.3,19.766666666666666,4.0,"['MEDIUM', 'HARD']",20.0,,,,,,,,,,,,
157,18.0,20,70.0,0.0,False,False,False,,+1 LAP,1213,9118,Race,Spielberg,Austria,2023-07-02T13:00:00+00:00,Kevin MAGNUSSEN,Haas F1 Team,DEN,70.0,73.82539130434783,70.176,8.97429368713017,3.0,74.3,24.766666666666666,4.0,"['HARD', 'MEDIUM']",19.0,,,,,,,10.0,ab,31.0,Engine,0.0,Haas
158,19.0,22,70.0,0.0,False,False,False,,+1 LAP,1213,9118,Race,Spielberg,Austria,2023-07-02T13:00:00+00:00,Yuki TSUNODA,AlphaTauri,JPN,70.0,73.98297142857143,69.62,8.937978150536152,4.0,94.3,23.575,5.0,"['MEDIUM', 'HARD']",16.0,,,,,,,10.0,16,52.0,1h 25m 48.163s ( +31.225s ),0.0,AlphaTauri
159,,27,12.0,0.0,True,False,False,,,1213,9118,Race,Spielberg,Austria,2023-07-02T13:00:00+00:00,Nico HULKENBERG,Haas F1 Team,GER,13.0,82.07858333333333,71.066,16.915064729719663,2.0,38.5,19.25,3.0,"['MEDIUM', 'HARD']",8.0,,,,,,,10.0,13,52.0,1h 25m 43.601s ( +26.663s ),0.0,Haas
160,1.0,1,52.0,26.0,False,False,False,5116.938,0,1214,9126,Race,Silverstone,United Kingdom,2023-07-09T14:00:00+00:00,Max VERSTAPPEN,Red Bull Racing,NED,53.0,98.40873076923077,90.275,18.445214108128994,1.0,29.0,29.0,2.0,"['MEDIUM', 'SOFT']",1.0,132.74004224053306,321.0,40.31995716452985,10.952791742273254,6493.64193711515,0.004015825326471725,11.0,1,70.0,1h 38m 08.634s ( 187.457 km/h ),26.0,Red Bull
161,2.0,4,52.0,18.0,False,False,False,5120.736,3.798,1214,9126,Race,Silverstone,United Kingdom,2023-07-09T14:00:00+00:00,Lando NORRIS,McLaren,GBR,52.0,98.48190384615386,90.543,17.429772527578272,1.0,28.4,28.4,2.0,"['MEDIUM', 'HARD']",2.0,132.64407888865753,312.0,40.32444893952464,9.986018978493025,6676.4440610405445,0.006574054793705566,11.0,2,70.0,1h 38m 42.365s ( +33.731s ),18.0,McLaren
162,3.0,44,52.0,15.0,False,False,False,5123.721,6.783,1214,9126,Race,Silverstone,United Kingdom,2023-07-09T14:00:00+00:00,Lewis HAMILTON,Mercedes,GBR,52.0,98.54553846153847,90.545,16.378509429009068,1.0,29.1,29.1,2.0,"['MEDIUM', 'SOFT']",7.0,133.69359724096566,325.0,42.29008846903584,11.099115309641626,6396.14865796971,0.01343529764582396,11.0,4,70.0,1h 38m 47.768s ( +39.134s ),12.0,Mercedes
163,4.0,81,52.0,12.0,False,False,False,5124.714,7.776,1214,9126,Race,Silverstone,United Kingdom,2023-07-09T14:00:00+00:00,Oscar PIASTRI,McLaren,AUS,52.0,98.55834615384614,90.85,15.666118850519814,1.0,28.6,28.6,2.0,"['MEDIUM', 'HARD']",3.0,133.8569500674764,323.0,40.381706402759036,9.425701004648372,6659.681871345029,0.014484930274403958,11.0,5,70.0,1h 39m 11.206s ( +1m 02.572s ),10.0,McLaren
164,5.0,63,52.0,10.0,False,False,False,5128.144,11.206,1214,9126,Race,Silverstone,United Kingdom,2023-07-09T14:00:00+00:00,George RUSSELL,Mercedes,GBR,52.0,98.62453846153845,91.124,15.383964164995456,1.0,29.4,29.4,2.0,"['SOFT', 'MEDIUM']",6.0,133.97010046483732,326.0,40.76161343529765,10.142450142450143,6543.401169590643,0.031578947368421054,11.0,6,70.0,1h 39m 14.459s ( +1m 05.825s ),8.0,Mercedes
165,6.0,11,52.0,8.0,False,False,False,5129.82,12.882,1214,9126,Race,Silverstone,United Kingdom,2023-07-09T14:00:00+00:00,Sergio PEREZ,Red Bull Racing,MEX,52.0,98.65632692307692,90.914,14.727549845770447,1.0,28.0,28.0,2.0,"['MEDIUM', 'SOFT']",15.0,,,,,,,11.0,3,70.0,1h 38m 46.237s ( +37.603s ),15.0,Red Bull
166,7.0,14,52.0,6.0,False,False,False,5134.131,17.193,1214,9126,Race,Silverstone,United Kingdom,2023-07-09T14:00:00+00:00,Fernando ALONSO,Aston Martin,ESP,52.0,98.73998076923077,91.338,15.671792846985907,1.0,28.6,28.6,2.0,"['MEDIUM', 'SOFT']",9.0,,,,,,,11.0,9,70.0,1h 39m 24.343s ( +1m 15.709s ),2.0,Aston Martin
167,8.0,23,52.0,4.0,False,False,False,5134.816,17.878,1214,9126,Race,Silverstone,United Kingdom,2023-07-09T14:00:00+00:00,Alexander ALBON,Williams,THA,52.0,98.75296153846155,91.273,15.43067553572065,1.0,29.6,29.6,2.0,"['MEDIUM', 'SOFT']",8.0,,,,,,,11.0,11,69.0,,0.0,Williams
168,9.0,16,52.0,2.0,False,False,False,5135.627,18.689,1214,9126,Race,Silverstone,United Kingdom,2023-07-09T14:00:00+00:00,Charles LECLERC,Ferrari,MON,52.0,98.76857692307694,91.255,15.586492462015835,2.0,57.0,28.5,3.0,"['MEDIUM', 'HARD']",4.0,,,,,,,11.0,7,70.0,1h 39m 18.951s ( +1m 10.317s ),6.0,Ferrari
169,10.0,55,52.0,1.0,False,False,False,5136.386,19.448,1214,9126,Race,Silverstone,United Kingdom,2023-07-09T14:00:00+00:00,Carlos SAINZ,Ferrari,ESP,52.0,98.7831923076923,91.366,14.995453721552867,1.0,28.8,28.8,2.0,"['MEDIUM', 'HARD']",5.0,,,,,,,11.0,8,70.0,1h 39m 19.707s ( +1m 11.073s ),4.0,Ferrari
170,11.0,2,52.0,0.0,False,False,False,5140.57,23.632,1214,9126,Race,Silverstone,United Kingdom,2023-07-09T14:00:00+00:00,Logan SARGEANT,Williams,USA,52.0,98.86409615384615,91.699,13.51478767616235,1.0,28.8,28.8,2.0,"['MEDIUM', 'SOFT']",14.0,,,,,,,11.0,18,67.0,Withdrew,0.0,Williams
171,12.0,77,52.0,0.0,False,False,False,5142.768,25.83,1214,9126,Race,Silverstone,United Kingdom,2023-07-09T14:00:00+00:00,Valtteri BOTTAS,Alfa Romeo,FIN,52.0,98.90584615384616,91.852,14.176568819897117,1.0,29.6,29.6,2.0,"['HARD', 'SOFT']",20.0,,,,,,,11.0,12,69.0,,0.0,Alfa Romeo
172,13.0,27,52.0,0.0,False,False,False,5143.601,26.663,1214,9126,Race,Silverstone,United Kingdom,2023-07-09T14:00:00+00:00,Nico HULKENBERG,Haas F1 Team,GER,52.0,98.92223076923077,91.776,13.90612704094978,2.0,71.9,35.95,3.0,"['HARD', 'MEDIUM', 'SOFT']",11.0,,,,,,,11.0,14,69.0,,0.0,Haas
173,14.0,18,52.0,0.0,False,False,False,5144.421,27.483,1214,9126,Race,Silverstone,United Kingdom,2023-07-09T14:00:00+00:00,Lance STROLL,Aston Martin,CAN,52.0,98.8415576923077,91.508,14.140694615622408,1.0,28.5,28.5,2.0,"['MEDIUM', 'SOFT']",12.0,,,,,,,11.0,10,69.0,,1.0,Aston Martin
174,15.0,24,52.0,0.0,False,False,False,5146.758,29.82,1214,9126,Race,Silverstone,United Kingdom,2023-07-09T14:00:00+00:00,ZHOU Guanyu,Alfa Romeo,CHN,52.0,98.98049999999999,91.769,13.699847582521262,3.0,92.1,30.7,4.0,"['MEDIUM', 'HARD', 'SOFT']",17.0,,,,,,,,,,,,
175,16.0,22,52.0,0.0,False,False,False,5148.163,31.225,1214,9126,Race,Silverstone,United Kingdom,2023-07-09T14:00:00+00:00,Yuki TSUNODA,AlphaTauri,JPN,52.0,99.0074423076923,92.084,14.003851532407234,2.0,56.900000000000006,28.450000000000003,3.0,"['SOFT', 'HARD']",16.0,,,,,,,11.0,15,69.0,,0.0,AlphaTauri
176,17.0,21,52.0,0.0,False,False,False,5150.066,33.128,1214,9126,Race,Silverstone,United Kingdom,2023-07-09T14:00:00+00:00,Nyck DE VRIES,AlphaTauri,NED,52.0,99.0465,92.353,13.805651437996357,2.0,56.599999999999994,28.299999999999997,3.0,"['SOFT', 'MEDIUM']",18.0,,,,,,,,,,,,
177,18.0,10,46.0,0.0,True,False,False,,,1214,9126,Race,Silverstone,United Kingdom,2023-07-09T14:00:00+00:00,Pierre GASLY,Alpine,FRA,47.0,101.21558695652175,91.539,17.332043351454995,1.0,28.4,28.4,2.0,"['MEDIUM', 'SOFT']",10.0,,,,,,,11.0,ab,1.0,Collision,0.0,Alpine
178,,20,31.0,0.0,True,False,False,,,1214,9126,Race,Silverstone,United Kingdom,2023-07-09T14:00:00+00:00,Kevin MAGNUSSEN,Haas F1 Team,DEN,32.0,94.71748387096775,93.356,2.195873355045294,,,,1.0,['MEDIUM'],19.0,,,,,,,11.0,17,69.0,,0.0,Haas
179,,31,9.0,0.0,True,False,False,,,1214,9126,Race,Silverstone,United Kingdom,2023-07-09T14:00:00+00:00,Esteban OCON,Alpine,FRA,10.0,95.18633333333334,93.846,2.9012102216144187,,,,1.0,['SOFT'],13.0,,,,,,,11.0,ab,2.0,Collision,0.0,Alpine
180,1.0,1,70.0,26.0,False,False,False,5888.634,0,1215,9133,Race,Hungaroring,Hungary,2023-07-23T13:00:00+00:00,Max VERSTAPPEN,Red Bull Racing,NED,70.0,84.12815714285713,80.504,3.4009681427913376,2.0,43.0,21.5,3.0,"['MEDIUM', 'HARD']",2.0,120.23139822335715,318.0,36.7345087066366,15.861454456548314,6546.411208606123,0.002336258183695091,12.0,1,44.0,1h 22m 30.450s ( 224.017 km/h ),25.0,Red Bull
181,2.0,4,70.0,18.0,False,False,False,5922.365,33.731,1215,9133,Race,Hungaroring,Hungary,2023-07-23T13:00:00+00:00,Lando NORRIS,McLaren,GBR,70.0,84.61041428571428,82.178,3.0587484344581544,2.0,42.9,21.45,3.0,"['MEDIUM', 'HARD']",3.0,118.77843579364864,316.0,36.5010458830241,18.093395995762137,6739.472684795306,0.0011137975061802179,12.0,7,44.0,1h 23m 44.169s ( +1m 13.719s ),6.0,McLaren
182,3.0,11,70.0,15.0,False,False,False,5926.237,37.603,1215,9133,Race,Hungaroring,Hungary,2023-07-23T13:00:00+00:00,Sergio PEREZ,Red Bull Racing,MEX,70.0,84.66557142857143,82.295,3.3630306232749145,2.0,42.6,21.3,3.0,"['HARD', 'MEDIUM']",9.0,118.64668169840537,327.0,36.12485398386352,16.04965906929994,6596.381217570834,0.01885306022656271,12.0,2,44.0,1h 22m 52.755s ( +22.305s ),18.0,Red Bull
183,4.0,44,70.0,12.0,False,False,False,5927.768,39.134,1215,9133,Race,Hungaroring,Hungary,2023-07-23T13:00:00+00:00,Lewis HAMILTON,Mercedes,GBR,70.0,84.68741428571428,81.601,3.5449731116204215,2.0,43.599999999999994,21.799999999999997,3.0,"['MEDIUM', 'HARD']",1.0,120.25505962891528,325.0,37.63999891336829,14.729836190269213,6468.635081904866,0.002336258183695091,12.0,4,44.0,1h 23m 20.121s ( +49.671s ),13.0,Mercedes
184,5.0,81,70.0,10.0,False,False,False,5951.206,62.572,1215,9133,Race,Hungaroring,Hungary,2023-07-23T13:00:00+00:00,Oscar PIASTRI,McLaren,AUS,70.0,85.02217142857143,82.736,3.135908536133979,2.0,43.1,21.55,3.0,"['MEDIUM', 'HARD']",4.0,118.54461981472929,318.0,36.026432316427154,16.26676808562658,6642.958137513243,0.0022819265980277633,12.0,ab,0.0,Collision,0.0,McLaren
185,6.0,63,70.0,8.0,False,False,False,5954.459,65.825,1215,9133,Race,Hungaroring,Hungary,2023-07-23T13:00:00+00:00,George RUSSELL,Mercedes,GBR,70.0,85.0673857142857,82.158,3.5445787930419566,2.0,43.400000000000006,21.700000000000003,3.0,"['HARD', 'MEDIUM']",18.0,,,,,,,12.0,6,44.0,1h 23m 33.551s ( +1m 03.101s ),8.0,Mercedes
186,7.0,16,70.0,6.0,False,False,False,5958.951,70.317,1215,9133,Race,Hungaroring,Hungary,2023-07-23T13:00:00+00:00,Charles LECLERC,Ferrari,MON,70.0,85.06157142857144,82.469,3.691067673084276,2.0,49.8,24.9,3.0,"['MEDIUM', 'HARD']",6.0,,,,,,,12.0,3,44.0,1h 23m 02.709s ( +32.259s ),15.0,Ferrari
187,8.0,55,70.0,4.0,False,False,False,5959.707,71.073,1215,9133,Race,Hungaroring,Hungary,2023-07-23T13:00:00+00:00,Carlos SAINZ,Ferrari,ESP,70.0,85.14352857142858,82.584,3.3827801563401,2.0,43.4,21.7,3.0,"['SOFT', 'HARD']",11.0,,,,,,,12.0,ab,23.0,Collision damage,0.0,Ferrari
188,9.0,14,70.0,2.0,False,False,False,5964.343,75.709,1215,9133,Race,Hungaroring,Hungary,2023-07-23T13:00:00+00:00,Fernando ALONSO,Aston Martin,ESP,70.0,85.20967142857143,82.745,3.6302101616865685,2.0,47.0,23.5,3.0,"['MEDIUM', 'HARD']",8.0,,,,,,,12.0,5,44.0,1h 23m 26.634s ( +56.184s ),10.0,Aston Martin
189,10.0,18,69.0,1.0,False,False,False,,+1 LAP,1215,9133,Race,Hungaroring,Hungary,2023-07-23T13:00:00+00:00,Lance STROLL,Aston Martin,CAN,69.0,85.558,83.425,3.6048375463110873,2.0,44.3,22.15,3.0,"['SOFT', 'HARD']",14.0,,,,,,,12.0,9,44.0,1h 23m 49.790s ( +1m 19.340s ),2.0,Aston Martin
190,11.0,23,69.0,0.0,False,False,False,,+1 LAP,1215,9133,Race,Hungaroring,Hungary,2023-07-23T13:00:00+00:00,Alexander ALBON,Williams,THA,69.0,85.76872463768116,84.051,3.4848540010098894,2.0,43.7,21.85,3.0,"['MEDIUM', 'HARD']",16.0,,,,,,,12.0,14,44.0,1h 24m 06.634s ( +1m 36.184s ),0.0,Williams
191,12.0,77,69.0,0.0,False,False,False,,+1 LAP,1215,9133,Race,Hungaroring,Hungary,2023-07-23T13:00:00+00:00,Valtteri BOTTAS,Alfa Romeo,FIN,69.0,85.78359420289856,83.651,3.59616433046803,2.0,45.3,22.65,3.0,"['MEDIUM', 'HARD']",7.0,,,,,,,12.0,12,44.0,1h 23m 55.641s ( +1m 25.191s ),0.0,Alfa Romeo
192,13.0,3,69.0,0.0,False,False,False,,+1 LAP,1215,9133,Race,Hungaroring,Hungary,2023-07-23T13:00:00+00:00,Daniel RICCIARDO,AlphaTauri,AUS,69.0,85.87328985507246,83.934,3.680292404069875,2.0,44.099999999999994,22.049999999999997,3.0,"['MEDIUM', 'HARD']",13.0,,,,,,,12.0,16,44.0,1h 24m 13.521s ( +1m 43.071s ),0.0,AlphaTauri
193,14.0,27,69.0,0.0,False,False,False,,+1 LAP,1215,9133,Race,Hungaroring,Hungary,2023-07-23T13:00:00+00:00,Nico HULKENBERG,Haas F1 Team,GER,69.0,86.09078260869565,83.573,3.3942782082479916,2.0,44.8,22.4,3.0,"['MEDIUM', 'HARD']",10.0,,,,,,,12.0,18,44.0,1h 24m 20.900s ( +1m 50.450s ),0.0,Haas
194,15.0,22,69.0,0.0,False,False,False,,+1 LAP,1215,9133,Race,Hungaroring,Hungary,2023-07-23T13:00:00+00:00,Yuki TSUNODA,AlphaTauri,JPN,69.0,86.09310144927537,83.269,3.7456101880378783,2.0,47.2,23.6,3.0,"['SOFT', 'HARD', 'MEDIUM']",17.0,,,,,,,12.0,10,44.0,1h 23m 50.671s ( +1m 20.221s ),1.0,AlphaTauri
195,16.0,24,69.0,0.0,False,False,False,,+1 LAP,1215,9133,Race,Hungaroring,Hungary,2023-07-23T13:00:00+00:00,ZHOU Guanyu,Alfa Romeo,CHN,69.0,86.22442028985506,83.743,4.236599799942927,2.0,52.0,26.0,3.0,"['MEDIUM', 'HARD']",5.0,,,,,,,,,,,,
196,17.0,20,69.0,0.0,False,False,False,,+1 LAP,1215,9133,Race,Hungaroring,Hungary,2023-07-23T13:00:00+00:00,Kevin MAGNUSSEN,Haas F1 Team,DEN,69.0,86.53959420289856,83.864,3.488993860188994,2.0,44.8,22.4,3.0,"['MEDIUM', 'HARD']",19.0,,,,,,,12.0,15,44.0,1h 24m 12.204s ( +1m 41.754s ),0.0,Haas
197,18.0,2,67.0,0.0,True,False,False,,,1215,9133,Race,Hungaroring,Hungary,2023-07-23T13:00:00+00:00,Logan SARGEANT,Williams,USA,68.0,86.41135820895522,83.496,4.283634500795892,2.0,46.1,23.05,3.0,"['MEDIUM', 'HARD']",20.0,,,,,,,12.0,17,44.0,1h 24m 14.926s ( +1m 44.476s ),0.0,Williams
198,,31,2.0,0.0,True,False,False,,,1215,9133,Race,Hungaroring,Hungary,2023-07-23T13:00:00+00:00,Esteban OCON,Alpine,FRA,3.0,104.24600000000001,101.181,4.334564568673549,,,,1.0,['MEDIUM'],12.0,,,,,,,12.0,8,44.0,1h 23m 45.169s ( +1m 14.719s ),4.0,Alpine
199,,10,1.0,0.0,True,False,False,,,1215,9133,Race,Hungaroring,Hungary,2023-07-23T13:00:00+00:00,Pierre GASLY,Alpine,FRA,2.0,125.342,125.342,,,,,1.0,['SOFT'],15.0,,,,,,,12.0,11,44.0,1h 23m 53.534s ( +1m 23.084s ),0.0,Alpine
200,1.0,1,44.0,25.0,False,False,False,4950.45,0,1216,9141,Race,Spa-Francorchamps,Belgium,2023-07-30T13:00:00+00:00,Max VERSTAPPEN,Red Bull Racing,NED,44.0,112.51549999999999,108.922,3.107926905698198,2.0,45.8,22.9,3.0,"['SOFT', 'MEDIUM']",6.0,135.5419263113316,341.0,43.44273700768346,12.942948756730594,6390.163893762478,0.009831205759574082,13.0,1,72.0,2h 24m 04.411s ( 127.679 km/h ),25.0,Red Bull
201,2.0,11,44.0,18.0,False,False,False,4972.755,22.305,1216,9141,Race,Spa-Francorchamps,Belgium,2023-07-30T13:00:00+00:00,Sergio PEREZ,Red Bull Racing,MEX,44.0,113.02359090909091,110.308,3.1712500309791447,2.0,46.3,23.15,3.0,"['SOFT', 'MEDIUM']",2.0,135.65397180712688,318.0,41.576169157238795,10.09135458890435,6430.453747958134,0.0,13.0,4,72.0,2h 24m 14.479s ( +10.068s ),12.0,Red Bull
202,3.0,16,44.0,15.0,False,False,False,4982.709,32.259,1216,9141,Race,Spa-Francorchamps,Belgium,2023-07-30T13:00:00+00:00,Charles LECLERC,Ferrari,MON,44.0,113.25140909090909,110.436,3.043232379744394,2.0,46.3,23.15,3.0,"['SOFT', 'MEDIUM']",1.0,135.45538145078348,320.0,57.14595559319983,26.77475951358219,6673.52271764777,0.0005444975497610261,13.0,ab,41.0,Undertray,0.0,Ferrari
203,4.0,44,44.0,13.0,False,False,False,5000.121,49.671,1216,9141,Race,Spa-Francorchamps,Belgium,2023-07-30T13:00:00+00:00,Lewis HAMILTON,Mercedes,GBR,44.0,113.64640909090909,107.305,4.011935247907648,3.0,69.1,23.03333333333333,4.0,"['SOFT', 'MEDIUM']",3.0,135.24317865569606,330.0,49.82545828543772,18.188033153850807,6441.85591989836,0.004900477947849234,13.0,6,72.0,2h 24m 17.620s ( +13.209s ),8.0,Mercedes
204,5.0,14,44.0,10.0,False,False,False,5006.634,56.184,1216,9141,Race,Spa-Francorchamps,Belgium,2023-07-30T13:00:00+00:00,Fernando ALONSO,Aston Martin,ESP,44.0,113.79556818181818,110.938,3.5737524373710094,2.0,46.7,23.35,3.0,"['MEDIUM', 'SOFT']",9.0,135.32170730231715,335.0,41.774789763446066,10.831750257123844,6553.230352713413,0.006654970052634763,13.0,2,72.0,2h 24m 08.155s ( +03.744s ),19.0,Aston Martin
205,6.0,63,44.0,8.0,False,False,False,5013.551,63.101,1216,9141,Race,Spa-Francorchamps,Belgium,2023-07-30T13:00:00+00:00,George RUSSELL,Mercedes,GBR,44.0,113.95081818181819,110.603,3.376145106497484,1.0,23.8,23.8,2.0,"['MEDIUM', 'SOFT']",8.0,,,,,,,13.0,17,72.0,2h 25m 00.165s ( +55.754s ),0.0,Mercedes
206,7.0,4,44.0,6.0,False,False,False,5024.169,73.719,1216,9141,Race,Spa-Francorchamps,Belgium,2023-07-30T13:00:00+00:00,Lando NORRIS,McLaren,GBR,44.0,114.1940909090909,111.682,3.6091461775713976,2.0,48.7,24.35,3.0,"['MEDIUM', 'HARD', 'SOFT']",7.0,,,,,,,13.0,7,72.0,2h 24m 17.643s ( +13.232s ),6.0,McLaren
207,8.0,31,44.0,4.0,False,False,False,5025.169,74.719,1216,9141,Race,Spa-Francorchamps,Belgium,2023-07-30T13:00:00+00:00,Esteban OCON,Alpine,FRA,44.0,114.2134318181818,110.439,3.518121435809688,2.0,46.3,23.15,3.0,"['SOFT', 'MEDIUM']",14.0,,,,,,,13.0,10,72.0,2h 24m 22.757s ( +18.346s ),1.0,Alpine
208,9.0,18,44.0,2.0,False,False,False,5029.79,79.34,1216,9141,Race,Spa-Francorchamps,Belgium,2023-07-30T13:00:00+00:00,Lance STROLL,Aston Martin,CAN,44.0,114.32188636363638,111.297,3.80829665406873,1.0,25.3,25.3,2.0,"['MEDIUM', 'SOFT']",10.0,,,,,,,13.0,11,72.0,2h 24m 24.498s ( +20.087s ),0.0,Aston Martin
209,10.0,22,44.0,1.0,False,False,False,5030.671,80.221,1216,9141,Race,Spa-Francorchamps,Belgium,2023-07-30T13:00:00+00:00,Yuki TSUNODA,AlphaTauri,JPN,44.0,114.3414090909091,111.394,3.3625529567416765,2.0,45.3,22.65,3.0,"['MEDIUM', 'SOFT']",11.0,,,,,,,13.0,15,72.0,2h 24m 34.304s ( +29.893s ),0.0,AlphaTauri
210,11.0,10,44.0,0.0,False,False,False,5033.534,83.084,1216,9141,Race,Spa-Francorchamps,Belgium,2023-07-30T13:00:00+00:00,Pierre GASLY,Alpine,FRA,44.0,114.40618181818182,110.911,3.340057326292094,1.0,25.6,25.6,2.0,"['SOFT', 'MEDIUM']",12.0,,,,,,,13.0,3,72.0,2h 24m 11.469s ( +07.058s ),15.0,Alpine
211,12.0,77,44.0,0.0,False,False,False,5035.641,85.191,1216,9141,Race,Spa-Francorchamps,Belgium,2023-07-30T13:00:00+00:00,Valtteri BOTTAS,Alfa Romeo,FIN,44.0,114.4536818181818,110.515,3.3717041359121156,2.0,47.0,23.5,3.0,"['SOFT', 'MEDIUM']",13.0,,,,,,,13.0,14,72.0,2h 24m 31.799s ( +27.388s ),0.0,Alfa Romeo
212,13.0,24,44.0,0.0,False,False,False,5045.891,95.441,1216,9141,Race,Spa-Francorchamps,Belgium,2023-07-30T13:00:00+00:00,ZHOU Guanyu,Alfa Romeo,CHN,44.0,114.68752272727274,110.188,3.5491607294108802,2.0,48.4,24.2,3.0,"['SOFT', 'MEDIUM']",17.0,,,,,,,,,,,,
213,14.0,23,44.0,0.0,False,False,False,5046.634,96.184,1216,9141,Race,Spa-Francorchamps,Belgium,2023-07-30T13:00:00+00:00,Alexander ALBON,Williams,THA,44.0,114.70475,109.841,3.944519914343339,3.0,72.0,24.0,4.0,"['SOFT', 'MEDIUM']",15.0,,,,,,,13.0,8,72.0,2h 24m 19.566s ( +15.155s ),4.0,Williams
214,15.0,20,44.0,0.0,False,False,False,5052.204,101.754,1216,9141,Race,Spa-Francorchamps,Belgium,2023-07-30T13:00:00+00:00,Kevin MAGNUSSEN,Haas F1 Team,DEN,44.0,114.82986363636364,110.993,3.3421232465194928,2.0,47.1,23.55,3.0,"['SOFT', 'MEDIUM']",16.0,,,,,,,13.0,16,72.0,2h 24m 35.821s ( +31.410s ),0.0,Haas
215,16.0,3,44.0,0.0,False,False,False,5053.521,103.071,1216,9141,Race,Spa-Francorchamps,Belgium,2023-07-30T13:00:00+00:00,Daniel RICCIARDO,AlphaTauri,AUS,44.0,114.86154545454546,110.994,4.199879873445693,2.0,46.0,23.0,3.0,"['SOFT', 'MEDIUM']",19.0,,,,,,,13.0,f,,Injury,0.0,AlphaTauri
216,17.0,2,44.0,0.0,False,False,False,5054.926,104.476,1216,9141,Race,Spa-Francorchamps,Belgium,2023-07-30T13:00:00+00:00,Logan SARGEANT,Williams,USA,44.0,114.89327272727273,110.236,3.830217216280311,3.0,70.5,23.5,4.0,"['SOFT', 'MEDIUM']",18.0,,,,,,,13.0,ab,14.0,Accident,0.0,Williams
217,18.0,27,44.0,0.0,False,False,False,5060.9,110.45,1216,9141,Race,Spa-Francorchamps,Belgium,2023-07-30T13:00:00+00:00,Nico HULKENBERG,Haas F1 Team,GER,44.0,114.82860465116279,109.907,3.337502595964999,2.0,49.7,24.85,3.0,"['MEDIUM', 'SOFT']",20.0,,,,,,,13.0,12,72.0,2h 24m 25.251s ( +20.840s ),0.0,Haas
218,,55,23.0,0.0,True,False,False,,,1216,9141,Race,Spa-Francorchamps,Belgium,2023-07-30T13:00:00+00:00,Carlos SAINZ,Ferrari,ESP,24.0,117.13886956521739,113.138,3.19722856271075,1.0,23.3,23.3,2.0,"['SOFT', 'MEDIUM']",4.0,,,,,,,13.0,5,72.0,2h 24m 16.952s ( +12.541s ),10.0,Ferrari
219,,81,0.0,0.0,True,False,False,,,1216,9141,Race,Spa-Francorchamps,Belgium,2023-07-30T13:00:00+00:00,Oscar PIASTRI,McLaren,AUS,1.0,,,,,,,1.0,['MEDIUM'],5.0,,,,,,,13.0,9,72.0,2h 24m 20.991s ( +16.580s ),2.0,McLaren
220,1.0,1,72.0,25.0,False,False,False,8644.411,0,1217,9149,Race,Zandvoort,Netherlands,2023-08-27T13:00:00+00:00,Max VERSTAPPEN,Red Bull Racing,NED,72.0,120.06658333333333,73.889,299.88683830840705,6.0,2581.3,430.2166666666667,7.0,"['SOFT', 'INTERMEDIATE', 'WET']",1.0,94.53256876815308,307.0,27.993123184691612,12.169058602426107,5400.829660003417,0.0,14.0,1,51,1h 13m 41.143s ( 240.318 km/h ),25.0,Red Bull
221,2.0,14,72.0,19.0,False,False,False,8648.155,3.744,1217,9149,Race,Zandvoort,Netherlands,2023-08-27T13:00:00+00:00,Fernando ALONSO,Aston Martin,ESP,72.0,120.11823611111112,73.837,296.3003185544671,5.0,2541.7000000000003,508.34000000000003,6.0,"['SOFT', 'INTERMEDIATE']",5.0,93.17356483854434,324.0,28.027272338971468,12.201691440287032,5365.655603963779,0.004079104732615753,14.0,9,51,1h 14m 27.437s ( +46.294s ),2.0,Aston Martin
222,3.0,10,72.0,15.0,False,False,False,8651.469,7.058,1217,9149,Race,Zandvoort,Netherlands,2023-08-27T13:00:00+00:00,Pierre GASLY,Alpine,FRA,72.0,120.16531944444445,74.441,294.3677401471622,5.0,2536.7999999999997,507.35999999999996,6.0,"['SOFT', 'INTERMEDIATE']",12.0,93.12042969417392,334.0,28.613424739449854,10.751067828464036,5437.033807449171,0.008884332820775671,14.0,15,51,1h 15m 03.653s ( +1m 22.510s ),0.0,Alpine
223,4.0,11,72.0,12.0,False,False,False,8654.479,10.068,1217,9149,Race,Zandvoort,Netherlands,2023-08-27T13:00:00+00:00,Sergio PEREZ,Red Bull Racing,MEX,72.0,120.13694444444442,74.231,292.45089633005125,6.0,2585.2999999999997,430.88333333333327,7.0,"['SOFT', 'INTERMEDIATE']",7.0,93.17337262942081,304.0,28.417478216299333,11.321117375704766,5195.052409021015,0.0,14.0,2,51,1h 13m 47.207s ( +06.064s ),18.0,Red Bull
224,5.0,55,72.0,10.0,False,False,False,8656.952,12.541,1217,9149,Race,Zandvoort,Netherlands,2023-08-27T13:00:00+00:00,Carlos SAINZ,Ferrari,ESP,72.0,120.24055555555555,74.934,294.1031604925166,5.0,2522.6,504.52,6.0,"['SOFT', 'INTERMEDIATE']",6.0,93.06778575089697,335.0,44.103536647872886,29.911754655732103,5438.107551682898,0.009525029899196994,14.0,3,51,1h 13m 52.336s ( +11.193s ),15.0,Ferrari
225,6.0,44,72.0,8.0,False,False,False,8657.62,13.209,1217,9149,Race,Zandvoort,Netherlands,2023-08-27T13:00:00+00:00,Lewis HAMILTON,Mercedes,GBR,72.0,120.249,73.904,292.3010608928723,5.0,2511.2,502.23999999999995,6.0,"['MEDIUM', 'INTERMEDIATE', 'SOFT']",13.0,,,,,,,14.0,6,51,1h 14m 23.822s ( +42.679s ),8.0,Mercedes
226,7.0,4,72.0,6.0,False,False,False,8657.643,13.232,1217,9149,Race,Zandvoort,Netherlands,2023-08-27T13:00:00+00:00,Lando NORRIS,McLaren,GBR,72.0,120.250125,74.39,289.77867342940414,6.0,2566.3999999999996,427.7333333333333,7.0,"['SOFT', 'INTERMEDIATE']",2.0,,,,,,,14.0,8,51,1h 14m 26.592s ( +45.449s ),4.0,McLaren
227,8.0,23,72.0,4.0,False,False,False,8659.566,15.155,1217,9149,Race,Zandvoort,Netherlands,2023-08-27T13:00:00+00:00,Alexander ALBON,Williams,THA,72.0,120.27680555555555,74.468,290.261252843634,4.0,2523.5,630.875,5.0,"['SOFT', 'MEDIUM', 'INTERMEDIATE']",4.0,,,,,,,14.0,7,51,1h 14m 26.249s ( +45.106s ),6.0,Williams
228,9.0,81,72.0,2.0,False,False,False,8660.991,16.58,1217,9149,Race,Zandvoort,Netherlands,2023-08-27T13:00:00+00:00,Oscar PIASTRI,McLaren,AUS,72.0,120.29902777777778,74.299,289.4796307951476,5.0,2533.3,506.66,6.0,"['SOFT', 'MEDIUM', 'INTERMEDIATE']",8.0,,,,,,,14.0,12,51,1h 14m 54.217s ( +1m 13.074s ),0.0,McLaren
229,10.0,31,72.0,1.0,False,False,False,8662.757,18.346,1217,9149,Race,Zandvoort,Netherlands,2023-08-27T13:00:00+00:00,Esteban OCON,Alpine,FRA,72.0,120.32218055555556,74.57,289.23697227853546,6.0,2552.3999999999996,425.3999999999999,7.0,"['SOFT', 'INTERMEDIATE', 'WET']",16.0,,,,,,,14.0,ab,39,Steering,0.0,Alpine
230,11.0,18,72.0,0.0,False,False,False,8664.498,20.087,1217,9149,Race,Zandvoort,Netherlands,2023-08-27T13:00:00+00:00,Lance STROLL,Aston Martin,CAN,72.0,120.3446388888889,75.171,286.8220003233249,7.0,2545.3999999999996,363.6285714285714,8.0,"['SOFT', 'INTERMEDIATE', 'MEDIUM']",11.0,,,,,,,14.0,16,51,1h 15m 08.409s ( +1m 27.266s ),0.0,Aston Martin
231,12.0,27,72.0,0.0,False,False,False,8665.251,20.84,1217,9149,Race,Zandvoort,Netherlands,2023-08-27T13:00:00+00:00,Nico HULKENBERG,Haas F1 Team,GER,72.0,120.35522222222221,74.472,286.91189829731644,5.0,2507.1,501.41999999999996,6.0,"['SOFT', 'MEDIUM', 'INTERMEDIATE']",14.0,,,,,,,14.0,17,50,,0.0,Haas
232,13.0,40,72.0,0.0,False,False,False,8670.558,26.147,1217,9149,Race,Zandvoort,Netherlands,2023-08-27T13:00:00+00:00,Liam LAWSON,AlphaTauri,NZL,72.0,120.43070833333334,74.82,285.52885526810866,7.0,2559.0000000000005,365.5714285714286,8.0,"['SOFT', 'INTERMEDIATE', 'MEDIUM']",19.0,,,,,,,14.0,11,51,1h 14m 51.781s ( +1m 10.638s ),0.0,AlphaTauri
233,14.0,77,72.0,0.0,False,False,False,8671.799,27.388,1217,9149,Race,Zandvoort,Netherlands,2023-08-27T13:00:00+00:00,Valtteri BOTTAS,Alfa Romeo,FIN,72.0,120.44609722222224,74.698,286.52288044698685,5.0,2497.6,499.52,6.0,"['SOFT', 'MEDIUM', 'INTERMEDIATE']",18.0,,,,,,,14.0,10,51,1h 14m 45.199s ( +1m 04.056s ),1.0,Alfa Romeo
234,15.0,22,72.0,0.0,False,False,False,8674.304,29.893,1217,9149,Race,Zandvoort,Netherlands,2023-08-27T13:00:00+00:00,Yuki TSUNODA,AlphaTauri,JPN,72.0,120.41336111111112,76.253,287.3288022178637,5.0,2521.5000000000005,504.30000000000007,6.0,"['SOFT', 'INTERMEDIATE']",17.0,,,,,,,14.0,np,tf,Engine,0.0,AlphaTauri
235,16.0,20,72.0,0.0,False,False,False,8675.821,31.41,1217,9149,Race,Zandvoort,Netherlands,2023-08-27T13:00:00+00:00,Kevin MAGNUSSEN,Haas F1 Team,DEN,72.0,120.5475633802817,75.489,287.39453193733186,6.0,2520.7,420.1166666666666,7.0,"['SOFT', 'INTERMEDIATE', 'MEDIUM']",20.0,,,,,,,14.0,18,50,,0.0,Haas
236,17.0,63,72.0,0.0,False,False,False,8700.165,55.754,1217,9149,Race,Zandvoort,Netherlands,2023-08-27T13:00:00+00:00,George RUSSELL,Mercedes,GBR,72.0,120.84073611111113,75.124,290.56574385449863,7.0,2593.2,370.45714285714286,8.0,"['SOFT', 'INTERMEDIATE', 'HARD']",3.0,,,,,,,14.0,5,51,1h 14m 04.171s ( +23.028s ),10.0,Mercedes
237,,24,62.0,0.0,True,False,False,,,1217,9149,Race,Zandvoort,Netherlands,2023-08-27T13:00:00+00:00,ZHOU Guanyu,Alfa Romeo,CHN,63.0,84.2221935483871,75.417,13.597332692677899,4.0,85.0,21.25,5.0,"['SOFT', 'INTERMEDIATE', 'MEDIUM']",15.0,,,,,,,,,,,,
238,,16,41.0,0.0,True,False,False,,,1217,9149,Race,Zandvoort,Netherlands,2023-08-27T13:00:00+00:00,Charles LECLERC,Ferrari,MON,42.0,87.36080487804878,77.277,13.915928704580791,2.0,59.8,29.9,3.0,"['SOFT', 'INTERMEDIATE']",9.0,,,,,,,14.0,4,51,1h 13m 52.520s ( +11.377s ),12.0,Ferrari
239,,2,14.0,0.0,True,False,False,,,1217,9149,Race,Zandvoort,Netherlands,2023-08-27T13:00:00+00:00,Logan SARGEANT,Williams,USA,15.0,93.05214285714285,77.399,13.766382290298253,,,,1.0,['SOFT'],10.0,,,,,,,14.0,13,51,1h 14m 59.700s ( +1m 18.557s ),0.0,Williams
240,1.0,1,51.0,25.0,False,False,False,4421.143,0,1218,9157,Race,Monza,Italy,2023-09-03T13:00:00+00:00,Max VERSTAPPEN,Red Bull Racing,NED,52.0,86.6936862745098,85.24,2.87277144576589,1.0,24.2,24.2,2.0,"['MEDIUM', 'HARD']",2.0,126.02012173091354,347.0,37.80445234985131,11.747644590200384,5872.568466690754,0.020899919401906563,15.0,5,62.0,1h 46m 58.859s ( +21.441s ),10.0,Red Bull
241,2.0,11,51.0,18.0,False,False,False,4427.207,6.064,1218,9157,Race,Monza,Italy,2023-09-03T13:00:00+00:00,Sergio PEREZ,Red Bull Racing,MEX,52.0,86.81423529411764,85.522,2.804076379760265,1.0,23.8,23.8,2.0,"['MEDIUM', 'HARD']",5.0,123.72013006864734,356.0,36.935076846113226,10.079653150273755,5805.876629332148,0.04699702620827659,15.0,8,62.0,1h 47m 36.952s ( +59.534s ),4.0,Red Bull
242,3.0,55,51.0,15.0,False,False,False,4432.336,11.193,1218,9157,Race,Monza,Italy,2023-09-03T13:00:00+00:00,Carlos SAINZ,Ferrari,ESP,52.0,86.91390196078432,85.501,2.997947492901785,1.0,25.1,25.1,2.0,"['MEDIUM', 'HARD']",1.0,123.90903532419888,343.0,48.457352491592786,20.140518607042605,5922.5431755648815,0.0033073010755676605,15.0,1,62.0,1h 46m 37.418s ( 172.275 km/h ),25.0,Ferrari
243,4.0,16,51.0,12.0,False,False,False,4432.52,11.377,1218,9157,Race,Monza,Italy,2023-09-03T13:00:00+00:00,Charles LECLERC,Ferrari,MON,52.0,86.91696078431373,85.58,2.862697671503468,1.0,23.9,23.9,2.0,"['MEDIUM', 'HARD']",3.0,123.90553347600122,355.0,52.99124537950585,26.139462494094104,5986.023012145299,0.06495094633278675,15.0,4,62.0,1h 46m 58.595s ( +21.177s ),12.0,Ferrari
244,5.0,63,51.0,10.0,False,False,False,4444.171,23.028,1218,9157,Race,Monza,Italy,2023-09-03T13:00:00+00:00,George RUSSELL,Mercedes,GBR,52.0,87.04847058823529,85.847,2.7762089788266358,1.0,24.2,24.2,2.0,"['MEDIUM', 'HARD']",4.0,125.90036408104277,337.0,44.17348044801423,16.072260359634253,5987.1870153692225,0.00391873488785748,15.0,16,61.0,Accident,0.0,Mercedes
245,6.0,44,51.0,8.0,False,False,False,4463.822,42.679,1218,9157,Race,Monza,Italy,2023-09-03T13:00:00+00:00,Lewis HAMILTON,Mercedes,GBR,52.0,87.43409803921568,85.582,2.960154680113199,1.0,24.2,24.2,2.0,"['HARD', 'MEDIUM']",8.0,,,,,,,15.0,3,62.0,1h 46m 38.687s ( +01.269s ),16.0,Mercedes
246,7.0,23,51.0,6.0,False,False,False,4466.249,45.106,1218,9157,Race,Monza,Italy,2023-09-03T13:00:00+00:00,Alexander ALBON,Williams,THA,52.0,87.57864705882353,86.389,3.0321449162170957,1.0,24.5,24.5,2.0,"['MEDIUM', 'HARD']",6.0,,,,,,,15.0,11,62.0,1h 47m 50.835s ( +1m 13.417s ),0.0,Williams
247,8.0,4,51.0,4.0,False,False,False,4466.592,45.449,1218,9157,Race,Monza,Italy,2023-09-03T13:00:00+00:00,Lando NORRIS,McLaren,GBR,52.0,87.58641176470589,86.144,2.862392441133608,1.0,23.7,23.7,2.0,"['MEDIUM', 'HARD']",9.0,,,,,,,15.0,2,62.0,1h 46m 38.230s ( +00.812s ),18.0,McLaren
248,9.0,14,51.0,2.0,False,False,False,4467.437,46.294,1218,9157,Race,Monza,Italy,2023-09-03T13:00:00+00:00,Fernando ALONSO,Aston Martin,ESP,52.0,87.60207843137255,86.105,3.079969966367449,1.0,24.7,24.7,2.0,"['MEDIUM', 'HARD']",10.0,,,,,,,15.0,15,62.0,1h 48m 05.021s ( +1m 27.603s ),0.0,Aston Martin
249,10.0,77,51.0,1.0,False,False,False,4485.199,64.056,1218,9157,Race,Monza,Italy,2023-09-03T13:00:00+00:00,Valtteri BOTTAS,Alfa Romeo,FIN,52.0,87.96878000000001,85.988,3.067692872967749,1.0,24.6,24.6,2.0,"['HARD', 'MEDIUM']",14.0,,,,,,,15.0,ab,51.0,Overheating,0.0,Alfa Romeo
250,11.0,40,51.0,0.0,False,False,False,4491.781,70.638,1218,9157,Race,Monza,Italy,2023-09-03T13:00:00+00:00,Liam LAWSON,AlphaTauri,NZL,52.0,88.10477999999999,85.842,4.183966345369387,2.0,48.4,24.2,3.0,"['MEDIUM', 'HARD']",12.0,,,,,,,15.0,9,62.0,1h 47m 43.336s ( +1m 05.918s ),2.0,AlphaTauri
251,12.0,81,51.0,0.0,False,False,False,4494.217,73.074,1218,9157,Race,Monza,Italy,2023-09-03T13:00:00+00:00,Oscar PIASTRI,McLaren,AUS,52.0,88.06674,85.072,4.85989776834611,2.0,55.8,27.9,3.0,"['MEDIUM', 'HARD']",7.0,,,,,,,15.0,7,62.0,1h 47m 18.897s ( +41.479s ),6.0,McLaren
252,13.0,2,51.0,0.0,False,False,False,4499.7,78.557,1218,9157,Race,Monza,Italy,2023-09-03T13:00:00+00:00,Logan SARGEANT,Williams,USA,52.0,88.12964,86.84,3.101510558632058,1.0,24.7,24.7,2.0,"['MEDIUM', 'HARD']",15.0,,,,,,,15.0,14,62.0,1h 48m 04.307s ( +1m 26.889s ),0.0,Williams
253,14.0,24,51.0,0.0,False,False,False,4501.307,80.164,1218,9157,Race,Monza,Italy,2023-09-03T13:00:00+00:00,ZHOU Guanyu,Alfa Romeo,CHN,52.0,88.2833,85.983,4.30148871358059,2.0,50.2,25.1,3.0,"['MEDIUM', 'HARD']",16.0,,,,,,,,,,,,
254,15.0,10,51.0,0.0,False,False,False,4503.653,82.51,1218,9157,Race,Monza,Italy,2023-09-03T13:00:00+00:00,Pierre GASLY,Alpine,FRA,52.0,88.30192,85.758,4.504129270265821,2.0,51.900000000000006,25.950000000000003,3.0,"['MEDIUM', 'HARD']",17.0,,,,,,,15.0,6,62.0,1h 47m 15.859s ( +38.441s ),8.0,Alpine
255,16.0,18,51.0,0.0,False,False,False,4508.409,87.266,1218,9157,Race,Monza,Italy,2023-09-03T13:00:00+00:00,Lance STROLL,Aston Martin,CAN,52.0,88.36077999999999,86.617,3.4509935942199226,1.0,25.6,25.6,2.0,"['MEDIUM', 'HARD']",20.0,,,,,,,15.0,f,,Pains,0.0,Aston Martin
256,17.0,27,50.0,0.0,False,False,False,,+1 LAP,1218,9157,Race,Monza,Italy,2023-09-03T13:00:00+00:00,Nico HULKENBERG,Haas F1 Team,GER,51.0,88.46969999999999,85.894,4.297289298654042,2.0,50.3,25.15,3.0,"['MEDIUM', 'HARD']",13.0,,,,,,,15.0,13,62.0,1h 48m 03.619s ( +1m 26.201s ),0.0,Haas
257,18.0,20,50.0,0.0,False,False,False,,+1 LAP,1218,9157,Race,Monza,Italy,2023-09-03T13:00:00+00:00,Kevin MAGNUSSEN,Haas F1 Team,DEN,51.0,88.6807,86.278,4.391756137285833,2.0,49.3,24.65,3.0,"['HARD', 'MEDIUM']",19.0,,,,,,,15.0,10,62.0,1h 47m 49.534s ( +1m 12.116s ),1.0,Haas
258,,31,39.0,0.0,True,False,False,,,1218,9157,Race,Monza,Italy,2023-09-03T13:00:00+00:00,Esteban OCON,Alpine,FRA,40.0,89.10882051282051,86.963,4.538924767594628,1.0,24.2,24.2,2.0,"['MEDIUM', 'HARD']",18.0,,,,,,,15.0,ab,42.0,Gearbox,0.0,Alpine
259,,22,0.0,0.0,False,True,False,,,1218,9157,Race,Monza,Italy,2023-09-03T13:00:00+00:00,Yuki TSUNODA,AlphaTauri,JPN,1.0,,,,,,,1.0,['MEDIUM'],11.0,,,,,,,15.0,ab,0.0,Collision,0.0,AlphaTauri
260,1.0,55,62.0,25.0,False,False,False,6397.418,0,1219,9165,Race,Singapore,Singapore,2023-09-17T12:00:00+00:00,Carlos SAINZ,Ferrari,ESP,63.0,103.18975806451614,97.666,14.0779544686888,1.0,29.4,29.4,2.0,"['MEDIUM', 'HARD']",1.0,112.80084388185654,296.0,43.458534714230915,24.23700294080041,6586.3398542385885,0.0,16.0,6,53.0,1h 31m 48.642s ( +50.221s ),8.0,Ferrari
261,2.0,4,62.0,18.0,False,False,False,6398.23,0.812,1219,9165,Race,Singapore,Singapore,2023-09-17T12:00:00+00:00,Lando NORRIS,McLaren,GBR,63.0,103.20316129032257,98.046,13.304136379082674,1.0,29.4,29.4,2.0,"['MEDIUM', 'HARD']",4.0,112.56813706687124,315.0,33.80475642500959,18.611123897199846,6835.385960874569,0.023091676256233217,16.0,2,53.0,1h 31m 17.808s ( +19.387s ),18.0,McLaren
262,3.0,44,62.0,16.0,False,False,False,6398.687,1.269,1219,9165,Race,Singapore,Singapore,2023-09-17T12:00:00+00:00,Lewis HAMILTON,Mercedes,GBR,63.0,103.2103064516129,95.867,14.077834006493472,2.0,66.1,33.05,3.0,"['MEDIUM', 'HARD']",5.0,112.62061117504156,321.0,34.01475514640072,16.194655414908578,6272.43751438435,0.02997059199590845,16.0,5,53.0,1h 31m 47.797s ( +49.376s ),10.0,Mercedes
263,4.0,16,62.0,12.0,False,False,False,6418.595,21.177,1219,9165,Race,Singapore,Singapore,2023-09-17T12:00:00+00:00,Charles LECLERC,Ferrari,MON,62.0,103.53156451612904,98.275,13.530940894696474,1.0,32.8,32.8,2.0,"['SOFT', 'HARD']",3.0,112.54634957166603,316.0,45.820943613348675,28.50233985423859,6698.61071474236,0.008157524613220815,16.0,4,53.0,1h 31m 42.419s ( +43.998s ),12.0,Ferrari
264,5.0,1,62.0,10.0,False,False,False,6418.859,21.441,1219,9165,Race,Singapore,Singapore,2023-09-17T12:00:00+00:00,Max VERSTAPPEN,Red Bull Racing,NED,62.0,103.53604838709677,96.575,12.581969859882726,1.0,29.6,29.6,2.0,"['HARD', 'MEDIUM']",11.0,112.4712952307889,317.0,35.717120572816775,18.080961513872907,6480.8334995524865,0.013706687124408643,16.0,1,53.0,1h 30m 58.421s ( 202.787 km/h ),26.0,Red Bull
265,6.0,10,62.0,8.0,False,False,False,6435.859,38.441,1219,9165,Race,Singapore,Singapore,2023-09-17T12:00:00+00:00,Pierre GASLY,Alpine,FRA,62.0,103.80988709677419,98.277,11.679335131684141,1.0,31.8,31.8,2.0,"['MEDIUM', 'HARD']",12.0,,,,,,,16.0,10,53.0,1h 32m 21.576s ( +1m 23.155s ),1.0,Alpine
266,7.0,81,62.0,6.0,False,False,False,6438.897,41.479,1219,9165,Race,Singapore,Singapore,2023-09-17T12:00:00+00:00,Oscar PIASTRI,McLaren,AUS,62.0,103.85762903225806,98.492,11.37126625190011,1.0,29.3,29.3,2.0,"['MEDIUM', 'HARD']",17.0,,,,,,,16.0,3,53.0,1h 31m 34.915s ( +36.494s ),15.0,McLaren
267,8.0,11,62.0,4.0,False,False,False,6456.952,59.534,1219,9165,Race,Singapore,Singapore,2023-09-17T12:00:00+00:00,Sergio PEREZ,Red Bull Racing,MEX,62.0,104.0696129032258,97.108,11.700718983590095,1.0,28.9,28.9,2.0,"['HARD', 'MEDIUM']",13.0,,,,,,,16.0,ab,15.0,Withdrew,0.0,Red Bull
268,9.0,40,62.0,2.0,False,False,False,6463.336,65.918,1219,9165,Race,Singapore,Singapore,2023-09-17T12:00:00+00:00,Liam LAWSON,AlphaTauri,NZL,62.0,104.25420967741937,99.028,11.639994696265335,1.0,32.3,32.3,2.0,"['MEDIUM', 'HARD']",10.0,,,,,,,16.0,11,52.0,,0.0,AlphaTauri
269,10.0,20,62.0,1.0,False,False,False,6469.534,72.116,1219,9165,Race,Singapore,Singapore,2023-09-17T12:00:00+00:00,Kevin MAGNUSSEN,Haas F1 Team,DEN,62.0,104.35335483870968,98.107,13.187992285703048,2.0,64.4,32.2,3.0,"['MEDIUM', 'HARD', 'SOFT']",6.0,,,,,,,16.0,15,52.0,,0.0,Haas
270,11.0,23,62.0,0.0,False,False,False,6470.835,73.417,1219,9165,Race,Singapore,Singapore,2023-09-17T12:00:00+00:00,Alexander ALBON,Williams,THA,62.0,104.3736129032258,97.342,12.914077849392058,2.0,59.8,29.9,3.0,"['MEDIUM', 'HARD']",14.0,,,,,,,16.0,ab,26.0,Undertray,0.0,Williams
271,12.0,24,62.0,0.0,False,False,False,6481.067,83.649,1219,9165,Race,Singapore,Singapore,2023-09-17T12:00:00+00:00,ZHOU Guanyu,Alfa Romeo,CHN,62.0,104.36081967213116,99.316,10.193310444450313,2.0,60.6,30.3,3.0,"['SOFT', 'HARD', 'MEDIUM']",19.0,,,,,,,,,,,,
272,13.0,27,62.0,0.0,False,False,False,6483.619,86.201,1219,9165,Race,Singapore,Singapore,2023-09-17T12:00:00+00:00,Nico HULKENBERG,Haas F1 Team,GER,62.0,104.58024193548388,99.923,11.831497312066032,1.0,35.4,35.4,2.0,"['MEDIUM', 'HARD']",9.0,,,,,,,16.0,14,52.0,,0.0,Haas
273,14.0,2,62.0,0.0,False,False,False,6484.307,86.889,1219,9165,Race,Singapore,Singapore,2023-09-17T12:00:00+00:00,Logan SARGEANT,Williams,USA,62.0,104.58991935483871,98.531,15.45816446200432,2.0,94.5,47.25,3.0,"['MEDIUM', 'HARD']",18.0,,,,,,,16.0,ab,22.0,Undertray,0.0,Williams
274,15.0,14,62.0,0.0,False,False,False,6485.021,87.603,1219,9165,Race,Singapore,Singapore,2023-09-17T12:00:00+00:00,Fernando ALONSO,Aston Martin,ESP,62.0,104.60262903225806,96.456,13.95972542854818,2.0,83.30000000000001,41.650000000000006,3.0,"['MEDIUM', 'HARD', 'SOFT']",7.0,,,,,,,16.0,8,53.0,1h 32m 13.146s ( +1m 14.725s ),4.0,Aston Martin
275,16.0,63,61.0,0.0,True,False,False,,,1219,9165,Race,Singapore,Singapore,2023-09-17T12:00:00+00:00,George RUSSELL,Mercedes,GBR,62.0,103.26696721311475,96.273,14.133704425907135,2.0,59.9,29.95,3.0,"['MEDIUM', 'HARD']",2.0,,,,,,,16.0,7,53.0,1h 31m 56.080s ( +57.659s ),6.0,Mercedes
276,,77,51.0,0.0,True,False,False,,,1219,9165,Race,Singapore,Singapore,2023-09-17T12:00:00+00:00,Valtteri BOTTAS,Alfa Romeo,FIN,52.0,105.52156862745099,98.075,11.891565878814957,1.0,30.4,30.4,2.0,"['HARD', 'MEDIUM']",16.0,,,,,,,16.0,ab,7.0,Undertray,0.0,Alfa Romeo
277,,31,42.0,0.0,True,False,False,,,1219,9165,Race,Singapore,Singapore,2023-09-17T12:00:00+00:00,Esteban OCON,Alpine,FRA,43.0,104.41664285714285,99.93,13.679419968486094,1.0,29.7,29.7,2.0,"['MEDIUM', 'HARD']",8.0,,,,,,,16.0,9,53.0,1h 32m 18.099s ( +1m 19.678s ),2.0,Alpine
278,,22,0.0,0.0,True,False,False,,,1219,9165,Race,Singapore,Singapore,2023-09-17T12:00:00+00:00,Yuki TSUNODA,AlphaTauri,JPN,1.0,,,,,,,1.0,['SOFT'],15.0,,,,,,,16.0,12,52.0,,0.0,AlphaTauri
279,1.0,1,53.0,26.0,False,False,False,5458.421,0,1220,9173,Race,Suzuka,Japan,2023-09-24T05:00:00+00:00,Max VERSTAPPEN,Red Bull Racing,NED,54.0,102.99630188679245,94.183,17.238735207693107,2.0,47.900000000000006,23.950000000000003,3.0,"['MEDIUM', 'HARD']",1.0,129.0384201585504,310.0,37.26373159682899,13.96885617214043,6488.601075877689,0.0,17.0,1,57.0,1h 27m 39.168s ( 211.250 km/h ),26.0,Red Bull
280,2.0,4,53.0,18.0,False,False,False,5477.808,19.387,1220,9173,Race,Suzuka,Japan,2023-09-24T05:00:00+00:00,Lando NORRIS,McLaren,GBR,53.0,103.362,95.247,17.132084036190015,2.0,46.6,23.3,3.0,"['MEDIUM', 'HARD']",3.0,126.8524348810872,325.0,41.8649490373726,18.337825594563988,6799.001896942243,0.004473386183465458,17.0,3,57.0,1h 27m 45.137s ( +05.969s ),15.0,McLaren
281,3.0,81,53.0,15.0,False,False,False,5494.915,36.494,1220,9173,Race,Suzuka,Japan,2023-09-24T05:00:00+00:00,Oscar PIASTRI,McLaren,AUS,53.0,103.68435849056603,96.328,17.107039197915366,2.0,47.5,23.75,3.0,"['MEDIUM', 'HARD']",2.0,126.79150622876557,330.0,41.85444507361268,17.907248018120047,6746.879190260475,0.004416761041902605,17.0,2,57.0,1h 27m 44.001s ( +04.833s ),18.0,McLaren
282,4.0,16,53.0,12.0,False,False,False,5502.419,43.998,1220,9173,Race,Suzuka,Japan,2023-09-24T05:00:00+00:00,Charles LECLERC,Ferrari,MON,53.0,103.82533962264152,96.362,16.695775652891037,2.0,46.0,23.0,3.0,"['MEDIUM', 'HARD']",4.0,126.71579841449604,331.0,47.980294450736125,23.28686296715742,6705.760305775764,0.0035956964892412233,17.0,5,57.0,1h 28m 18.144s ( +38.976s ),10.0,Ferrari
283,5.0,44,53.0,10.0,False,False,False,5507.797,49.376,1220,9173,Race,Suzuka,Japan,2023-09-24T05:00:00+00:00,Lewis HAMILTON,Mercedes,GBR,53.0,103.92752830188678,95.611,16.628291576526777,2.0,48.400000000000006,24.200000000000003,3.0,"['MEDIUM', 'HARD']",7.0,126.72129105322763,327.0,44.46619479048697,17.94586636466591,6320.830832389581,0.009003397508493771,17.0,ab,0.0,Collision,0.0,Mercedes
284,6.0,55,53.0,8.0,False,False,False,5508.642,50.221,1220,9173,Race,Suzuka,Japan,2023-09-24T05:00:00+00:00,Carlos SAINZ,Ferrari,ESP,53.0,103.94292452830189,96.187,16.64943326922879,2.0,46.3,23.15,3.0,"['MEDIUM', 'HARD']",6.0,,,,,,,17.0,np,,Fuel leak,0.0,Ferrari
285,7.0,63,53.0,6.0,False,False,False,5516.08,57.659,1220,9173,Race,Suzuka,Japan,2023-09-24T05:00:00+00:00,George RUSSELL,Mercedes,GBR,53.0,104.08354716981133,97.653,16.29859396786922,1.0,24.0,24.0,2.0,"['MEDIUM', 'HARD']",8.0,,,,,,,17.0,4,57.0,1h 28m 13.287s ( +34.119s ),12.0,Mercedes
286,8.0,14,53.0,4.0,False,False,False,5533.146,74.725,1220,9173,Race,Suzuka,Japan,2023-09-24T05:00:00+00:00,Fernando ALONSO,Aston Martin,ESP,53.0,104.40562264150942,97.203,16.387249526603604,2.0,48.2,24.1,3.0,"['SOFT', 'HARD']",10.0,,,,,,,17.0,6,57.0,1h 28m 28.200s ( +49.032s ),8.0,Aston Martin
287,9.0,31,53.0,2.0,False,False,False,5538.099,79.678,1220,9173,Race,Suzuka,Japan,2023-09-24T05:00:00+00:00,Esteban OCON,Alpine,FRA,53.0,104.49828301886792,97.398,16.131073925069355,2.0,50.7,25.35,3.0,"['MEDIUM', 'HARD']",14.0,,,,,,,17.0,7,57.0,1h 28m 41.558s ( +1m 02.390s ),6.0,Alpine
288,10.0,10,53.0,1.0,False,False,False,5541.576,83.155,1220,9173,Race,Suzuka,Japan,2023-09-24T05:00:00+00:00,Pierre GASLY,Alpine,FRA,53.0,104.56498113207546,96.371,16.365808882087723,2.0,49.0,24.5,3.0,"['MEDIUM', 'HARD']",12.0,,,,,,,17.0,12,57.0,1h 29m 01.468s ( +1m 22.300s ),0.0,Alpine
289,11.0,40,52.0,0.0,False,False,False,,+1 LAP,1220,9173,Race,Suzuka,Japan,2023-09-24T05:00:00+00:00,Liam LAWSON,AlphaTauri,NZL,52.0,105.03419230769231,98.267,16.261384134270134,2.0,46.7,23.35,3.0,"['SOFT', 'MEDIUM', 'HARD']",11.0,,,,,,,17.0,17,56.0,,0.0,AlphaTauri
290,12.0,22,52.0,0.0,False,False,False,,+1 LAP,1220,9173,Race,Suzuka,Japan,2023-09-24T05:00:00+00:00,Yuki TSUNODA,AlphaTauri,JPN,52.0,105.05367307692308,97.768,16.223576332260183,2.0,46.2,23.1,3.0,"['SOFT', 'MEDIUM', 'HARD']",9.0,,,,,,,17.0,15,56.0,,0.0,AlphaTauri
291,13.0,24,52.0,0.0,False,False,False,,+1 LAP,1220,9173,Race,Suzuka,Japan,2023-09-24T05:00:00+00:00,ZHOU Guanyu,Alfa Romeo,CHN,52.0,105.09790384615386,97.791,16.203291111182015,3.0,89.1,29.7,4.0,"['SOFT', 'HARD']",19.0,,,,,,,,,,,,
292,14.0,27,52.0,0.0,False,False,False,,+1 LAP,1220,9173,Race,Suzuka,Japan,2023-09-24T05:00:00+00:00,Nico HULKENBERG,Haas F1 Team,GER,52.0,105.15919230769231,97.25,16.47233856397489,3.0,70.4,23.46666666666667,4.0,"['SOFT', 'MEDIUM', 'HARD']",18.0,,,,,,,17.0,16,56.0,,0.0,Haas
293,15.0,20,52.0,0.0,False,False,False,,+1 LAP,1220,9173,Race,Suzuka,Japan,2023-09-24T05:00:00+00:00,Kevin MAGNUSSEN,Haas F1 Team,DEN,52.0,105.54553846153847,97.842,16.9805261558028,2.0,47.6,23.8,3.0,"['MEDIUM', 'HARD']",15.0,,,,,,,17.0,14,56.0,,0.0,Haas
294,,23,26.0,0.0,True,False,False,,,1220,9173,Race,Suzuka,Japan,2023-09-24T05:00:00+00:00,Alexander ALBON,Williams,THA,27.0,111.97965384615385,99.185,22.657588422322977,2.0,102.2,51.1,3.0,"['MEDIUM', 'SOFT']",13.0,,,,,,,17.0,13,57.0,1h 29m 10.182s ( +1m 31.014s ),0.0,Williams
295,,2,22.0,0.0,True,False,False,,,1220,9173,Race,Suzuka,Japan,2023-09-24T05:00:00+00:00,Logan SARGEANT,Williams,USA,23.0,114.51185714285714,98.848,23.687418473286026,3.0,111.6,37.199999999999996,4.0,"['MEDIUM', 'HARD']",20.0,,,,,,,17.0,ab,40.0,Exhausted,0.0,Williams
296,,18,20.0,0.0,True,False,False,,,1220,9173,Race,Suzuka,Japan,2023-09-24T05:00:00+00:00,Lance STROLL,Aston Martin,CAN,21.0,113.6842,99.05,23.952314791114265,1.0,23.4,23.4,2.0,"['SOFT', 'MEDIUM']",17.0,,,,,,,17.0,11,57.0,1h 29m 00.820s ( +1m 21.652s ),0.0,Aston Martin
297,,11,15.0,0.0,True,False,False,,,1220,9173,Race,Suzuka,Japan,2023-09-24T05:00:00+00:00,Sergio PEREZ,Red Bull Racing,MEX,16.0,292.5514,99.704,636.1284798240504,4.0,2590.3,647.575,5.0,"['MEDIUM', 'HARD', 'SOFT']",5.0,,,,,,,17.0,10,57.0,1h 28m 59.349s ( +1m 20.181s ),1.0,Red Bull
298,,77,7.0,0.0,True,False,False,,,1220,9173,Race,Suzuka,Japan,2023-09-24T05:00:00+00:00,Valtteri BOTTAS,Alfa Romeo,FIN,8.0,146.2642857142857,106.852,24.502996780763272,2.0,109.3,54.65,3.0,"['SOFT', 'HARD']",16.0,,,,,,,17.0,8,57.0,1h 28m 45.731s ( +1m 06.563s ),4.0,Alfa Romeo
299,1.0,1,57.0,26.0,False,False,False,5259.168,0,1221,9221,Race,Lusail,Qatar,2023-10-08T17:00:00+00:00,Max VERSTAPPEN,Red Bull Racing,NED,58.0,92.27215789473684,84.319,14.652481960392386,3.0,86.0,28.666666666666668,4.0,"['MEDIUM', 'HARD']",1.0,130.54782806329726,329.0,45.19565896758431,17.493451518509048,6614.239467030314,0.0008807068382624506,18.0,1,56.0,1h 35m 21.362s ( 194.055 km/h ),25.0,Red Bull
300,2.0,81,57.0,18.0,False,False,False,5264.001,4.833,1221,9221,Race,Lusail,Qatar,2023-10-08T17:00:00+00:00,Oscar PIASTRI,McLaren,AUS,57.0,92.35714035087719,84.921,14.702377480771359,3.0,84.0,28.0,4.0,"['MEDIUM', 'HARD']",6.0,128.57120940935823,333.0,47.37964146708713,18.269155373732207,6668.453961760278,0.005767209295718628,18.0,ab,10.0,Overheating,0.0,McLaren
301,3.0,4,57.0,15.0,False,False,False,5265.137,5.969,1221,9221,Race,Lusail,Qatar,2023-10-08T17:00:00+00:00,Lando NORRIS,McLaren,GBR,57.0,92.37712280701754,84.842,14.476955893110862,3.0,83.30000000000001,27.76666666666667,4.0,"['MEDIUM', 'HARD']",10.0,128.6143924543311,334.0,46.71314525980852,17.70573027642831,6714.671496349328,0.009488905934827693,18.0,2,56.0,1h 35m 32.092s ( +10.730s ),18.0,McLaren
302,4.0,63,57.0,12.0,False,False,False,5293.287,34.119,1221,9221,Race,Lusail,Qatar,2023-10-08T17:00:00+00:00,George RUSSELL,Mercedes,GBR,57.0,92.87036842105263,85.77,14.129588718146925,4.0,124.5,31.125,5.0,"['MEDIUM', 'HARD', 'SOFT']",2.0,128.65112645245603,334.0,49.358703372254894,19.18543140430126,6675.284695587943,0.015511804312622517,18.0,5,56.0,1h 35m 46.361s ( +24.999s ),10.0,Mercedes
303,5.0,16,57.0,10.0,False,False,False,5298.144,38.976,1221,9221,Race,Lusail,Qatar,2023-10-08T17:00:00+00:00,Charles LECLERC,Ferrari,MON,57.0,92.95647368421054,84.992,14.399654093198192,3.0,83.5,27.833333333333332,4.0,"['MEDIUM', 'HARD']",5.0,128.6930310520185,336.0,52.633029347424646,25.768345691638967,6755.813716298759,0.008750248586607574,18.0,dsq,56.0,Rear skid thickness below minimum threshold  1h 35m 46.024s ( +24.662s ),0.0,Ferrari
304,6.0,14,57.0,8.0,False,False,False,5308.2,49.032,1221,9221,Race,Lusail,Qatar,2023-10-08T17:00:00+00:00,Fernando ALONSO,Aston Martin,ESP,57.0,93.13319298245614,86.045,14.41160485813751,3.0,85.0,28.333333333333332,4.0,"['MEDIUM', 'HARD']",4.0,,,,,,,18.0,ab,49.0,Undertray,0.0,Aston Martin
305,7.0,31,57.0,6.0,False,False,False,5321.558,62.39,1221,9221,Race,Lusail,Qatar,2023-10-08T17:00:00+00:00,Esteban OCON,Alpine,FRA,57.0,93.36670175438597,86.45,14.318189824691174,3.0,86.9,28.96666666666667,4.0,"['MEDIUM', 'HARD']",8.0,,,,,,,18.0,ab,6.0,Undertray,0.0,Alpine
306,8.0,77,57.0,4.0,False,False,False,5325.731,66.563,1221,9221,Race,Lusail,Qatar,2023-10-08T17:00:00+00:00,Valtteri BOTTAS,Alfa Romeo,FIN,57.0,93.44012280701754,86.652,14.021899578452997,3.0,88.1,29.366666666666664,4.0,"['SOFT', 'MEDIUM', 'HARD']",9.0,,,,,,,18.0,12,56.0,1h 36m 59.963s ( +1m 38.601s ),0.0,Alfa Romeo
307,9.0,24,57.0,2.0,False,False,False,5335.295,76.127,1221,9221,Race,Lusail,Qatar,2023-10-08T17:00:00+00:00,ZHOU Guanyu,Alfa Romeo,CHN,57.0,93.60821052631579,86.323,13.938488211906575,3.0,86.5,28.833333333333332,4.0,"['MEDIUM', 'HARD', 'SOFT']",19.0,,,,,,,,,,,,
308,10.0,11,57.0,1.0,False,False,False,5339.349,80.181,1221,9221,Race,Lusail,Qatar,2023-10-08T17:00:00+00:00,Sergio PEREZ,Red Bull Racing,MEX,57.0,92.85591071428571,86.22,13.220677572069079,3.0,94.1,31.366666666666664,4.0,"['HARD', 'MEDIUM']",20.0,,,,,,,18.0,4,56.0,1h 35m 39.822s ( +18.460s ),12.0,Red Bull
309,11.0,18,57.0,0.0,False,False,False,5340.82,81.652,1221,9221,Race,Lusail,Qatar,2023-10-08T17:00:00+00:00,Lance STROLL,Aston Martin,CAN,57.0,93.52963157894737,86.352,13.890690549829683,3.0,86.2,28.733333333333334,4.0,"['MEDIUM', 'HARD']",16.0,,,,,,,18.0,7,56.0,1h 36m 10.058s ( +48.696s ),6.0,Aston Martin
310,12.0,10,57.0,0.0,False,False,False,5341.468,82.3,1221,9221,Race,Lusail,Qatar,2023-10-08T17:00:00+00:00,Pierre GASLY,Alpine,FRA,57.0,93.54066666666667,85.793,14.426035964698046,3.0,93.3,31.099999999999998,4.0,"['MEDIUM', 'HARD']",7.0,,,,,,,18.0,6,56.0,1h 36m 09.358s ( +47.996s ),8.0,Alpine
311,13.0,23,57.0,0.0,False,False,False,5350.182,91.014,1221,9221,Race,Lusail,Qatar,2023-10-08T17:00:00+00:00,Alexander ALBON,Williams,THA,57.0,93.69385964912281,86.666,14.135578870908121,3.0,86.8,28.933333333333334,4.0,"['MEDIUM', 'HARD']",13.0,,,,,,,18.0,9,56.0,1h 36m 48.076s ( +1m 26.714s ),2.0,Williams
312,14.0,20,56.0,0.0,False,False,False,,+1 LAP,1221,9221,Race,Lusail,Qatar,2023-10-08T17:00:00+00:00,Kevin MAGNUSSEN,Haas F1 Team,DEN,57.0,93.94228571428572,87.067,13.91288291112598,3.0,87.9,29.3,4.0,"['SOFT', 'MEDIUM', 'HARD']",18.0,,,,,,,18.0,14,55.0,,0.0,Haas
313,15.0,22,56.0,0.0,False,False,False,,+1 LAP,1221,9221,Race,Lusail,Qatar,2023-10-08T17:00:00+00:00,Yuki TSUNODA,AlphaTauri,JPN,56.0,94.07976785714285,87.174,14.024991510600023,3.0,83.0,27.666666666666668,4.0,"['MEDIUM', 'HARD']",11.0,,,,,,,18.0,8,56.0,1h 36m 35.747s ( +1m 14.385s ),5.0,AlphaTauri
314,16.0,27,56.0,0.0,False,False,False,,+1 LAP,1221,9221,Race,Lusail,Qatar,2023-10-08T17:00:00+00:00,Nico HULKENBERG,Haas F1 Team,GER,56.0,94.18985714285714,86.444,14.5929653767941,3.0,96.5,32.166666666666664,4.0,"['MEDIUM', 'HARD']",14.0,,,,,,,18.0,11,56.0,1h 36m 51.266s ( +1m 29.904s ),0.0,Haas
315,17.0,40,56.0,0.0,False,False,False,,+1 LAP,1221,9221,Race,Lusail,Qatar,2023-10-08T17:00:00+00:00,Liam LAWSON,AlphaTauri,NZL,56.0,94.40428571428572,87.113,13.769745589138902,3.0,86.0,28.666666666666668,4.0,"['SOFT', 'HARD', 'MEDIUM']",17.0,,,,,,,,,,,,
316,,2,40.0,0.0,True,False,False,,,1221,9221,Race,Lusail,Qatar,2023-10-08T17:00:00+00:00,Logan SARGEANT,Williams,USA,41.0,96.71447500000001,87.983,16.011783875357366,2.0,58.7,29.35,3.0,"['MEDIUM', 'HARD']",15.0,,,,,,,18.0,10,56.0,1h 36m 49.360s ( +1m 27.998s ),1.0,Williams
317,,44,0.0,0.0,True,False,False,,,1221,9221,Race,Lusail,Qatar,2023-10-08T17:00:00+00:00,Lewis HAMILTON,Mercedes,GBR,1.0,,,,,,,1.0,['SOFT'],3.0,,,,,,,18.0,dsq,56.0,Rear skid thickness below minimum threshold  1h 35m 23.587s ( +02.225s ),0.0,Mercedes
318,,55,0.0,0.0,False,True,False,,,1221,9221,Race,Lusail,Qatar,2023-10-08T17:00:00+00:00,Carlos SAINZ,Ferrari,ESP,,,,,,,,,,12.0,,,,,,,18.0,3,56.0,1h 35m 36.496s ( +15.134s ),15.0,Ferrari
319,1.0,1,56.0,25.0,False,False,False,5721.362,0,1222,9213,Race,Austin,United States,2023-10-22T19:00:00+00:00,Max VERSTAPPEN,Red Bull Racing,NED,56.0,102.17348214285714,100.028,3.905149039135014,2.0,48.599999999999994,24.299999999999997,3.0,"['MEDIUM', 'HARD']",6.0,124.83085711147118,328.0,39.67772498832834,15.23258177024689,6546.645044352292,0.012989866256556725,19.0,1,71.0,2h 02m 30.814s ( 149.545 km/h ),25.0,Red Bull
320,,44,56.0,0.0,False,False,False,5723.587,2.225,1222,9213,Race,Austin,United States,2023-10-22T19:00:00+00:00,Lewis HAMILTON,Mercedes,GBR,56.0,102.21333928571428,99.582,3.9968873174317463,2.0,49.5,24.75,3.0,"['MEDIUM', 'HARD']",3.0,,,,,,,19.0,2,71.0,2h 02m 44.689s ( +13.875s ),19.0,Mercedes
321,2.0,4,56.0,0.0,False,False,False,5732.092,10.73,1222,9213,Race,Austin,United States,2023-10-22T19:00:00+00:00,Lando NORRIS,McLaren,GBR,56.0,102.36585714285715,99.985,3.7373040571492697,2.0,47.400000000000006,23.700000000000003,3.0,"['MEDIUM', 'HARD']",2.0,122.67514349270864,333.0,38.31362425507374,13.73421580204872,6698.5236591327275,0.0073600087880701945,19.0,5,71.0,2h 03m 04.080s ( +33.266s ),10.0,McLaren
322,3.0,55,56.0,0.0,False,False,False,5736.496,15.134,1222,9213,Race,Austin,United States,2023-10-22T19:00:00+00:00,Carlos SAINZ,Ferrari,ESP,56.0,102.44369642857143,100.034,3.7416691847338672,2.0,47.2,23.6,3.0,"['MEDIUM', 'HARD']",4.0,122.98695520830472,330.0,47.72474116387005,23.83313651717793,6659.343641007333,0.01570867547304534,19.0,4,71.0,2h 02m 57.968s ( +27.154s ),12.0,Ferrari
323,4.0,11,56.0,0.0,False,False,False,5739.822,18.46,1222,9213,Race,Austin,United States,2023-10-22T19:00:00+00:00,Sergio PEREZ,Red Bull Racing,MEX,56.0,102.50307142857143,99.737,3.8895528177514085,2.0,47.9,23.95,3.0,"['MEDIUM', 'HARD']",9.0,122.55120424024386,332.0,41.00076895614204,16.76653942273364,6460.483151621674,0.007414934226787137,19.0,ab,1.0,Collision,0.0,Red Bull
324,,16,56.0,0.0,False,False,False,5746.024,24.662,1222,9213,Race,Austin,United States,2023-10-22T19:00:00+00:00,Charles LECLERC,Ferrari,MON,56.0,102.61401785714285,101.025,2.886657503953296,1.0,23.9,23.9,2.0,"['MEDIUM', 'HARD']",1.0,,,,,,,19.0,3,71.0,2h 02m 53.938s ( +23.124s ),15.0,Ferrari
325,5.0,63,56.0,0.0,False,False,False,5746.361,24.999,1222,9213,Race,Austin,United States,2023-10-22T19:00:00+00:00,George RUSSELL,Mercedes,GBR,56.0,102.62019642857142,99.393,3.9595951051942087,2.0,48.2,24.1,3.0,"['MEDIUM', 'HARD']",5.0,123.16812676791255,315.0,45.28322302474391,18.602257435531268,6568.141735094609,0.0027737346552055586,19.0,6,71.0,2h 03m 11.834s ( +41.020s ),8.0,Mercedes
326,6.0,10,56.0,0.0,False,False,False,5769.358,47.996,1222,9213,Race,Austin,United States,2023-10-22T19:00:00+00:00,Pierre GASLY,Alpine,FRA,56.0,103.03080357142858,100.412,3.88335311259199,2.0,48.7,24.35,3.0,"['MEDIUM', 'HARD']",7.0,,,,,,,19.0,11,71.0,2h 03m 37.022s ( +1m 06.208s ),0.0,Alpine
327,7.0,18,56.0,0.0,False,False,False,5770.058,48.696,1222,9213,Race,Austin,United States,2023-10-22T19:00:00+00:00,Lance STROLL,Aston Martin,CAN,56.0,102.82016363636365,99.908,3.9174498638387454,2.0,48.3,24.15,3.0,"['HARD', 'MEDIUM']",20.0,,,,,,,19.0,17,66.0,Collision,0.0,Aston Martin
328,8.0,22,56.0,0.0,False,False,False,5795.747,74.385,1222,9213,Race,Austin,United States,2023-10-22T19:00:00+00:00,Yuki TSUNODA,AlphaTauri,JPN,56.0,103.50233928571429,98.139,4.715029965302585,3.0,71.8,23.933333333333334,4.0,"['MEDIUM', 'HARD', 'SOFT']",11.0,,,,,,,19.0,12,71.0,2h 03m 49.796s ( +1m 18.982s ),0.0,AlphaTauri
329,9.0,23,56.0,0.0,False,False,False,5808.076,86.714,1222,9213,Race,Austin,United States,2023-10-22T19:00:00+00:00,Alexander ALBON,Williams,THA,56.0,103.63342857142857,101.318,4.068250863173791,2.0,48.8,24.4,3.0,"['MEDIUM', 'HARD']",15.0,,,,,,,19.0,9,71.0,2h 03m 19.387s ( +48.573s ),2.0,Williams
330,10.0,2,56.0,0.0,False,False,False,5809.36,87.998,1222,9213,Race,Austin,United States,2023-10-22T19:00:00+00:00,Logan SARGEANT,Williams,USA,56.0,103.74528571428571,101.238,4.21122474827923,2.0,50.4,25.2,3.0,"['MEDIUM', 'HARD']",16.0,,,,,,,19.0,16,70.0,Fuel pump,0.0,Williams
331,11.0,27,56.0,0.0,False,False,False,5811.266,89.904,1222,9213,Race,Austin,United States,2023-10-22T19:00:00+00:00,Nico HULKENBERG,Haas F1 Team,GER,56.0,103.60038181818182,100.925,4.089681955808215,2.0,50.8,25.4,3.0,"['HARD', 'MEDIUM']",18.0,,,,,,,19.0,13,71.0,2h 03m 51.123s ( +1m 20.309s ),0.0,Haas
332,12.0,77,56.0,0.0,False,False,False,5819.963,98.601,1222,9213,Race,Austin,United States,2023-10-22T19:00:00+00:00,Valtteri BOTTAS,Alfa Romeo,FIN,56.0,103.93535714285714,101.972,4.002018760705521,2.0,49.7,24.85,3.0,"['MEDIUM', 'HARD']",13.0,,,,,,,19.0,15,71.0,2h 03m 56.411s ( +1m 25.597s ),0.0,Alfa Romeo
333,13.0,24,55.0,0.0,False,False,False,,+1 LAP,1222,9213,Race,Austin,United States,2023-10-22T19:00:00+00:00,ZHOU Guanyu,Alfa Romeo,CHN,55.0,104.09669090909091,101.879,4.154785838723406,2.0,50.3,25.15,3.0,"['MEDIUM', 'HARD']",12.0,,,,,,,,,,,,
334,14.0,20,55.0,0.0,False,False,False,,+1 LAP,1222,9213,Race,Austin,United States,2023-10-22T19:00:00+00:00,Kevin MAGNUSSEN,Haas F1 Team,DEN,55.0,104.03448148148148,101.506,4.194690011443446,2.0,49.7,24.85,3.0,"['MEDIUM', 'HARD']",17.0,,,,,,,19.0,ab,31.0,Accident,0.0,Haas
335,15.0,3,55.0,0.0,False,False,False,,+1 LAP,1222,9213,Race,Austin,United States,2023-10-22T19:00:00+00:00,Daniel RICCIARDO,AlphaTauri,AUS,55.0,104.19658181818181,99.366,4.338663097088052,2.0,50.8,25.4,3.0,"['MEDIUM', 'HARD', 'SOFT']",14.0,,,,,,,19.0,7,71.0,2h 03m 12.384s ( +41.570s ),6.0,AlphaTauri
336,,14,49.0,0.0,True,False,False,,,1222,9213,Race,Austin,United States,2023-10-22T19:00:00+00:00,Fernando ALONSO,Aston Martin,ESP,50.0,103.453875,99.954,4.1978865991039065,2.0,49.8,24.9,3.0,"['MEDIUM', 'HARD']",19.0,,,,,,,19.0,ab,47.0,Collision damage,0.0,Aston Martin
337,,81,10.0,0.0,True,False,False,,,1222,9213,Race,Austin,United States,2023-10-22T19:00:00+00:00,Oscar PIASTRI,McLaren,AUS,11.0,105.99560000000001,102.705,7.913948209753876,,,,1.0,['MEDIUM'],10.0,,,,,,,19.0,8,71.0,2h 03m 13.918s ( +43.104s ),4.0,McLaren
338,,31,6.0,0.0,True,False,False,,,1222,9213,Race,Austin,United States,2023-10-22T19:00:00+00:00,Esteban OCON,Alpine,FRA,7.0,108.14016666666667,104.789,2.3057725314233997,,,,1.0,['MEDIUM'],8.0,,,,,,,19.0,10,71.0,2h 03m 33.693s ( +1m 02.879s ),1.0,Alpine
339,1.0,1,71.0,25.0,False,False,False,7350.814,0,1223,9181,Race,Mexico City,Mexico,2023-10-29T20:00:00+00:00,Max VERSTAPPEN,Red Bull Racing,NED,72.0,103.5377042253521,81.644,148.32105260514092,3.0,1253.8,417.93333333333334,4.0,"['MEDIUM', 'HARD']",3.0,103.00686306550259,353.0,31.453219104533357,16.67295391941734,5626.2907698772115,0.006022690134926934,20.0,1,71,1h 56m 48.894s ( 157.110 km/h ),25.0,Red Bull
340,2.0,44,71.0,19.0,False,False,False,7364.689,13.875,1223,9181,Race,Mexico City,Mexico,2023-10-29T20:00:00+00:00,Lewis HAMILTON,Mercedes,GBR,71.0,103.73302816901409,81.334,148.80052258759727,2.0,1235.1000000000001,617.5500000000001,3.0,"['MEDIUM', 'HARD']",6.0,103.0065129090994,349.0,35.813600074700034,20.292263877865448,5551.21709696998,0.020845977870115318,20.0,8,71,1h 57m 51.753s ( +1m 02.859s ),4.0,Mercedes
341,3.0,16,71.0,15.0,False,False,False,7373.938,23.124,1223,9181,Race,Mexico City,Mexico,2023-10-29T20:00:00+00:00,Charles LECLERC,Ferrari,MON,71.0,103.86384507042253,82.332,148.42556906810208,2.0,1232.7,616.35,3.0,"['MEDIUM', 'HARD']",1.0,101.41096689854801,332.0,42.273892338577895,27.04225220598534,5809.018184789205,0.0,20.0,np,tf,Hydraulics,0.0,Ferrari
342,4.0,55,71.0,12.0,False,False,False,7377.968,27.154,1223,9181,Race,Mexico City,Mexico,2023-10-29T20:00:00+00:00,Carlos SAINZ,Ferrari,ESP,71.0,103.92002816901409,82.539,148.80829205591738,2.0,1237.4,618.7,3.0,"['MEDIUM', 'HARD']",2.0,101.73936691722302,335.0,37.18941127036743,20.890704514683225,5868.334562771372,0.0,20.0,6,71,1h 57m 39.082s ( +50.188s ),8.0,Ferrari
343,5.0,4,71.0,10.0,False,False,False,7384.08,33.266,1223,9181,Race,Mexico City,Mexico,2023-10-29T20:00:00+00:00,Lando NORRIS,McLaren,GBR,71.0,104.00598591549296,81.944,149.1511084306777,3.0,1272.2,424.06666666666666,4.0,"['SOFT', 'HARD', 'MEDIUM']",17.0,101.85652924973155,360.0,34.08235678603109,19.596152948316917,5826.746790232971,0.036976516177225825,20.0,2,71,1h 56m 57.171s ( +08.277s ),19.0,McLaren
344,6.0,63,71.0,8.0,False,False,False,7391.834,41.02,1223,9181,Race,Mexico City,Mexico,2023-10-29T20:00:00+00:00,George RUSSELL,Mercedes,GBR,71.0,104.11533802816902,82.78,148.86717788206312,2.0,1240.5,620.25,3.0,"['MEDIUM', 'HARD']",8.0,,,,,,,20.0,ab,57,Oil temperature,0.0,Mercedes
345,7.0,3,71.0,6.0,False,False,False,7392.384,41.57,1223,9181,Race,Mexico City,Mexico,2023-10-29T20:00:00+00:00,Daniel RICCIARDO,AlphaTauri,AUS,71.0,104.12243661971831,82.679,148.70663811398532,2.0,1239.5,619.75,3.0,"['MEDIUM', 'HARD']",4.0,,,,,,,20.0,13,70,,0.0,AlphaTauri
346,8.0,81,71.0,4.0,False,False,False,7393.918,43.104,1223,9181,Race,Mexico City,Mexico,2023-10-29T20:00:00+00:00,Oscar PIASTRI,McLaren,AUS,71.0,104.144,82.76,148.9120862837246,2.0,1242.7,621.35,3.0,"['MEDIUM', 'HARD']",7.0,,,,,,,20.0,14,69,,0.0,McLaren
347,9.0,23,71.0,2.0,False,False,False,7399.387,48.573,1223,9181,Race,Mexico City,Mexico,2023-10-29T20:00:00+00:00,Alexander ALBON,Williams,THA,71.0,104.22095774647887,82.773,148.9852588009428,2.0,1251.5,625.75,3.0,"['HARD', 'MEDIUM']",14.0,,,,,,,20.0,ab,0,Collision,0.0,Williams
348,10.0,31,71.0,1.0,False,False,False,7413.693,62.879,1223,9181,Race,Mexico City,Mexico,2023-10-29T20:00:00+00:00,Esteban OCON,Alpine,FRA,71.0,104.42342253521127,82.976,149.00537424436956,1.0,1226.2,1226.2,2.0,"['HARD', 'MEDIUM']",15.0,,,,,,,20.0,10,70,,1.0,Alpine
349,11.0,10,71.0,0.0,False,False,False,7417.022,66.208,1223,9181,Race,Mexico City,Mexico,2023-10-29T20:00:00+00:00,Pierre GASLY,Alpine,FRA,71.0,104.46987323943662,83.23,148.98097579958988,2.0,1248.1999999999998,624.0999999999999,3.0,"['MEDIUM', 'HARD']",11.0,,,,,,,20.0,7,71,1h 57m 44.987s ( +56.093s ),6.0,Alpine
350,12.0,22,71.0,0.0,False,False,False,7429.796,78.982,1223,9181,Race,Mexico City,Mexico,2023-10-29T20:00:00+00:00,Yuki TSUNODA,AlphaTauri,JPN,71.0,104.65025352112677,82.501,148.5657968065442,2.0,1248.1,624.05,3.0,"['MEDIUM', 'HARD']",18.0,,,,,,,20.0,9,71,1h 57m 58.774s ( +1m 09.880s ),2.0,AlphaTauri
351,13.0,27,71.0,0.0,False,False,False,7431.123,80.309,1223,9181,Race,Mexico City,Mexico,2023-10-29T20:00:00+00:00,Nico HULKENBERG,Haas F1 Team,GER,71.0,104.669,83.222,148.7535131836748,2.0,1242.8999999999999,621.4499999999999,3.0,"['MEDIUM', 'HARD']",12.0,,,,,,,20.0,12,70,,0.0,Haas
352,14.0,24,71.0,0.0,False,False,False,7432.49,81.676,1223,9181,Race,Mexico City,Mexico,2023-10-29T20:00:00+00:00,ZHOU Guanyu,Alfa Romeo,CHN,71.0,104.68804225352112,83.567,148.7538227793478,2.0,1252.3,626.15,3.0,"['MEDIUM', 'HARD']",10.0,,,,,,,,,,,,
353,15.0,77,71.0,0.0,False,False,False,7436.411,85.597,1223,9181,Race,Mexico City,Mexico,2023-10-29T20:00:00+00:00,Valtteri BOTTAS,Alfa Romeo,FIN,71.0,104.67281690140845,83.166,148.8658443339707,2.0,1252.8999999999999,626.4499999999999,3.0,"['MEDIUM', 'HARD']",9.0,,,,,,,20.0,ab,39,Hydraulics,0.0,Alfa Romeo
354,16.0,2,70.0,0.0,True,False,False,,,1223,9181,Race,Mexico City,Mexico,2023-10-29T20:00:00+00:00,Logan SARGEANT,Williams,USA,71.0,104.88881428571428,83.003,149.91036052180183,2.0,1251.6000000000001,625.8000000000001,3.0,"['MEDIUM', 'HARD']",19.0,,,,,,,20.0,11,70,,0.0,Williams
355,17.0,18,66.0,0.0,True,False,False,,,1223,9181,Race,Mexico City,Mexico,2023-10-29T20:00:00+00:00,Lance STROLL,Aston Martin,CAN,67.0,106.57423076923077,83.257,155.58487390727544,2.0,1252.1,626.05,3.0,"['MEDIUM', 'HARD']",20.0,,,,,,,20.0,5,71,1h 57m 29.739s ( +40.845s ),10.0,Aston Martin
356,,14,47.0,0.0,True,False,False,,,1223,9181,Race,Mexico City,Mexico,2023-10-29T20:00:00+00:00,Fernando ALONSO,Aston Martin,ESP,48.0,115.30746808510638,83.531,182.6869242144879,2.0,1252.6,626.3,3.0,"['MEDIUM', 'HARD']",13.0,,,,,,,20.0,3,71,1h 57m 23.049s ( +34.155s ),15.0,Aston Martin
357,,20,31.0,0.0,True,False,False,,,1223,9181,Race,Mexico City,Mexico,2023-10-29T20:00:00+00:00,Kevin MAGNUSSEN,Haas F1 Team,DEN,32.0,86.65745161290322,83.146,5.248428938509185,1.0,23.6,23.6,2.0,"['MEDIUM', 'HARD']",16.0,,,,,,,20.0,ab,0,Collision,0.0,Haas
358,,11,1.0,0.0,True,False,False,,,1223,9181,Race,Mexico City,Mexico,2023-10-29T20:00:00+00:00,Sergio PEREZ,Red Bull Racing,MEX,2.0,103.812,103.812,,,,,1.0,['MEDIUM'],5.0,,,,,,,20.0,4,71,1h 57m 23.102s ( +34.208s ),12.0,Red Bull
359,1.0,1,71.0,25.0,False,False,False,7008.894,0,1224,9205,Race,Interlagos,Brazil,2023-11-05T17:00:00+00:00,Max VERSTAPPEN,Red Bull Racing,NED,71.0,98.72142253521127,73.422,172.1194756984364,4.0,1467.3,366.825,5.0,"['SOFT', 'MEDIUM']",1.0,106.97163566078763,326.0,33.29550616090843,13.9059676250302,5610.975936216478,0.0012563421116211645,21.0,1,50.0,1h 29m 08.289s ( 208.637 km/h ),25.0,Red Bull
360,2.0,4,71.0,19.0,False,False,False,7017.171,8.277,1224,9205,Race,Interlagos,Brazil,2023-11-05T17:00:00+00:00,Lando NORRIS,McLaren,GBR,71.0,98.83788732394366,72.486,172.254586297106,4.0,1471.3,367.825,5.0,"['SOFT', 'MEDIUM']",6.0,105.54404445518242,327.0,36.0757187726504,17.57593621647741,5781.85453007973,0.003599903358299106,21.0,ab,2.0,Accident,0.0,McLaren
361,3.0,14,71.0,15.0,False,False,False,7043.049,34.155,1224,9205,Race,Interlagos,Brazil,2023-11-05T17:00:00+00:00,Fernando ALONSO,Aston Martin,ESP,71.0,99.20239436619718,74.442,172.73787478393623,4.0,1474.5,368.625,5.0,"['SOFT', 'MEDIUM']",4.0,105.69333172263832,328.0,32.59263107030684,12.175404687122493,5618.390142546509,0.0016187484899734235,21.0,9,50.0,1h 29m 34.253s ( +25.964s ),2.0,Aston Martin
362,4.0,11,71.0,12.0,False,False,False,7043.102,34.208,1224,9205,Race,Interlagos,Brazil,2023-11-05T17:00:00+00:00,Sergio PEREZ,Red Bull Racing,MEX,71.0,99.20298591549296,74.124,172.779814486985,4.0,1479.1,369.775,5.0,"['SOFT', 'MEDIUM']",9.0,106.7919787388258,339.0,32.349891278086496,12.935491664653298,5631.363807683015,0.03201256342111621,21.0,3,50.0,1h 29m 10.530s ( +02.241s ),15.0,Red Bull
363,5.0,18,71.0,10.0,False,False,False,7049.739,40.845,1224,9205,Race,Interlagos,Brazil,2023-11-05T17:00:00+00:00,Lance STROLL,Aston Martin,CAN,71.0,99.29677464788732,74.007,172.67294044466152,4.0,1477.1000000000001,369.27500000000003,5.0,"['SOFT', 'MEDIUM']",3.0,105.66064266731094,330.0,31.777554964967383,13.520173955061608,5735.598308770234,0.016912297656438754,21.0,5,50.0,1h 29m 28.356s ( +20.067s ),10.0,Aston Martin
364,6.0,55,71.0,8.0,False,False,False,7059.082,50.188,1224,9205,Race,Interlagos,Brazil,2023-11-05T17:00:00+00:00,Carlos SAINZ,Ferrari,ESP,71.0,99.42791549295775,74.406,173.0063060015647,4.0,1483.9,370.975,5.0,"['SOFT', 'MEDIUM']",7.0,,,,,,,21.0,6,50.0,1h 29m 29.123s ( +20.834s ),8.0,Ferrari
365,7.0,10,71.0,6.0,False,False,False,7064.987,56.093,1224,9205,Race,Interlagos,Brazil,2023-11-05T17:00:00+00:00,Pierre GASLY,Alpine,FRA,71.0,99.51202816901409,74.521,175.94197378470074,4.0,1485.9,371.475,5.0,"['SOFT', 'MEDIUM']",15.0,,,,,,,21.0,11,50.0,1h 29m 42.559s ( +34.270s ),0.0,Alpine
366,8.0,44,71.0,4.0,False,False,False,7071.753,62.859,1224,9205,Race,Interlagos,Brazil,2023-11-05T17:00:00+00:00,Lewis HAMILTON,Mercedes,GBR,71.0,99.6070985915493,74.739,172.66847822891742,4.0,1472.3,368.075,5.0,"['SOFT', 'MEDIUM']",5.0,,,,,,,21.0,7,50.0,1h 29m 30.044s ( +21.755s ),6.0,Mercedes
367,9.0,22,71.0,2.0,False,False,False,7078.774,69.88,1224,9205,Race,Interlagos,Brazil,2023-11-05T17:00:00+00:00,Yuki TSUNODA,AlphaTauri,JPN,71.0,99.70560563380282,74.231,176.14724903658453,4.0,1486.8000000000002,371.70000000000005,5.0,"['SOFT', 'MEDIUM']",16.0,,,,,,,21.0,18,46.0,Gearbox,0.0,AlphaTauri
368,10.0,31,70.0,1.0,False,False,False,,+1 LAP,1224,9205,Race,Interlagos,Brazil,2023-11-05T17:00:00+00:00,Esteban OCON,Alpine,FRA,70.0,100.27224285714286,74.206,177.70316834398557,5.0,1508.8000000000002,301.76000000000005,6.0,"['SOFT', 'MEDIUM']",14.0,,,,,,,21.0,4,50.0,1h 29m 26.954s ( +18.665s ),12.0,Alpine
369,11.0,2,70.0,0.0,False,False,False,,+1 LAP,1224,9205,Race,Interlagos,Brazil,2023-11-05T17:00:00+00:00,Logan SARGEANT,Williams,USA,70.0,100.5059,75.738,176.40667597066403,4.0,1497.0000000000002,374.25000000000006,5.0,"['MEDIUM', 'SOFT']",19.0,,,,,,,21.0,16,50.0,1h 29m 59.171s ( +50.882s ),0.0,Williams
370,12.0,27,70.0,0.0,False,False,False,,+1 LAP,1224,9205,Race,Interlagos,Brazil,2023-11-05T17:00:00+00:00,Nico HULKENBERG,Haas F1 Team,GER,70.0,100.5596857142857,75.036,175.9581459733068,4.0,1503.4,375.85,5.0,"['SOFT', 'MEDIUM']",11.0,,,,,,,21.0,19,45.0,Engine,0.0,Haas
371,13.0,3,70.0,0.0,False,False,False,,+1 LAP,1224,9205,Race,Interlagos,Brazil,2023-11-05T17:00:00+00:00,Daniel RICCIARDO,AlphaTauri,AUS,70.0,101.13077142857144,73.866,191.5911920573256,4.0,1656.8,414.2,5.0,"['SOFT', 'MEDIUM']",17.0,,,,,,,21.0,14,50.0,1h 29m 56.814s ( +48.525s ),0.0,AlphaTauri
372,14.0,81,69.0,0.0,False,False,False,,+2 LAPS,1224,9205,Race,Interlagos,Brazil,2023-11-05T17:00:00+00:00,Oscar PIASTRI,McLaren,AUS,69.0,101.63582608695653,74.31,193.59716779497063,4.0,1669.2,417.3,5.0,"['SOFT', 'MEDIUM']",10.0,,,,,,,21.0,10,50.0,1h 29m 37.785s ( +29.496s ),2.0,McLaren
373,,63,57.0,0.0,True,False,False,,,1224,9205,Race,Interlagos,Brazil,2023-11-05T17:00:00+00:00,George RUSSELL,Mercedes,GBR,58.0,106.21436842105263,74.934,192.794430687625,4.0,1478.9,369.725,5.0,"['SOFT', 'MEDIUM']",8.0,,,,,,,21.0,8,50.0,1h 29m 31.380s ( +23.091s ),4.0,Mercedes
374,,77,39.0,0.0,True,False,False,,,1224,9205,Race,Interlagos,Brazil,2023-11-05T17:00:00+00:00,Valtteri BOTTAS,Alfa Romeo,FIN,40.0,119.26007692307692,75.731,236.6244535291474,3.0,1462.8,487.59999999999997,4.0,"['SOFT', 'MEDIUM']",18.0,,,,,,,21.0,17,50.0,1h 30m 33.639s ( +1m 25.350s ),0.0,Alfa Romeo
375,,24,22.0,0.0,True,False,False,,,1224,9205,Race,Interlagos,Brazil,2023-11-05T17:00:00+00:00,ZHOU Guanyu,Alfa Romeo,CHN,23.0,152.30427272727272,76.232,313.54011040484755,3.0,1465.0000000000002,488.3333333333334,4.0,"['SOFT', 'MEDIUM']",20.0,,,,,,,,,,,,
376,,20,0.0,0.0,True,False,False,,,1224,9205,Race,Interlagos,Brazil,2023-11-05T17:00:00+00:00,Kevin MAGNUSSEN,Haas F1 Team,DEN,1.0,,,,,,,1.0,['SOFT'],12.0,,,,,,,21.0,13,50.0,1h 29m 53.114s ( +44.825s ),0.0,Haas
377,,23,0.0,0.0,True,False,False,,,1224,9205,Race,Interlagos,Brazil,2023-11-05T17:00:00+00:00,Alexander ALBON,Williams,THA,1.0,,,,,,,1.0,['SOFT'],13.0,,,,,,,21.0,12,50.0,1h 29m 51.687s ( +43.398s ),0.0,Williams
378,,16,0.0,0.0,False,True,False,,,1224,9205,Race,Interlagos,Brazil,2023-11-05T17:00:00+00:00,Charles LECLERC,Ferrari,MON,1.0,,,,,,,1.0,['SOFT'],2.0,,,,,,,21.0,2,50.0,1h 29m 10.359s ( +02.070s ),18.0,Ferrari
379,1.0,1,50.0,25.0,False,False,False,5348.289,0,1225,9189,Race,Las Vegas,United States,2023-11-19T06:00:00+00:00,Max VERSTAPPEN,Red Bull Racing,NED,51.0,106.97298,95.614,22.442219324836874,2.0,47.900000000000006,23.950000000000003,3.0,"['MEDIUM', 'HARD']",2.0,177.63242645251168,358.0,53.18298778988773,20.65836269769729,8803.1405801852,0.017085962468245515,22.0,1.0,58.0,1h 27m 02.624s ( 211.055 km/h ),26.0,Red Bull
380,2.0,16,50.0,18.0,False,False,False,5350.359,2.07,1225,9189,Race,Las Vegas,United States,2023-11-19T06:00:00+00:00,Charles LECLERC,Ferrari,MON,51.0,107.01708,95.669,22.673677465956064,1.0,22.5,22.5,2.0,"['MEDIUM', 'HARD']",1.0,177.51393100057362,354.0,56.905883799065805,23.480947308039006,8907.401458657707,0.025731377530115545,22.0,2.0,58.0,1h 27m 20.617s ( +17.993s ),18.0,Ferrari
381,3.0,11,50.0,15.0,False,False,False,5350.53,2.241,1225,9189,Race,Las Vegas,United States,2023-11-19T06:00:00+00:00,Sergio PEREZ,Red Bull Racing,MEX,51.0,107.02062,95.939,22.11510689402802,2.0,55.0,27.5,3.0,"['MEDIUM', 'HARD']",11.0,177.13058264361223,356.0,53.59850036876178,17.886421371793823,8789.097025321642,0.028148815864951243,22.0,4.0,58.0,1h 27m 24.077s ( +21.453s ),12.0,Red Bull
382,4.0,31,50.0,12.0,False,False,False,5366.954,18.665,1225,9189,Race,Las Vegas,United States,2023-11-19T06:00:00+00:00,Esteban OCON,Alpine,FRA,50.0,107.34665999999999,96.637,21.082156586825462,1.0,21.7,21.7,2.0,"['MEDIUM', 'HARD']",16.0,177.18208637220354,360.0,54.97484225190527,21.551585675653527,8905.936450053265,0.021756945013521264,22.0,12.0,58.0,1h 28m 08.997s ( +1m 06.373s ),0.0,Alpine
383,5.0,18,50.0,10.0,False,False,False,5368.356,20.067,1225,9189,Race,Las Vegas,United States,2023-11-19T06:00:00+00:00,Lance STROLL,Aston Martin,CAN,50.0,107.37544,96.584,22.02185935092305,2.0,44.7,22.35,3.0,"['SOFT', 'HARD']",19.0,177.32451036630337,354.0,54.390068016061626,21.008112759157584,8828.454068671637,0.02818978939605015,22.0,10.0,58.0,1h 27m 58.256s ( +55.632s ),1.0,Aston Martin
384,6.0,55,50.0,8.0,False,False,False,5369.123,20.834,1225,9189,Race,Las Vegas,United States,2023-11-19T06:00:00+00:00,Carlos SAINZ,Ferrari,ESP,50.0,107.39040000000001,95.984,21.29203622321295,2.0,43.8,21.9,3.0,"['MEDIUM', 'HARD']",12.0,,,,,,,22.0,18.0,57.0,Engine,0.0,Ferrari
385,7.0,44,50.0,6.0,False,False,False,5370.044,21.755,1225,9189,Race,Las Vegas,United States,2023-11-19T06:00:00+00:00,Lewis HAMILTON,Mercedes,GBR,50.0,107.40888000000001,95.716,19.93456789828734,2.0,47.5,23.75,3.0,"['HARD', 'MEDIUM']",10.0,,,,,,,22.0,9.0,58.0,1h 27m 47.048s ( +44.424s ),2.0,Mercedes
386,8.0,63,50.0,4.0,False,False,False,5371.38,23.091,1225,9189,Race,Las Vegas,United States,2023-11-19T06:00:00+00:00,George RUSSELL,Mercedes,GBR,50.0,107.3362,96.071,22.096957105133782,2.0,43.099999999999994,21.549999999999997,3.0,"['MEDIUM', 'HARD']",3.0,,,,,,,22.0,3.0,58.0,1h 27m 22.952s ( +20.328s ),15.0,Mercedes
387,9.0,14,50.0,2.0,False,False,False,5374.253,25.964,1225,9189,Race,Las Vegas,United States,2023-11-19T06:00:00+00:00,Fernando ALONSO,Aston Martin,ESP,50.0,107.4923,96.559,20.16850477216637,2.0,52.5,26.25,3.0,"['MEDIUM', 'HARD']",9.0,,,,,,,22.0,7.0,58.0,1h 27m 42.136s ( +39.512s ),6.0,Aston Martin
388,10.0,81,50.0,2.0,False,False,False,5377.785,29.496,1225,9189,Race,Las Vegas,United States,2023-11-19T06:00:00+00:00,Oscar PIASTRI,McLaren,AUS,50.0,107.56381999999999,95.49,20.868289904502657,2.0,43.7,21.85,3.0,"['HARD', 'MEDIUM']",18.0,,,,,,,22.0,6.0,58.0,1h 27m 34.111s ( +31.487s ),8.0,McLaren
389,11.0,10,50.0,0.0,False,False,False,5382.559,34.27,1225,9189,Race,Las Vegas,United States,2023-11-19T06:00:00+00:00,Pierre GASLY,Alpine,FRA,50.0,107.65842,96.913,21.296702833901556,1.0,22.2,22.2,2.0,"['MEDIUM', 'HARD']",4.0,,,,,,,22.0,13.0,58.0,1h 28m 12.984s ( +1m 10.360s ),0.0,Alpine
390,12.0,23,50.0,0.0,False,False,False,5391.687,43.398,1225,9189,Race,Las Vegas,United States,2023-11-19T06:00:00+00:00,Alexander ALBON,Williams,THA,50.0,107.8408,97.357,20.985503414286274,1.0,21.2,21.2,2.0,"['MEDIUM', 'HARD']",5.0,,,,,,,22.0,14.0,58.0,1h 28m 15.808s ( +1m 13.184s ),0.0,Williams
391,13.0,20,50.0,0.0,False,False,False,5393.114,44.825,1225,9189,Race,Las Vegas,United States,2023-11-19T06:00:00+00:00,Kevin MAGNUSSEN,Haas F1 Team,DEN,50.0,107.87096,97.455,20.101531583398494,2.0,43.400000000000006,21.700000000000003,3.0,"['MEDIUM', 'HARD']",8.0,,,,,,,22.0,20.0,57.0,,0.0,Haas
392,14.0,3,50.0,0.0,False,False,False,5396.814,48.525,1225,9189,Race,Las Vegas,United States,2023-11-19T06:00:00+00:00,Daniel RICCIARDO,AlphaTauri,AUS,50.0,107.9467,97.108,19.24929506607491,1.0,22.2,22.2,2.0,"['MEDIUM', 'HARD']",14.0,,,,,,,22.0,11.0,58.0,1h 27m 58.853s ( +56.229s ),0.0,AlphaTauri
393,15.0,24,50.0,0.0,False,False,False,5398.451,50.162,1225,9189,Race,Las Vegas,United States,2023-11-19T06:00:00+00:00,ZHOU Guanyu,Alfa Romeo,CHN,50.0,107.97916,97.375,20.268972039175974,1.0,22.1,22.1,2.0,"['HARD', 'MEDIUM']",17.0,,,,,,,,,,,,
394,16.0,2,50.0,0.0,False,False,False,5399.171,50.882,1225,9189,Race,Las Vegas,United States,2023-11-19T06:00:00+00:00,Logan SARGEANT,Williams,USA,50.0,107.98944,97.74,20.570112176293687,1.0,21.3,21.3,2.0,"['MEDIUM', 'HARD']",6.0,,,,,,,22.0,16.0,58.0,1h 28m 30.415s ( +1m 27.791s ),0.0,Williams
395,17.0,77,50.0,0.0,False,False,False,5433.639,85.35,1225,9189,Race,Las Vegas,United States,2023-11-19T06:00:00+00:00,Valtteri BOTTAS,Alfa Romeo,FIN,50.0,108.68068,97.562,16.695274167505097,2.0,65.4,32.7,3.0,"['MEDIUM', 'HARD']",7.0,,,,,,,22.0,19.0,57.0,,0.0,Alfa Romeo
396,18.0,22,46.0,0.0,True,False,False,,,1225,9189,Race,Las Vegas,United States,2023-11-19T06:00:00+00:00,Yuki TSUNODA,AlphaTauri,JPN,47.0,109.11749999999999,97.587,18.587216702466357,2.0,41.400000000000006,20.700000000000003,3.0,"['SOFT', 'MEDIUM', 'HARD']",20.0,,,,,,,22.0,8.0,58.0,1h 27m 45.712s ( +43.088s ),4.0,AlphaTauri
397,19.0,27,45.0,0.0,True,False,False,,,1225,9189,Race,Las Vegas,United States,2023-11-19T06:00:00+00:00,Nico HULKENBERG,Haas F1 Team,GER,46.0,108.98197777777779,97.565,20.676007443289187,2.0,47.5,23.75,3.0,"['MEDIUM', 'HARD']",13.0,,,,,,,22.0,15.0,58.0,1h 28m 26.320s ( +1m 23.696s ),0.0,Haas
398,,4,2.0,0.0,True,False,False,,,1225,9189,Race,Las Vegas,United States,2023-11-19T06:00:00+00:00,Lando NORRIS,McLaren,GBR,3.0,125.0375,119.327,8.075866547931554,,,,1.0,['MEDIUM'],15.0,,,,,,,22.0,5.0,58.0,1h 27m 26.908s ( +24.284s ),10.0,McLaren
399,1.0,1,58.0,26.0,False,False,False,5222.624,0,1226,9197,Race,Yas Marina Circuit,United Arab Emirates,2023-11-26T13:00:00+00:00,Max VERSTAPPEN,Red Bull Racing,NED,59.0,90.05220689655172,86.993,3.8391058478282156,2.0,42.8,21.4,3.0,"['MEDIUM', 'HARD']",1.0,128.87094100160073,333.0,44.2159844500343,15.485021724216784,6470.013634804482,0.004344843356963183,,,,,,
400,2.0,16,58.0,18.0,False,False,False,5240.617,17.993,1226,9197,Race,Yas Marina Circuit,United Arab Emirates,2023-11-26T13:00:00+00:00,Charles LECLERC,Ferrari,MON,58.0,90.36177586206897,88.199,3.833651838986555,2.0,43.099999999999994,21.549999999999997,3.0,"['MEDIUM', 'HARD']",2.0,127.1910587697233,332.0,48.16073061971187,19.96546992911045,6655.319403155729,0.004402012348502173,,,,,,
401,3.0,63,58.0,15.0,False,False,False,5242.952,20.328,1226,9197,Race,Yas Marina Circuit,United Arab Emirates,2023-11-26T13:00:00+00:00,George RUSSELL,Mercedes,GBR,58.0,90.40363793103448,88.187,3.827013244735127,2.0,43.6,21.8,3.0,"['MEDIUM', 'HARD']",4.0,129.3624514063572,332.0,46.38932083238052,16.86816830551109,6595.2715241253145,0.027098101989480906,,,,,,
402,4.0,11,58.0,12.0,False,False,False,5244.077,21.453,1226,9197,Race,Yas Marina Circuit,United Arab Emirates,2023-11-26T13:00:00+00:00,Sergio PEREZ,Red Bull Racing,MEX,58.0,90.3416724137931,87.493,3.885712305211848,2.0,42.599999999999994,21.299999999999997,3.0,"['MEDIUM', 'HARD']",9.0,126.70846672764692,343.0,40.458295220672305,11.08598216327464,6290.917276469243,0.033901211982620624,,,,,,
403,5.0,4,58.0,10.0,False,False,False,5246.908,24.284,1226,9197,Race,Yas Marina Circuit,United Arab Emirates,2023-11-26T13:00:00+00:00,Lando NORRIS,McLaren,GBR,58.0,90.4731551724138,88.164,4.0136500594920514,2.0,45.4,22.7,3.0,"['MEDIUM', 'HARD']",5.0,126.87011205122342,333.0,41.30962725817517,13.082437685799222,6506.112079807912,0.024611250857534874,,,,,,
404,6.0,81,58.0,8.0,False,False,False,5254.111,31.487,1226,9197,Race,Yas Marina Circuit,United Arab Emirates,2023-11-26T13:00:00+00:00,Oscar PIASTRI,McLaren,AUS,58.0,90.59581034482758,88.138,3.696064229415023,2.0,42.7,21.35,3.0,"['MEDIUM', 'HARD']",3.0,,,,,,,,,,,,
405,7.0,14,58.0,6.0,False,False,False,5262.136,39.512,1226,9197,Race,Yas Marina Circuit,United Arab Emirates,2023-11-26T13:00:00+00:00,Fernando ALONSO,Aston Martin,ESP,58.0,90.73462068965517,88.256,3.940827577292666,2.0,44.2,22.1,3.0,"['MEDIUM', 'HARD']",7.0,,,,,,,,,,,,
406,8.0,22,58.0,4.0,False,False,False,5265.712,43.088,1226,9197,Race,Yas Marina Circuit,United Arab Emirates,2023-11-26T13:00:00+00:00,Yuki TSUNODA,AlphaTauri,JPN,58.0,90.80137931034481,89.256,2.8324065821456395,1.0,21.4,21.4,2.0,"['MEDIUM', 'HARD']",6.0,,,,,,,,,,,,
407,9.0,44,58.0,2.0,False,False,False,5267.048,44.424,1226,9197,Race,Yas Marina Circuit,United Arab Emirates,2023-11-26T13:00:00+00:00,Lewis HAMILTON,Mercedes,GBR,58.0,90.81884482758622,88.372,3.914682101774701,2.0,44.1,22.05,3.0,"['MEDIUM', 'HARD']",11.0,,,,,,,,,,,,
408,10.0,18,58.0,1.0,False,False,False,5278.256,55.632,1226,9197,Race,Yas Marina Circuit,United Arab Emirates,2023-11-26T13:00:00+00:00,Lance STROLL,Aston Martin,CAN,58.0,91.01056896551725,88.05,3.7025007154343514,2.0,43.400000000000006,21.700000000000003,3.0,"['HARD', 'MEDIUM']",13.0,,,,,,,,,,,,
409,11.0,3,58.0,0.0,False,False,False,5278.853,56.229,1226,9197,Race,Yas Marina Circuit,United Arab Emirates,2023-11-26T13:00:00+00:00,Daniel RICCIARDO,AlphaTauri,AUS,58.0,91.02234482758621,88.571,4.047078745247731,2.0,43.3,21.65,3.0,"['MEDIUM', 'HARD']",15.0,,,,,,,,,,,,
410,12.0,31,58.0,0.0,False,False,False,5288.997,66.373,1226,9197,Race,Yas Marina Circuit,United Arab Emirates,2023-11-26T13:00:00+00:00,Esteban OCON,Alpine,FRA,58.0,91.20075862068965,90.033,2.876786891291538,1.0,22.1,22.1,2.0,"['MEDIUM', 'HARD']",12.0,,,,,,,,,,,,
411,13.0,10,58.0,0.0,False,False,False,5292.984,70.36,1226,9197,Race,Yas Marina Circuit,United Arab Emirates,2023-11-26T13:00:00+00:00,Pierre GASLY,Alpine,FRA,58.0,91.26381034482759,89.016,4.06036082337906,2.0,46.4,23.2,3.0,"['MEDIUM', 'HARD']",10.0,,,,,,,,,,,,
412,14.0,23,58.0,0.0,False,False,False,5295.808,73.184,1226,9197,Race,Yas Marina Circuit,United Arab Emirates,2023-11-26T13:00:00+00:00,Alexander ALBON,Williams,THA,58.0,91.3135,87.845,4.14791428564437,2.0,44.0,22.0,3.0,"['MEDIUM', 'HARD']",14.0,,,,,,,,,,,,
413,15.0,27,58.0,0.0,False,False,False,5306.32,83.696,1226,9197,Race,Yas Marina Circuit,United Arab Emirates,2023-11-26T13:00:00+00:00,Nico HULKENBERG,Haas F1 Team,GER,58.0,91.49753448275862,89.217,3.9305992588761547,2.0,43.8,21.9,3.0,"['MEDIUM', 'HARD']",8.0,,,,,,,,,,,,
414,16.0,2,58.0,0.0,False,False,False,5310.415,87.791,1226,9197,Race,Yas Marina Circuit,United Arab Emirates,2023-11-26T13:00:00+00:00,Logan SARGEANT,Williams,USA,58.0,91.5668620689655,88.58,4.21641718053259,2.0,43.900000000000006,21.950000000000003,3.0,"['MEDIUM', 'HARD']",20.0,,,,,,,,,,,,
415,17.0,24,58.0,0.0,False,False,False,5312.046,89.422,1226,9197,Race,Yas Marina Circuit,United Arab Emirates,2023-11-26T13:00:00+00:00,ZHOU Guanyu,Alfa Romeo,CHN,58.0,91.59281034482758,88.746,4.196635024016671,2.0,45.1,22.55,3.0,"['MEDIUM', 'HARD']",19.0,,,,,,,,,,,,
416,18.0,55,57.0,0.0,True,False,False,,,1226,9197,Race,Yas Marina Circuit,United Arab Emirates,2023-11-26T13:00:00+00:00,Carlos SAINZ,Ferrari,ESP,58.0,91.42843859649123,89.452,3.9060055867194663,2.0,42.7,21.35,3.0,"['HARD', 'SOFT']",16.0,,,,,,,,,,,,
417,19.0,77,57.0,0.0,False,False,False,,+1 LAP,1226,9197,Race,Yas Marina Circuit,United Arab Emirates,2023-11-26T13:00:00+00:00,Valtteri BOTTAS,Alfa Romeo,FIN,57.0,91.85061403508772,89.863,3.263939429335493,1.0,22.6,22.6,2.0,"['HARD', 'MEDIUM']",18.0,,,,,,,,,,,,
418,20.0,20,57.0,0.0,False,False,False,,+1 LAP,1226,9197,Race,Yas Marina Circuit,United Arab Emirates,2023-11-26T13:00:00+00:00,Kevin MAGNUSSEN,Haas F1 Team,DEN,57.0,91.89277192982456,89.934,4.086346001439885,2.0,44.8,22.4,3.0,"['MEDIUM', 'HARD']",17.0,,,,,,,,,,,,
419,1.0,1,57.0,26.0,False,False,False,5504.742,0,1229,9472,Race,Sakhir,Bahrain,2024-03-02T15:00:00+00:00,Max VERSTAPPEN,Red Bull Racing,NED,57.0,96.5827543859649,92.608,4.160195279073455,2.0,49.2,24.6,3.0,"['SOFT', 'HARD']",1.0,128.0205922054051,324.0,40.84996697205548,14.316895947614809,6561.7646687153565,0.002814555271547144,1.0,1.0,57.0,1h 31m 44.742s ( 201.582 km/h ),26.0,Red Bull
420,2.0,11,57.0,18.0,False,False,False,5527.199,22.457,1229,9472,Race,Sakhir,Bahrain,2024-03-02T15:00:00+00:00,Sergio PEREZ,Red Bull Racing,MEX,57.0,96.9768947368421,94.364,4.033365302981277,2.0,49.0,24.5,3.0,"['SOFT', 'HARD']",5.0,127.81021855883282,331.0,41.53361670352394,14.667279358970678,6566.702662339528,0.01766277032654585,1.0,2.0,57.0,1h 32m 07.199s ( +22.457s ),18.0,Red Bull
421,3.0,55,57.0,15.0,False,False,False,5529.852,25.11,1229,9472,Race,Sakhir,Bahrain,2024-03-02T15:00:00+00:00,Carlos SAINZ,Ferrari,ESP,57.0,97.02221052631579,94.507,3.973746701507836,2.0,48.2,24.1,3.0,"['SOFT', 'HARD']",4.0,128.2685889887705,332.0,54.68695252591976,26.98549642436601,6962.036991297855,0.02165484361986272,1.0,3.0,57.0,1h 32m 09.852s ( +25.110s ),15.0,Ferrari
422,4.0,16,57.0,12.0,False,False,False,5544.411,39.669,1229,9472,Race,Sakhir,Bahrain,2024-03-02T15:00:00+00:00,Charles LECLERC,Ferrari,MON,57.0,97.27752631578949,94.09,4.006960952540962,2.0,48.1,24.05,3.0,"['SOFT', 'HARD']",2.0,128.13484017346852,325.0,54.86220167150119,27.668571756799448,6995.937304345329,0.03388954306556765,1.0,4.0,57.0,1h 32m 24.411s ( +39.669s ),12.0,Ferrari
423,5.0,63,57.0,10.0,False,False,False,5551.53,46.788,1229,9472,Race,Sakhir,Bahrain,2024-03-02T15:00:00+00:00,George RUSSELL,Mercedes,GBR,57.0,97.40322807017544,95.065,4.100879470210991,2.0,49.5,24.75,3.0,"['SOFT', 'HARD']",3.0,127.99537608776818,325.0,50.84723857663919,23.557942502656594,6753.733507567707,0.008989344897900571,1.0,5.0,57.0,1h 32m 31.530s ( +46.788s ),10.0,Mercedes
424,6.0,4,57.0,8.0,False,False,False,5553.2,48.458,1229,9472,Race,Sakhir,Bahrain,2024-03-02T15:00:00+00:00,Lando NORRIS,McLaren,GBR,57.0,97.4320701754386,94.476,4.085471649899225,2.0,48.9,24.45,3.0,"['SOFT', 'HARD']",7.0,,,,,,,1.0,6.0,57.0,1h 32m 33.200s ( +48.458s ),8.0,McLaren
425,7.0,44,57.0,6.0,False,False,False,5555.066,50.324,1229,9472,Race,Sakhir,Bahrain,2024-03-02T15:00:00+00:00,Lewis HAMILTON,Mercedes,GBR,57.0,97.46308771929824,94.722,4.058067592026236,2.0,49.0,24.5,3.0,"['SOFT', 'HARD']",9.0,,,,,,,1.0,7.0,57.0,1h 32m 35.066s ( +50.324s ),6.0,Mercedes
426,8.0,81,57.0,4.0,False,False,False,5560.824,56.082,1229,9472,Race,Sakhir,Bahrain,2024-03-02T15:00:00+00:00,Oscar PIASTRI,McLaren,AUS,57.0,97.56598245614036,94.774,4.408206318460524,2.0,50.2,25.1,3.0,"['SOFT', 'HARD']",8.0,,,,,,,1.0,8.0,57.0,1h 32m 40.824s ( +56.082s ),4.0,McLaren
427,9.0,14,57.0,2.0,False,False,False,5579.629,74.887,1229,9472,Race,Sakhir,Bahrain,2024-03-02T15:00:00+00:00,Fernando ALONSO,Aston Martin,ESP,57.0,97.89487719298245,94.199,4.183669587430634,2.0,49.8,24.9,3.0,"['SOFT', 'HARD']",6.0,,,,,,,1.0,9.0,57.0,1h 32m 59.629s ( +1m 14.887s ),2.0,Aston Martin
428,10.0,18,57.0,1.0,False,False,False,5597.958,93.216,1229,9472,Race,Sakhir,Bahrain,2024-03-02T15:00:00+00:00,Lance STROLL,Aston Martin,CAN,57.0,98.21545614035088,95.632,4.23092654944422,2.0,48.9,24.45,3.0,"['SOFT', 'HARD']",12.0,,,,,,,1.0,10.0,57.0,1h 33m 17.958s ( +1m 33.216s ),1.0,Aston Martin
429,11.0,24,56.0,0.0,False,False,False,,+1 LAP,1229,9472,Race,Sakhir,Bahrain,2024-03-02T15:00:00+00:00,ZHOU Guanyu,Kick Sauber,CHN,56.0,98.42701785714287,95.458,4.131458934438059,2.0,50.2,25.1,3.0,"['SOFT', 'HARD']",17.0,,,,,,,,,,,,
430,12.0,20,56.0,0.0,False,False,False,,+1 LAP,1229,9472,Race,Sakhir,Bahrain,2024-03-02T15:00:00+00:00,Kevin MAGNUSSEN,Haas F1 Team,DEN,56.0,98.45642857142857,95.57,4.135769647432429,2.0,50.3,25.15,3.0,"['SOFT', 'HARD']",15.0,,,,,,,1.0,12.0,56.0,,0.0,Haas
431,13.0,3,56.0,0.0,False,False,False,,+1 LAP,1229,9472,Race,Sakhir,Bahrain,2024-03-02T15:00:00+00:00,Daniel RICCIARDO,RB,AUS,56.0,98.46803571428572,95.163,4.250949506615226,2.0,49.7,24.85,3.0,"['SOFT', 'HARD']",14.0,,,,,,,1.0,13.0,56.0,,0.0,RB
432,14.0,22,56.0,0.0,False,False,False,,+1 LAP,1229,9472,Race,Sakhir,Bahrain,2024-03-02T15:00:00+00:00,Yuki TSUNODA,RB,JPN,56.0,98.47476785714287,95.833,4.129507978576852,2.0,49.0,24.5,3.0,"['SOFT', 'HARD']",11.0,,,,,,,1.0,14.0,56.0,,0.0,RB
433,15.0,23,56.0,0.0,False,False,False,,+1 LAP,1229,9472,Race,Sakhir,Bahrain,2024-03-02T15:00:00+00:00,Alexander ALBON,Williams,THA,56.0,98.51760714285714,95.723,4.1587274307000595,2.0,49.2,24.6,3.0,"['SOFT', 'HARD']",13.0,,,,,,,1.0,15.0,56.0,,0.0,Williams
434,16.0,27,56.0,0.0,False,False,False,,+1 LAP,1229,9472,Race,Sakhir,Bahrain,2024-03-02T15:00:00+00:00,Nico HULKENBERG,Haas F1 Team,GER,56.0,98.6205,94.834,6.32933420884636,3.0,85.6,28.53333333333333,4.0,"['SOFT', 'HARD']",10.0,,,,,,,1.0,16.0,56.0,,0.0,Haas
435,17.0,31,56.0,0.0,False,False,False,,+1 LAP,1229,9472,Race,Sakhir,Bahrain,2024-03-02T15:00:00+00:00,Esteban OCON,Alpine,FRA,56.0,98.86817857142857,96.226,4.275889117990626,2.0,49.900000000000006,24.950000000000003,3.0,"['SOFT', 'HARD']",19.0,,,,,,,1.0,17.0,56.0,,0.0,Alpine
436,18.0,10,56.0,0.0,False,False,False,,+1 LAP,1229,9472,Race,Sakhir,Bahrain,2024-03-02T15:00:00+00:00,Pierre GASLY,Alpine,FRA,56.0,98.88569642857144,94.805,5.563508686626527,3.0,81.5,27.166666666666668,4.0,"['SOFT', 'HARD']",20.0,,,,,,,1.0,18.0,56.0,,0.0,Alpine
437,19.0,77,56.0,0.0,False,False,False,,+1 LAP,1229,9472,Race,Sakhir,Bahrain,2024-03-02T15:00:00+00:00,Valtteri BOTTAS,Kick Sauber,FIN,56.0,99.790875,96.202,10.252939229247207,2.0,101.1,50.55,3.0,"['SOFT', 'HARD']",16.0,,,,,,,1.0,19.0,56.0,,0.0,Kick Sauber
438,20.0,2,55.0,0.0,False,False,False,,+2 LAPS,1229,9472,Race,Sakhir,Bahrain,2024-03-02T15:00:00+00:00,Logan SARGEANT,Williams,USA,55.0,100.47296363636363,94.735,10.717555430510288,3.0,86.0,28.666666666666668,4.0,"['SOFT', 'HARD']",18.0,,,,,,,1.0,20.0,55.0,,0.0,Williams
439,1.0,1,50.0,25.0,False,False,False,4843.273,0,1230,9480,Race,Jeddah,Saudi Arabia,2024-03-09T17:00:00+00:00,Max VERSTAPPEN,Red Bull Racing,NED,50.0,96.87198000000001,91.773,16.9187507481239,1.0,20.6,20.6,2.0,"['MEDIUM', 'HARD']",1.0,140.71346118609907,331.0,45.446008672815,12.602210957063457,6708.732455872473,0.003969950528308801,2.0,1,50.0,1h 20m 43.273s ( 229.271 km/h ),25.0,Red Bull
440,2.0,11,50.0,18.0,False,False,False,4856.916,13.643,1230,9480,Race,Jeddah,Saudi Arabia,2024-03-09T17:00:00+00:00,Sergio PEREZ,Red Bull Racing,MEX,50.0,97.04701999999999,92.273,16.583787793234098,1.0,22.1,22.1,2.0,"['MEDIUM', 'HARD']",3.0,140.56892444878764,337.0,44.45819336712881,10.99065534721798,6663.666127160569,0.011879313503939412,2.0,2,50.0,1h 20m 56.916s ( +13.643s ),18.0,Red Bull
441,3.0,16,50.0,16.0,False,False,False,4861.912,18.639,1230,9480,Race,Jeddah,Saudi Arabia,2024-03-09T17:00:00+00:00,Charles LECLERC,Ferrari,MON,50.0,97.24578,91.632,16.416928192482995,1.0,23.4,23.4,2.0,"['MEDIUM', 'HARD']",2.0,140.6575459598119,334.0,58.19290905759482,23.540340804983813,7063.584407255848,0.01923899102180419,2.0,3,50.0,1h 21m 01.912s ( +18.639s ),16.0,Ferrari
442,4.0,81,50.0,12.0,False,False,False,4875.28,32.007,1230,9480,Race,Jeddah,Saudi Arabia,2024-03-09T17:00:00+00:00,Oscar PIASTRI,McLaren,AUS,50.0,97.51308,92.31,16.02534117926469,1.0,21.4,21.4,2.0,"['MEDIUM', 'HARD']",5.0,140.5528003420265,334.0,43.73752519391682,10.758443779392904,6837.320008550662,0.0615953093507604,2.0,4,50.0,1h 21m 15.280s ( +32.007s ),12.0,McLaren
443,5.0,14,50.0,10.0,False,False,False,4879.032,35.759,1230,9480,Race,Jeddah,Saudi Arabia,2024-03-09T17:00:00+00:00,Fernando ALONSO,Aston Martin,ESP,50.0,97.58828,92.387,16.012372453620646,1.0,22.1,22.1,2.0,"['MEDIUM', 'HARD']",4.0,140.3025407683381,327.0,43.798295975080926,10.291821901911684,6804.928907347462,0.013833750687106822,2.0,5,50.0,1h 21m 19.032s ( +35.759s ),10.0,Aston Martin
444,6.0,63,50.0,8.0,False,False,False,4883.209,39.936,1230,9480,Race,Jeddah,Saudi Arabia,2024-03-09T17:00:00+00:00,George RUSSELL,Mercedes,GBR,50.0,97.67128000000001,92.254,15.630107892664292,1.0,21.0,21.0,2.0,"['MEDIUM', 'HARD']",7.0,,,,,,,2.0,6,50.0,1h 21m 23.209s ( +39.936s ),8.0,Mercedes
445,7.0,38,50.0,6.0,False,False,False,4885.952,42.679,1230,9480,Race,Jeddah,Saudi Arabia,2024-03-09T17:00:00+00:00,Oliver BEARMAN,Ferrari,GBR,50.0,97.72874,92.186,14.987153780528999,1.0,22.4,22.4,2.0,"['SOFT', 'HARD']",11.0,,,,,,,2.0,7,50.0,1h 21m 25.952s ( +42.679s ),6.0,Ferrari
446,8.0,4,50.0,4.0,False,False,False,4888.981,45.708,1230,9480,Race,Jeddah,Saudi Arabia,2024-03-09T17:00:00+00:00,Lando NORRIS,McLaren,GBR,50.0,97.78912,91.944,15.485429022991983,1.0,22.2,22.2,2.0,"['MEDIUM', 'SOFT']",6.0,,,,,,,2.0,8,50.0,1h 21m 28.981s ( +45.708s ),4.0,McLaren
447,9.0,44,50.0,2.0,False,False,False,4890.664,47.391,1230,9480,Race,Jeddah,Saudi Arabia,2024-03-09T17:00:00+00:00,Lewis HAMILTON,Mercedes,GBR,50.0,97.8215,91.746,15.239147203160416,1.0,20.1,20.1,2.0,"['MEDIUM', 'SOFT']",8.0,,,,,,,2.0,9,50.0,1h 21m 30.664s ( +47.391s ),2.0,Mercedes
448,10.0,27,50.0,1.0,False,False,False,4920.269,76.996,1230,9480,Race,Jeddah,Saudi Arabia,2024-03-09T17:00:00+00:00,Nico HULKENBERG,Haas F1 Team,GER,50.0,98.41516,92.366,14.411054251058065,1.0,21.0,21.0,2.0,"['MEDIUM', 'HARD']",15.0,,,,,,,2.0,10,50.0,1h 22m 00.269s ( +1m 16.996s ),1.0,Haas
449,11.0,23,50.0,0.0,False,False,False,4931.627,88.354,1230,9480,Race,Jeddah,Saudi Arabia,2024-03-09T17:00:00+00:00,Alexander ALBON,Williams,THA,50.0,98.64114,92.307,14.733839210401314,1.0,21.7,21.7,2.0,"['MEDIUM', 'HARD']",12.0,,,,,,,2.0,11,50.0,1h 22m 11.627s ( +1m 28.354s ),0.0,Williams
450,12.0,20,50.0,0.0,False,False,False,4949.01,105.737,1230,9480,Race,Jeddah,Saudi Arabia,2024-03-09T17:00:00+00:00,Kevin MAGNUSSEN,Haas F1 Team,DEN,50.0,98.59028,92.338,14.76813818428728,1.0,21.4,21.4,2.0,"['MEDIUM', 'HARD']",13.0,,,,,,,2.0,12,50.0,1h 22m 29.010s ( +1m 45.737s ),0.0,Haas
451,13.0,31,49.0,0.0,False,False,False,,+1 LAP,1230,9480,Race,Jeddah,Saudi Arabia,2024-03-09T17:00:00+00:00,Esteban OCON,Alpine,FRA,49.0,98.93420408163264,93.481,14.318518462378819,1.0,22.5,22.5,2.0,"['MEDIUM', 'HARD']",17.0,,,,,,,2.0,13,49.0,,0.0,Alpine
452,14.0,2,49.0,0.0,False,False,False,,+1 LAP,1230,9480,Race,Jeddah,Saudi Arabia,2024-03-09T17:00:00+00:00,Logan SARGEANT,Williams,USA,49.0,98.98810204081633,93.026,14.343815151260747,1.0,23.6,23.6,2.0,"['MEDIUM', 'HARD']",19.0,,,,,,,2.0,14,49.0,,0.0,Williams
453,15.0,22,49.0,0.0,False,False,False,,+1 LAP,1230,9480,Race,Jeddah,Saudi Arabia,2024-03-09T17:00:00+00:00,Yuki TSUNODA,RB,JPN,49.0,98.96553061224489,93.523,14.86248673548895,1.0,21.6,21.6,2.0,"['MEDIUM', 'HARD']",9.0,,,,,,,2.0,15,49.0,,0.0,RB
454,16.0,3,49.0,0.0,False,False,False,,+1 LAP,1230,9480,Race,Jeddah,Saudi Arabia,2024-03-09T17:00:00+00:00,Daniel RICCIARDO,RB,AUS,49.0,99.27651020408163,93.323,15.633045311564707,1.0,63.3,63.3,2.0,"['MEDIUM', 'HARD']",14.0,,,,,,,2.0,16,49.0,,0.0,RB
455,17.0,77,49.0,0.0,False,False,False,,+1 LAP,1230,9480,Race,Jeddah,Saudi Arabia,2024-03-09T17:00:00+00:00,Valtteri BOTTAS,Kick Sauber,FIN,49.0,99.32116326530613,92.706,14.542845056858338,2.0,45.9,22.95,3.0,"['SOFT', 'HARD']",16.0,,,,,,,2.0,17,49.0,,0.0,Kick Sauber
456,18.0,24,49.0,0.0,False,False,False,,+1 LAP,1230,9480,Race,Jeddah,Saudi Arabia,2024-03-09T17:00:00+00:00,ZHOU Guanyu,Kick Sauber,CHN,49.0,99.45563265306123,92.208,14.821810829952982,1.0,46.3,46.3,2.0,"['MEDIUM', 'SOFT']",20.0,,,,,,,,,,,,
457,,18,5.0,0.0,True,False,False,,,1230,9480,Race,Jeddah,Saudi Arabia,2024-03-09T17:00:00+00:00,Lance STROLL,Aston Martin,CAN,6.0,97.2116,95.56,3.1740167453874633,,,,1.0,['MEDIUM'],10.0,,,,,,,2.0,ab,5.0,Accident,0.0,Aston Martin
458,,10,1.0,0.0,True,False,False,,,1230,9480,Race,Jeddah,Saudi Arabia,2024-03-09T17:00:00+00:00,Pierre GASLY,Alpine,FRA,2.0,121.917,121.917,,,,,1.0,['MEDIUM'],18.0,,,,,,,2.0,ab,1.0,Gearbox,0.0,Alpine
459,1.0,55,58.0,25.0,False,False,False,4826.843,0,1231,9488,Race,Melbourne,Australia,2024-03-24T04:00:00+00:00,Carlos SAINZ,Ferrari,ESP,58.0,83.22706896551725,80.031,5.6442478027030525,2.0,35.2,17.6,3.0,"['MEDIUM', 'HARD']",2.0,137.90624806297652,325.0,59.027366267898095,23.99181801276886,6928.237060683072,0.0021384739354118887,3.0,1,58.0,1h 20m 26.843s ( 228.316 km/h ),25.0,Ferrari
460,2.0,16,58.0,19.0,False,False,False,4829.209,2.366,1231,9488,Race,Melbourne,Australia,2024-03-24T04:00:00+00:00,Charles LECLERC,Ferrari,MON,58.0,83.27034482758621,79.813,5.251855333157166,2.0,34.7,17.35,3.0,"['MEDIUM', 'HARD']",4.0,137.98726213351515,332.0,58.41954379222711,23.88334469720449,6987.304964978615,0.028017107791483295,3.0,2,58.0,1h 20m 29.209s ( +02.366s ),19.0,Ferrari
461,3.0,4,58.0,15.0,False,False,False,4832.747,5.904,1231,9488,Race,Melbourne,Australia,2024-03-24T04:00:00+00:00,Lando NORRIS,McLaren,GBR,58.0,83.33163793103448,79.915,5.389594011003821,2.0,35.3,17.65,3.0,"['MEDIUM', 'HARD']",3.0,137.4039546271617,324.0,53.94622822785595,20.534804438108225,6975.027118328891,0.006787330316742082,3.0,3,58.0,1h 20m 32.747s ( +05.904s ),15.0,McLaren
462,4.0,81,58.0,12.0,False,False,False,4862.613,35.77,1231,9488,Race,Melbourne,Australia,2024-03-24T04:00:00+00:00,Oscar PIASTRI,McLaren,AUS,58.0,83.8461551724138,80.199,6.632680294404351,2.0,36.0,18.0,3.0,"['MEDIUM', 'HARD']",5.0,137.54580673154405,330.0,55.19512799851237,21.795078410710964,6843.540290088638,0.029597718961135562,3.0,4,58.0,1h 21m 02.613s ( +35.770s ),12.0,McLaren
463,5.0,11,58.0,10.0,False,False,False,4883.152,56.309,1231,9488,Race,Melbourne,Australia,2024-03-24T04:00:00+00:00,Sergio PEREZ,Red Bull Racing,MEX,58.0,84.2016551724138,80.388,6.836566170367609,2.0,35.3,17.65,3.0,"['MEDIUM', 'HARD']",6.0,137.74620343395526,339.0,43.837630942788074,11.16345379036757,6566.726461290523,0.0336577202008306,3.0,5,58.0,1h 21m 23.152s ( +56.309s ),10.0,Red Bull
464,6.0,18,58.0,8.0,False,False,False,4920.065,93.222,1231,9488,Race,Melbourne,Australia,2024-03-24T04:00:00+00:00,Lance STROLL,Aston Martin,CAN,58.0,84.83670689655172,80.93,6.752987655919729,2.0,35.8,17.9,3.0,"['MEDIUM', 'HARD']",9.0,,,,,,,3.0,6,58.0,1h 22m 00.065s ( +1m 33.222s ),8.0,Aston Martin
465,7.0,22,58.0,6.0,False,False,False,4922.444,95.601,1231,9488,Race,Melbourne,Australia,2024-03-24T04:00:00+00:00,Yuki TSUNODA,RB,JPN,58.0,84.8778448275862,81.134,6.371773334923284,2.0,36.0,18.0,3.0,"['MEDIUM', 'HARD']",8.0,,,,,,,3.0,7,58.0,1h 22m 02.444s ( +1m 35.601s ),6.0,RB
466,8.0,14,58.0,4.0,False,False,False,4927.835,100.992,1231,9488,Race,Melbourne,Australia,2024-03-24T04:00:00+00:00,Fernando ALONSO,Aston Martin,ESP,58.0,84.62479310344828,80.493,7.564117283082825,2.0,36.0,18.0,3.0,"['HARD', 'MEDIUM']",10.0,,,,,,,3.0,8,58.0,1h 22m 07.835s ( +1m 40.992s ),4.0,Aston Martin
467,9.0,27,58.0,2.0,False,False,False,4931.396,104.553,1231,9488,Race,Melbourne,Australia,2024-03-24T04:00:00+00:00,Nico HULKENBERG,Haas F1 Team,GER,58.0,85.03225862068966,81.145,7.00152170066796,2.0,36.400000000000006,18.200000000000003,3.0,"['HARD', 'MEDIUM']",16.0,,,,,,,3.0,9,58.0,1h 22m 11.396s ( +1m 44.553s ),2.0,Haas
468,10.0,20,57.0,1.0,False,False,False,,+1 LAP,1231,9488,Race,Melbourne,Australia,2024-03-24T04:00:00+00:00,Kevin MAGNUSSEN,Haas F1 Team,DEN,57.0,84.76063157894737,81.082,5.787881849888669,2.0,36.400000000000006,18.200000000000003,3.0,"['MEDIUM', 'HARD']",14.0,,,,,,,3.0,10,57.0,,1.0,Haas
469,11.0,23,57.0,0.0,False,False,False,,+1 LAP,1231,9488,Race,Melbourne,Australia,2024-03-24T04:00:00+00:00,Alexander ALBON,Williams,THA,57.0,84.77775438596491,81.618,5.552786338152038,2.0,35.4,17.7,3.0,"['MEDIUM', 'HARD']",12.0,,,,,,,3.0,11,57.0,,0.0,Williams
470,12.0,3,57.0,0.0,False,False,False,,+1 LAP,1231,9488,Race,Melbourne,Australia,2024-03-24T04:00:00+00:00,Daniel RICCIARDO,RB,AUS,57.0,84.89101754385965,81.239,6.101765390006952,2.0,35.9,17.95,3.0,"['SOFT', 'HARD']",18.0,,,,,,,3.0,12,57.0,,0.0,RB
471,13.0,10,57.0,0.0,False,False,False,,+1 LAP,1231,9488,Race,Melbourne,Australia,2024-03-24T04:00:00+00:00,Pierre GASLY,Alpine,FRA,57.0,85.31935087719299,81.09,7.531309541533994,2.0,37.900000000000006,18.950000000000003,3.0,"['MEDIUM', 'HARD']",17.0,,,,,,,3.0,13,57.0,,0.0,Alpine
472,14.0,77,57.0,0.0,False,False,False,,+1 LAP,1231,9488,Race,Melbourne,Australia,2024-03-24T04:00:00+00:00,Valtteri BOTTAS,Kick Sauber,FIN,57.0,85.43161403508772,81.422,8.324927159171654,2.0,65.8,32.9,3.0,"['MEDIUM', 'HARD']",13.0,,,,,,,3.0,14,57.0,,0.0,Kick Sauber
473,15.0,24,57.0,0.0,False,False,False,,+1 LAP,1231,9488,Race,Melbourne,Australia,2024-03-24T04:00:00+00:00,ZHOU Guanyu,Kick Sauber,CHN,57.0,85.22223214285714,81.327,7.400168681102225,2.0,55.8,27.9,3.0,"['SOFT', 'HARD']",19.0,,,,,,,,,,,,
474,16.0,31,57.0,0.0,False,False,False,,+1 LAP,1231,9488,Race,Melbourne,Australia,2024-03-24T04:00:00+00:00,Esteban OCON,Alpine,FRA,57.0,85.63584210526317,81.354,7.827517310263913,3.0,66.8,22.266666666666666,4.0,"['MEDIUM', 'HARD']",15.0,,,,,,,3.0,16,57.0,,0.0,Alpine
475,17.0,63,56.0,0.0,True,False,False,,,1231,9488,Race,Melbourne,Australia,2024-03-24T04:00:00+00:00,George RUSSELL,Mercedes,GBR,57.0,83.66280357142857,80.284,4.036287589625999,2.0,35.9,17.95,3.0,"['MEDIUM', 'HARD']",7.0,,,,,,,3.0,17,56.0,Accident,0.0,Mercedes
476,,44,15.0,0.0,True,False,False,,,1231,9488,Race,Melbourne,Australia,2024-03-24T04:00:00+00:00,Lewis HAMILTON,Mercedes,GBR,16.0,85.25726666666667,82.444,4.401578441985602,1.0,17.5,17.5,2.0,"['SOFT', 'HARD']",11.0,,,,,,,3.0,ab,15.0,Engine,0.0,Mercedes
477,,1,3.0,0.0,True,False,False,,,1231,9488,Race,Melbourne,Australia,2024-03-24T04:00:00+00:00,Max VERSTAPPEN,Red Bull Racing,NED,4.0,85.045,83.115,2.53881783513509,,,,1.0,['MEDIUM'],1.0,,,,,,,3.0,ab,3.0,Brakes,0.0,Red Bull
478,1.0,1,53.0,26.0,False,False,False,6863.566,0,1232,9496,Race,Suzuka,Japan,2024-04-07T05:00:00+00:00,Max VERSTAPPEN,Red Bull Racing,NED,53.0,129.51069811320755,93.706,221.75787015594148,3.0,1621.8999999999999,540.6333333333333,4.0,"['MEDIUM', 'HARD']",1.0,110.52680266809485,324.0,33.296679487803694,11.972929548663519,5550.166098641609,0.0014849797945372218,4.0,1,53.0,1h 54m 23.566s ( 161.271 km/h ),26.0,Red Bull
479,2.0,11,53.0,18.0,False,False,False,6876.101,12.535,1232,9496,Race,Suzuka,Japan,2024-04-07T05:00:00+00:00,Sergio PEREZ,Red Bull Racing,MEX,53.0,129.7457924528302,93.945,221.75155413845803,3.0,1623.3999999999999,541.1333333333333,4.0,"['MEDIUM', 'HARD']",2.0,110.29536491552656,326.0,32.836895661911484,11.419738059301816,5439.385291396855,0.004284531866205755,4.0,2,53.0,1h 54m 36.101s ( +12.535s ),18.0,Red Bull
480,3.0,55,53.0,15.0,False,False,False,6884.432,20.866,1232,9496,Race,Suzuka,Japan,2024-04-07T05:00:00+00:00,Carlos SAINZ,Ferrari,ESP,53.0,129.90381132075473,93.841,221.83646093099028,3.0,1626.6,542.1999999999999,4.0,"['MEDIUM', 'HARD']",4.0,110.27311456253956,327.0,44.879327133745555,23.93320025317688,5853.875772919811,0.004527971176785627,4.0,3,53.0,1h 54m 44.432s ( +20.866s ),15.0,Ferrari
481,4.0,16,53.0,12.0,False,False,False,6890.088,26.522,1232,9496,Race,Suzuka,Japan,2024-04-07T05:00:00+00:00,Charles LECLERC,Ferrari,MON,53.0,130.0113962264151,95.044,221.71366875660388,2.0,1606.5,803.25,3.0,"['MEDIUM', 'HARD']",8.0,110.25023126734506,327.0,48.09250693802035,25.1840888066605,5824.881225960368,0.005720823798627002,4.0,4,53.0,1h 54m 50.088s ( +26.522s ),12.0,Ferrari
482,5.0,4,53.0,10.0,False,False,False,6893.266,29.7,1232,9496,Race,Suzuka,Japan,2024-04-07T05:00:00+00:00,Lando NORRIS,McLaren,GBR,53.0,130.07184905660378,95.186,221.60120494252004,3.0,1626.3,542.1,4.0,"['MEDIUM', 'HARD']",3.0,110.15460830614927,326.0,42.07079215151663,20.54656994011393,5895.176663907688,0.003213398899654316,4.0,5,53.0,1h 54m 53.266s ( +29.700s ),10.0,McLaren
483,6.0,14,53.0,8.0,False,False,False,6907.838,44.272,1232,9496,Race,Suzuka,Japan,2024-04-07T05:00:00+00:00,Fernando ALONSO,Aston Martin,ESP,53.0,130.34788679245284,94.726,222.09124569737097,3.0,1626.9,542.3000000000001,4.0,"['SOFT', 'MEDIUM', 'HARD']",5.0,,,,,,,4.0,6,53.0,1h 55m 07.838s ( +44.272s ),8.0,Aston Martin
484,7.0,63,53.0,6.0,False,False,False,6909.517,45.951,1232,9496,Race,Suzuka,Japan,2024-04-07T05:00:00+00:00,George RUSSELL,Mercedes,GBR,53.0,130.37658490566037,94.404,221.30608912887303,3.0,1627.6000000000001,542.5333333333334,4.0,"['MEDIUM', 'HARD']",9.0,,,,,,,4.0,7,53.0,1h 55m 09.517s ( +45.951s ),6.0,Mercedes
485,8.0,81,53.0,4.0,False,False,False,6911.091,47.525,1232,9496,Race,Suzuka,Japan,2024-04-07T05:00:00+00:00,Oscar PIASTRI,McLaren,AUS,53.0,130.40654716981132,94.802,222.0279709882004,3.0,1626.4,542.1333333333333,4.0,"['MEDIUM', 'HARD']",6.0,,,,,,,4.0,8,53.0,1h 55m 11.091s ( +47.525s ),4.0,McLaren
486,9.0,44,53.0,2.0,False,False,False,6912.192,48.626,1232,9496,Race,Suzuka,Japan,2024-04-07T05:00:00+00:00,Lewis HAMILTON,Mercedes,GBR,53.0,130.4273396226415,93.952,221.44822162110864,3.0,1627.8,542.6,4.0,"['MEDIUM', 'HARD']",7.0,,,,,,,4.0,9,53.0,1h 55m 12.192s ( +48.626s ),2.0,Mercedes
487,10.0,22,52.0,1.0,False,False,False,,+1 LAP,1232,9496,Race,Suzuka,Japan,2024-04-07T05:00:00+00:00,Yuki TSUNODA,RB,JPN,52.0,102.26541176470589,96.342,17.816158663613745,3.0,1631.2,543.7333333333333,4.0,"['MEDIUM', 'SOFT', 'HARD']",10.0,,,,,,,4.0,10,52.0,,1.0,RB
488,11.0,27,52.0,0.0,False,False,False,,+1 LAP,1232,9496,Race,Suzuka,Japan,2024-04-07T05:00:00+00:00,Nico HULKENBERG,Haas F1 Team,GER,52.0,132.13903846153846,95.325,223.2398186933366,3.0,1628.3,542.7666666666667,4.0,"['SOFT', 'HARD']",12.0,,,,,,,4.0,11,52.0,,0.0,Haas
489,12.0,18,52.0,0.0,False,False,False,,+1 LAP,1232,9496,Race,Suzuka,Japan,2024-04-07T05:00:00+00:00,Lance STROLL,Aston Martin,CAN,52.0,132.21676923076922,95.798,223.2616533381383,4.0,1655.3000000000002,413.82500000000005,5.0,"['SOFT', 'MEDIUM', 'HARD']",16.0,,,,,,,4.0,12,52.0,,0.0,Aston Martin
490,13.0,20,52.0,0.0,False,False,False,,+1 LAP,1232,9496,Race,Suzuka,Japan,2024-04-07T05:00:00+00:00,Kevin MAGNUSSEN,Haas F1 Team,DEN,52.0,132.3468653846154,96.654,222.8370339451055,2.0,1610.6999999999998,805.3499999999999,3.0,"['MEDIUM', 'HARD']",18.0,,,,,,,4.0,13,52.0,,0.0,Haas
491,14.0,77,52.0,0.0,False,False,False,,+1 LAP,1232,9496,Race,Suzuka,Japan,2024-04-07T05:00:00+00:00,Valtteri BOTTAS,Kick Sauber,FIN,52.0,132.3635,96.608,223.19780114855308,3.0,1633.2,544.4,4.0,"['SOFT', 'HARD']",13.0,,,,,,,4.0,14,52.0,,0.0,Kick Sauber
492,15.0,31,52.0,0.0,False,False,False,,+1 LAP,1232,9496,Race,Suzuka,Japan,2024-04-07T05:00:00+00:00,Esteban OCON,Alpine,FRA,52.0,132.79273076923076,96.232,223.5547772993837,3.0,1633.4,544.4666666666667,4.0,"['SOFT', 'HARD', 'MEDIUM']",15.0,,,,,,,4.0,15,52.0,,0.0,Alpine
493,16.0,10,52.0,0.0,False,False,False,,+1 LAP,1232,9496,Race,Suzuka,Japan,2024-04-07T05:00:00+00:00,Pierre GASLY,Alpine,FRA,52.0,133.05971153846156,96.642,223.54419320049507,3.0,1633.6000000000001,544.5333333333334,4.0,"['SOFT', 'HARD', 'MEDIUM']",17.0,,,,,,,4.0,16,52.0,,0.0,Alpine
494,17.0,2,52.0,0.0,False,False,False,,+1 LAP,1232,9496,Race,Suzuka,Japan,2024-04-07T05:00:00+00:00,Logan SARGEANT,Williams,USA,52.0,133.40096153846156,94.9,222.67095200827833,4.0,1658.1000000000001,414.52500000000003,5.0,"['SOFT', 'HARD', 'MEDIUM']",19.0,,,,,,,4.0,17,52.0,,0.0,Williams
495,,24,12.0,0.0,True,False,False,,,1232,9496,Race,Suzuka,Japan,2024-04-07T05:00:00+00:00,ZHOU Guanyu,Kick Sauber,CHN,13.0,247.45550000000003,97.16,458.1385026687295,3.0,1633.4,544.4666666666667,4.0,"['MEDIUM', 'SOFT', 'HARD']",20.0,,,,,,,,,,,,
496,,3,0.0,0.0,True,False,False,,,1232,9496,Race,Suzuka,Japan,2024-04-07T05:00:00+00:00,Daniel RICCIARDO,RB,AUS,1.0,,,,,,,1.0,['MEDIUM'],11.0,,,,,,,4.0,ab,0.0,Collision,0.0,RB
497,,23,0.0,0.0,True,False,False,,,1232,9496,Race,Suzuka,Japan,2024-04-07T05:00:00+00:00,Alexander ALBON,Williams,THA,1.0,,,,,,,1.0,['SOFT'],14.0,,,,,,,4.0,ab,0.0,Collision,0.0,Williams
498,1.0,1,56.0,25.0,False,False,False,6052.554,0,1233,9673,Race,Shanghai,China,2024-04-21T07:00:00+00:00,Max VERSTAPPEN,Red Bull Racing,NED,56.0,108.08814285714286,98.406,18.071548028905525,2.0,44.599999999999994,22.299999999999997,3.0,"['MEDIUM', 'HARD']",1.0,124.465621689169,332.0,40.14245741761973,18.336584173209094,6856.773953437831,0.002010268669691125,5.0,1,56.0,1h 40m 52.554s ( 181.450 km/h ),25.0,Red Bull
499,2.0,4,56.0,18.0,False,False,False,6066.327,13.773,1233,9673,Race,Shanghai,China,2024-04-21T07:00:00+00:00,Lando NORRIS,McLaren,GBR,56.0,108.33551785714285,98.751,17.185042486779096,1.0,22.1,22.1,2.0,"['MEDIUM', 'HARD']",4.0,121.698840020646,332.0,43.59604466056342,23.850262149900846,6948.708782700824,0.005134334845562468,5.0,2,56.0,1h 41m 06.327s ( +13.773s ),18.0,McLaren
500,3.0,11,56.0,15.0,False,False,False,6071.714,19.16,1233,9673,Race,Shanghai,China,2024-04-21T07:00:00+00:00,Sergio PEREZ,Red Bull Racing,MEX,56.0,108.43130357142857,99.388,16.77905794941436,2.0,44.3,22.15,3.0,"['MEDIUM', 'HARD']",2.0,122.22053190622368,335.0,36.41941267555894,14.666811550895114,6630.192034989541,0.013637228002499254,5.0,3,56.0,1h 41m 11.714s ( +19.160s ),15.0,Red Bull
501,4.0,16,56.0,12.0,False,False,False,6076.177,23.623,1233,9673,Race,Shanghai,China,2024-04-21T07:00:00+00:00,Charles LECLERC,Ferrari,MON,56.0,108.51094642857143,99.384,16.529437124464444,1.0,22.3,22.3,2.0,"['MEDIUM', 'HARD']",6.0,121.86373638314635,336.0,47.547173399255655,25.079677270381136,6933.391214582598,0.014234875444839857,5.0,4,56.0,1h 41m 16.177s ( +23.623s ),12.0,Ferrari
502,5.0,55,56.0,10.0,False,False,False,6086.537,33.983,1233,9673,Race,Shanghai,China,2024-04-21T07:00:00+00:00,Carlos SAINZ,Ferrari,ESP,56.0,108.69692857142857,99.764,15.234267763358838,1.0,22.6,22.6,2.0,"['MEDIUM', 'HARD']",7.0,122.1404199831572,334.0,47.08486593681236,26.236722718752546,7027.362418842194,0.013528564831164597,5.0,5,56.0,1h 41m 26.537s ( +33.983s ),10.0,Ferrari
503,6.0,63,56.0,8.0,False,False,False,6091.278,38.724,1233,9673,Race,Shanghai,China,2024-04-21T07:00:00+00:00,George RUSSELL,Mercedes,GBR,56.0,108.78064285714287,100.112,15.567650911049865,2.0,45.099999999999994,22.549999999999997,3.0,"['MEDIUM', 'HARD']",8.0,,,,,,,5.0,6,56.0,1h 41m 31.278s ( +38.724s ),8.0,Mercedes
504,7.0,14,56.0,7.0,False,False,False,6095.968,43.414,1233,9673,Race,Shanghai,China,2024-04-21T07:00:00+00:00,Fernando ALONSO,Aston Martin,ESP,56.0,108.86489285714286,97.81,15.907139736812953,3.0,68.7,22.900000000000002,4.0,"['MEDIUM', 'HARD', 'SOFT']",3.0,,,,,,,5.0,7,56.0,1h 41m 35.968s ( +43.414s ),7.0,Aston Martin
505,8.0,81,56.0,4.0,False,False,False,6108.752,56.198,1233,9673,Race,Shanghai,China,2024-04-21T07:00:00+00:00,Oscar PIASTRI,McLaren,AUS,56.0,109.09185714285715,99.739,15.248527469208982,2.0,44.8,22.4,3.0,"['MEDIUM', 'HARD']",5.0,,,,,,,5.0,8,56.0,1h 41m 48.752s ( +56.198s ),4.0,McLaren
506,9.0,44,56.0,2.0,False,False,False,6110.54,57.986,1233,9673,Race,Shanghai,China,2024-04-21T07:00:00+00:00,Lewis HAMILTON,Mercedes,GBR,56.0,109.12305357142857,100.835,14.624643479004439,2.0,45.1,22.55,3.0,"['SOFT', 'MEDIUM', 'HARD']",18.0,,,,,,,5.0,9,56.0,1h 41m 50.540s ( +57.986s ),2.0,Mercedes
507,10.0,27,56.0,1.0,False,False,False,6113.03,60.476,1233,9673,Race,Shanghai,China,2024-04-21T07:00:00+00:00,Nico HULKENBERG,Haas F1 Team,GER,56.0,109.16601785714285,100.815,14.933166802293803,2.0,46.3,23.15,3.0,"['MEDIUM', 'HARD']",9.0,,,,,,,5.0,10,56.0,1h 41m 53.030s ( +1m 00.476s ),1.0,Haas
508,11.0,31,56.0,0.0,False,False,False,6115.366,62.812,1233,9673,Race,Shanghai,China,2024-04-21T07:00:00+00:00,Esteban OCON,Alpine,FRA,56.0,109.20973214285713,100.937,14.748545708880863,2.0,46.3,23.15,3.0,"['MEDIUM', 'HARD']",13.0,,,,,,,5.0,11,56.0,1h 41m 55.366s ( +1m 02.812s ),0.0,Alpine
509,12.0,23,56.0,0.0,False,False,False,6118.06,65.506,1233,9673,Race,Shanghai,China,2024-04-21T07:00:00+00:00,Alexander ALBON,Williams,THA,56.0,109.25932142857143,100.79,14.428089951211824,2.0,46.8,23.4,3.0,"['MEDIUM', 'HARD']",14.0,,,,,,,5.0,12,56.0,1h 41m 58.060s ( +1m 05.506s ),0.0,Williams
510,13.0,10,56.0,0.0,False,False,False,6121.777,69.223,1233,9673,Race,Shanghai,China,2024-04-21T07:00:00+00:00,Pierre GASLY,Alpine,FRA,56.0,109.3225357142857,99.198,14.76424625784661,3.0,86.4,28.8,4.0,"['MEDIUM', 'HARD']",15.0,,,,,,,5.0,13,56.0,1h 42m 01.777s ( +1m 09.223s ),0.0,Alpine
511,14.0,24,56.0,0.0,False,False,False,6124.243,71.689,1233,9673,Race,Shanghai,China,2024-04-21T07:00:00+00:00,ZHOU Guanyu,Kick Sauber,CHN,56.0,109.36991071428572,98.633,14.56923626160372,3.0,72.1,24.03333333333333,4.0,"['MEDIUM', 'HARD', 'SOFT']",16.0,,,,,,,,,,,,
512,15.0,18,56.0,0.0,False,False,False,6135.34,82.786,1233,9673,Race,Shanghai,China,2024-04-21T07:00:00+00:00,Lance STROLL,Aston Martin,CAN,56.0,109.566875,99.444,20.089348420640963,4.0,174.60000000000002,43.650000000000006,5.0,"['SOFT', 'MEDIUM', 'HARD']",11.0,,,,,,,5.0,15,56.0,1h 42m 15.340s ( +1m 22.786s ),0.0,Aston Martin
513,16.0,20,56.0,0.0,False,False,False,6140.087,87.533,1233,9673,Race,Shanghai,China,2024-04-21T07:00:00+00:00,Kevin MAGNUSSEN,Haas F1 Team,DEN,56.0,109.47273214285714,101.077,13.993588830072504,2.0,48.599999999999994,24.299999999999997,3.0,"['HARD', 'MEDIUM']",17.0,,,,,,,5.0,16,56.0,1h 42m 20.087s ( +1m 27.533s ),0.0,Haas
514,17.0,2,56.0,0.0,False,False,False,6147.664,95.11,1233,9673,Race,Shanghai,China,2024-04-21T07:00:00+00:00,Logan SARGEANT,Williams,USA,56.0,109.55516363636363,101.0,13.747691326403148,2.0,45.8,22.9,3.0,"['SOFT', 'MEDIUM', 'HARD']",20.0,,,,,,,5.0,17,56.0,1h 42m 27.664s ( +1m 35.110s ),0.0,Williams
515,,3,33.0,0.0,True,False,False,,,1233,9673,Race,Shanghai,China,2024-04-21T07:00:00+00:00,Daniel RICCIARDO,RB,AUS,34.0,115.07812121212122,100.994,16.54578204323835,1.0,22.5,22.5,2.0,['MEDIUM'],12.0,,,,,,,5.0,ab,33.0,Collision,0.0,RB
516,,22,26.0,0.0,True,False,False,,,1233,9673,Race,Shanghai,China,2024-04-21T07:00:00+00:00,Yuki TSUNODA,RB,JPN,27.0,111.05773076923077,101.593,14.241845101131224,2.0,45.400000000000006,22.700000000000003,3.0,"['SOFT', 'MEDIUM', 'HARD']",19.0,,,,,,,5.0,ab,26.0,Collision,0.0,RB
517,,77,19.0,0.0,True,False,False,,,1233,9673,Race,Shanghai,China,2024-04-21T07:00:00+00:00,Valtteri BOTTAS,Kick Sauber,FIN,20.0,104.15884210526316,101.276,4.491191146915112,1.0,22.9,22.9,2.0,"['MEDIUM', 'HARD']",10.0,,,,,,,5.0,ab,19.0,Engine,0.0,Kick Sauber
518,1.0,4,57.0,25.0,False,False,False,5449.876,0,1234,9507,Race,Miami,United States,2024-05-05T20:00:00+00:00,Lando NORRIS,McLaren,GBR,58.0,95.62298245614035,90.98,12.131194898294275,1.0,22.0,22.0,2.0,"['MEDIUM', 'HARD']",5.0,132.08410060302987,344.0,46.45650831004559,20.99767612884248,7037.36378879247,0.009824974260920724,6.0,1,57.0,1h 30m 49.876s ( 203.670 km/h ),25.0,McLaren
519,2.0,1,57.0,18.0,False,False,False,5457.488,7.612,1234,9507,Race,Miami,United States,2024-05-05T20:00:00+00:00,Max VERSTAPPEN,Red Bull Racing,NED,57.0,95.75429824561404,91.261,11.947063316631583,1.0,22.1,22.1,2.0,"['MEDIUM', 'HARD']",1.0,134.63232828357113,322.0,46.87265774378585,20.4735990586851,6763.816855419915,0.0,6.0,2,57.0,1h 30m 57.488s ( +07.612s ),18.0,Red Bull
520,3.0,16,57.0,15.0,False,False,False,5459.796,9.92,1234,9507,Race,Miami,United States,2024-05-05T20:00:00+00:00,Charles LECLERC,Ferrari,MON,57.0,95.79387719298246,91.084,11.543403448770109,1.0,21.8,21.8,2.0,"['MEDIUM', 'HARD']",2.0,132.3397852625386,334.0,53.71445800853066,26.3471687012796,6946.461891454625,0.03791734078540962,6.0,3,57.0,1h 30m 59.796s ( +09.920s ),15.0,Ferrari
521,4.0,11,57.0,12.0,False,False,False,5464.526,14.65,1234,9507,Race,Miami,United States,2024-05-05T20:00:00+00:00,Sergio PEREZ,Red Bull Racing,MEX,57.0,95.87843859649122,90.855,10.465802356480474,2.0,43.900000000000006,21.950000000000003,3.0,"['MEDIUM', 'HARD']",4.0,134.2979849977938,345.0,39.93446095013972,13.978761582585674,6644.078923371084,0.009118988086483306,6.0,4,57.0,1h 31m 04.526s ( +14.650s ),12.0,Red Bull
522,5.0,55,57.0,10.0,False,False,False,5466.283,16.407,1234,9507,Race,Miami,United States,2024-05-05T20:00:00+00:00,Carlos SAINZ,Ferrari,ESP,57.0,95.82059649122807,90.928,11.180365702649771,1.0,22.8,22.8,2.0,"['MEDIUM', 'HARD']",3.0,132.2489777908516,347.0,52.106898073246064,25.351728195322842,6823.294749227827,0.03668186498014414,6.0,5,57.0,1h 31m 06.283s ( +16.407s ),10.0,Ferrari
523,6.0,44,57.0,8.0,False,False,False,5466.461,16.585,1234,9507,Race,Miami,United States,2024-05-05T20:00:00+00:00,Lewis HAMILTON,Mercedes,GBR,57.0,95.91059649122806,91.233,9.211399278804437,1.0,22.1,22.1,2.0,"['HARD', 'MEDIUM']",8.0,,,,,,,6.0,6,57.0,1h 31m 06.461s ( +16.585s ),8.0,Mercedes
524,7.0,22,57.0,6.0,False,False,False,5476.061,26.185,1234,9507,Race,Miami,United States,2024-05-05T20:00:00+00:00,Yuki TSUNODA,RB,JPN,57.0,96.08050877192983,91.682,9.93035770130233,1.0,22.1,22.1,2.0,"['MEDIUM', 'HARD']",10.0,,,,,,,6.0,7,57.0,1h 31m 16.061s ( +26.185s ),6.0,RB
525,8.0,63,57.0,4.0,False,False,False,5484.665,34.789,1234,9507,Race,Miami,United States,2024-05-05T20:00:00+00:00,George RUSSELL,Mercedes,GBR,57.0,96.23150877192982,91.921,8.71028709573343,1.0,22.8,22.8,2.0,"['MEDIUM', 'HARD']",7.0,,,,,,,6.0,8,57.0,1h 31m 24.665s ( +34.789s ),4.0,Mercedes
526,9.0,14,57.0,2.0,False,False,False,5486.983,37.107,1234,9507,Race,Miami,United States,2024-05-05T20:00:00+00:00,Fernando ALONSO,Aston Martin,ESP,57.0,96.2700350877193,91.727,8.260344778269832,1.0,22.3,22.3,2.0,"['HARD', 'MEDIUM']",15.0,,,,,,,6.0,9,57.0,1h 31m 26.983s ( +37.107s ),2.0,Aston Martin
527,10.0,31,57.0,1.0,False,False,False,5489.622,39.746,1234,9507,Race,Miami,United States,2024-05-05T20:00:00+00:00,Esteban OCON,Alpine,FRA,57.0,96.31543859649122,92.037,8.524739698618255,1.0,22.6,22.6,2.0,"['MEDIUM', 'HARD']",13.0,,,,,,,6.0,10,57.0,1h 31m 29.622s ( +39.746s ),1.0,Alpine
528,11.0,27,57.0,0.0,False,False,False,5490.665,40.789,1234,9507,Race,Miami,United States,2024-05-05T20:00:00+00:00,Nico HULKENBERG,Haas F1 Team,GER,57.0,96.33573684210526,91.941,8.413339823344991,2.0,45.4,22.7,3.0,"['MEDIUM', 'HARD']",9.0,,,,,,,6.0,11,57.0,1h 31m 30.665s ( +40.789s ),0.0,Haas
529,12.0,10,57.0,0.0,False,False,False,5494.834,44.958,1234,9507,Race,Miami,United States,2024-05-05T20:00:00+00:00,Pierre GASLY,Alpine,FRA,57.0,96.4062105263158,92.055,8.134850294383424,1.0,22.4,22.4,2.0,"['MEDIUM', 'HARD']",12.0,,,,,,,6.0,12,57.0,1h 31m 34.834s ( +44.958s ),0.0,Alpine
530,13.0,81,57.0,0.0,False,False,False,5499.632,49.756,1234,9507,Race,Miami,United States,2024-05-05T20:00:00+00:00,Oscar PIASTRI,McLaren,AUS,57.0,96.4912456140351,90.634,11.603514067915413,2.0,52.599999999999994,26.299999999999997,3.0,"['MEDIUM', 'HARD']",6.0,,,,,,,6.0,13,57.0,1h 31m 39.632s ( +49.756s ),0.0,McLaren
531,14.0,24,57.0,0.0,False,False,False,5499.855,49.979,1234,9507,Race,Miami,United States,2024-05-05T20:00:00+00:00,ZHOU Guanyu,Kick Sauber,CHN,57.0,96.49568421052632,91.991,8.648346204741555,1.0,23.0,23.0,2.0,"['MEDIUM', 'SOFT']",19.0,,,,,,,,,,,,
532,15.0,3,57.0,0.0,False,False,False,5500.832,50.956,1234,9507,Race,Miami,United States,2024-05-05T20:00:00+00:00,Daniel RICCIARDO,RB,AUS,57.0,96.5137543859649,92.122,8.380698115484305,1.0,22.5,22.5,2.0,"['HARD', 'MEDIUM']",20.0,,,,,,,6.0,15,57.0,1h 31m 40.832s ( +50.956s ),0.0,RB
533,16.0,77,57.0,0.0,False,False,False,5502.232,52.356,1234,9507,Race,Miami,United States,2024-05-05T20:00:00+00:00,Valtteri BOTTAS,Kick Sauber,FIN,57.0,96.53835087719298,92.098,8.062269893706885,2.0,46.4,23.2,3.0,"['SOFT', 'HARD', 'MEDIUM']",16.0,,,,,,,6.0,16,57.0,1h 31m 42.232s ( +52.356s ),0.0,Kick Sauber
534,17.0,18,57.0,0.0,False,False,False,5505.049,55.173,1234,9507,Race,Miami,United States,2024-05-05T20:00:00+00:00,Lance STROLL,Aston Martin,CAN,57.0,96.41307017543859,91.588,8.456620261368457,2.0,45.6,22.8,3.0,"['MEDIUM', 'HARD']",11.0,,,,,,,6.0,17,57.0,1h 31m 45.049s ( +55.173s ),0.0,Aston Martin
535,18.0,23,57.0,0.0,False,False,False,5525.967,76.091,1234,9507,Race,Miami,United States,2024-05-05T20:00:00+00:00,Alexander ALBON,Williams,THA,57.0,96.95331578947368,90.849,8.128616678917881,2.0,45.3,22.65,3.0,"['MEDIUM', 'HARD', 'SOFT']",14.0,,,,,,,6.0,18,57.0,1h 32m 05.967s ( +1m 16.091s ),0.0,Williams
536,19.0,20,57.0,0.0,False,False,False,5534.559,84.683,1234,9507,Race,Miami,United States,2024-05-05T20:00:00+00:00,Kevin MAGNUSSEN,Haas F1 Team,DEN,57.0,96.58035087719298,91.774,10.417942171512205,3.0,83.6,27.866666666666664,4.0,"['HARD', 'MEDIUM']",18.0,,,,,,,6.0,19,57.0,1h 32m 14.559s ( +1m 24.683s ),0.0,Haas
537,,2,27.0,0.0,True,False,False,,,1234,9507,Race,Miami,United States,2024-05-05T20:00:00+00:00,Logan SARGEANT,Williams,USA,28.0,95.7017037037037,93.452,3.928249412561966,1.0,22.6,22.6,2.0,"['MEDIUM', 'HARD']",17.0,,,,,,,6.0,ab,27.0,Collision,0.0,Williams
538,1.0,1,63.0,25.0,False,False,False,5125.252,0,1235,9515,Race,Imola,Italy,2024-05-19T13:00:00+00:00,Max VERSTAPPEN,Red Bull Racing,NED,63.0,81.36009523809523,80.366,2.960810414964804,1.0,30.4,30.4,2.0,"['MEDIUM', 'HARD']",1.0,138.99713157732404,338.0,44.05955832459441,14.51508235148973,6912.5700450311515,0.0010795139103078157,7.0,1,63.0,1h 25m 25.252s ( 217.077 km/h ),25.0,Red Bull
539,2.0,4,63.0,18.0,False,False,False,5125.977,0.725,1235,9515,Race,Imola,Italy,2024-05-19T13:00:00+00:00,Lando NORRIS,McLaren,GBR,63.0,81.37169841269842,79.994,3.1201163265892924,1.0,29.9,29.9,2.0,"['MEDIUM', 'HARD']",2.0,139.0966627598544,330.0,42.74887422120782,12.88939608907532,7140.867774967614,0.001326259946949602,7.0,2,63.0,1h 25m 25.977s ( +00.725s ),18.0,McLaren
540,3.0,16,63.0,15.0,False,False,False,5133.168,7.916,1235,9515,Race,Imola,Italy,2024-05-19T13:00:00+00:00,Charles LECLERC,Ferrari,MON,63.0,81.48715873015873,79.935,3.1585864652197384,1.0,30.1,30.1,2.0,"['MEDIUM', 'HARD']",3.0,139.00471901795078,332.0,56.522608105607304,24.54567886003331,7216.1341373141695,0.010147430756893467,7.0,3,63.0,1h 25m 33.168s ( +07.916s ),15.0,Ferrari
541,4.0,81,63.0,12.0,False,False,False,5139.384,14.132,1235,9515,Race,Imola,Italy,2024-05-19T13:00:00+00:00,Oscar PIASTRI,McLaren,AUS,63.0,81.58538095238094,79.907,2.9647944466014984,1.0,29.7,29.7,2.0,"['MEDIUM', 'HARD']",5.0,139.1384862130652,340.0,42.63074455616557,12.991178829190057,7043.106563444575,0.025075565973721545,7.0,4,63.0,1h 25m 39.384s ( +14.132s ),12.0,McLaren
542,5.0,55,63.0,10.0,False,False,False,5147.577,22.325,1235,9515,Race,Imola,Italy,2024-05-19T13:00:00+00:00,Carlos SAINZ,Ferrari,ESP,63.0,81.7136507936508,80.22,3.029857987509507,1.0,30.5,30.5,2.0,"['MEDIUM', 'HARD']",4.0,138.67136512244772,337.0,57.06264265005243,26.233791869718093,7178.288137684289,0.006199494170624885,7.0,5,63.0,1h 25m 47.577s ( +22.325s ),10.0,Ferrari
543,6.0,44,63.0,8.0,False,False,False,5160.356,35.104,1235,9515,Race,Imola,Italy,2024-05-19T13:00:00+00:00,Lewis HAMILTON,Mercedes,GBR,63.0,81.9176984126984,80.331,3.0431815939949587,1.0,29.5,29.5,2.0,"['MEDIUM', 'HARD']",8.0,,,,,,,7.0,6,63.0,1h 26m 00.356s ( +35.104s ),8.0,Mercedes
544,7.0,63,63.0,7.0,False,False,False,5172.406,47.154,1235,9515,Race,Imola,Italy,2024-05-19T13:00:00+00:00,George RUSSELL,Mercedes,GBR,63.0,82.10879365079366,78.589,4.215007910139632,2.0,59.2,29.6,3.0,"['MEDIUM', 'HARD']",6.0,,,,,,,7.0,7,63.0,1h 26m 12.406s ( +47.154s ),7.0,Mercedes
545,8.0,11,63.0,4.0,False,False,False,5180.028,54.776,1235,9515,Race,Imola,Italy,2024-05-19T13:00:00+00:00,Sergio PEREZ,Red Bull Racing,MEX,63.0,82.23074603174604,79.686,3.2101746458783937,1.0,29.6,29.6,2.0,"['HARD', 'MEDIUM']",11.0,,,,,,,7.0,8,63.0,1h 26m 20.028s ( +54.776s ),4.0,Red Bull
546,9.0,18,63.0,2.0,False,False,False,5204.808,79.556,1235,9515,Race,Imola,Italy,2024-05-19T13:00:00+00:00,Lance STROLL,Aston Martin,CAN,63.0,82.62390476190475,80.57,3.1192427674671817,1.0,29.9,29.9,2.0,"['MEDIUM', 'HARD']",13.0,,,,,,,7.0,9,63.0,1h 26m 44.808s ( +1m 19.556s ),2.0,Aston Martin
547,10.0,22,62.0,1.0,False,False,False,,+1 LAP,1235,9515,Race,Imola,Italy,2024-05-19T13:00:00+00:00,Yuki TSUNODA,RB,JPN,62.0,82.96141935483871,80.936,2.917577563262378,1.0,29.6,29.6,2.0,"['MEDIUM', 'HARD']",7.0,,,,,,,7.0,10,62.0,,1.0,RB
548,11.0,27,62.0,0.0,False,False,False,,+1 LAP,1235,9515,Race,Imola,Italy,2024-05-19T13:00:00+00:00,Nico HULKENBERG,Haas F1 Team,GER,62.0,83.0815806451613,81.7,2.942551583449062,1.0,29.7,29.7,2.0,"['MEDIUM', 'HARD']",10.0,,,,,,,7.0,11,62.0,,0.0,Haas
549,12.0,20,62.0,0.0,False,False,False,,+1 LAP,1235,9515,Race,Imola,Italy,2024-05-19T13:00:00+00:00,Kevin MAGNUSSEN,Haas F1 Team,DEN,62.0,83.09879032258064,81.009,3.3798311003347585,1.0,31.3,31.3,2.0,"['MEDIUM', 'HARD']",18.0,,,,,,,7.0,12,62.0,,0.0,Haas
550,13.0,3,62.0,0.0,False,False,False,,+1 LAP,1235,9515,Race,Imola,Italy,2024-05-19T13:00:00+00:00,Daniel RICCIARDO,RB,AUS,62.0,83.11882258064516,81.569,3.0829439013958577,1.0,30.0,30.0,2.0,"['MEDIUM', 'HARD']",9.0,,,,,,,7.0,13,62.0,,0.0,RB
551,14.0,31,62.0,0.0,False,False,False,,+1 LAP,1235,9515,Race,Imola,Italy,2024-05-19T13:00:00+00:00,Esteban OCON,Alpine,FRA,62.0,83.37933870967743,81.304,3.161499011252279,1.0,30.6,30.6,2.0,"['MEDIUM', 'HARD']",12.0,,,,,,,7.0,14,62.0,,0.0,Alpine
552,15.0,24,62.0,0.0,False,False,False,,+1 LAP,1235,9515,Race,Imola,Italy,2024-05-19T13:00:00+00:00,ZHOU Guanyu,Kick Sauber,CHN,62.0,83.39666129032258,81.016,3.307613303976287,1.0,30.2,30.2,2.0,"['HARD', 'MEDIUM']",17.0,,,,,,,,,,,,
553,16.0,10,62.0,0.0,False,False,False,,+1 LAP,1235,9515,Race,Imola,Italy,2024-05-19T13:00:00+00:00,Pierre GASLY,Alpine,FRA,62.0,83.47277419354839,81.371,4.27171255794251,2.0,60.6,30.3,3.0,"['SOFT', 'HARD', 'MEDIUM']",15.0,,,,,,,7.0,16,62.0,,0.0,Alpine
554,17.0,2,62.0,0.0,False,False,False,,+1 LAP,1235,9515,Race,Imola,Italy,2024-05-19T13:00:00+00:00,Logan SARGEANT,Williams,USA,62.0,83.49503225806451,81.229,3.6337240887333095,1.0,31.0,31.0,2.0,"['HARD', 'MEDIUM']",19.0,,,,,,,7.0,17,62.0,,0.0,Williams
555,18.0,77,62.0,0.0,False,False,False,,+1 LAP,1235,9515,Race,Imola,Italy,2024-05-19T13:00:00+00:00,Valtteri BOTTAS,Kick Sauber,FIN,62.0,83.5793870967742,81.455,3.3098249884634376,1.0,30.2,30.2,2.0,"['MEDIUM', 'HARD']",16.0,,,,,,,7.0,18,62.0,,0.0,Kick Sauber
556,19.0,14,62.0,0.0,False,False,False,,+1 LAP,1235,9515,Race,Imola,Italy,2024-05-19T13:00:00+00:00,Fernando ALONSO,Aston Martin,ESP,62.0,83.7168524590164,79.004,5.312102169687831,3.0,91.6,30.53333333333333,4.0,"['SOFT', 'HARD', 'MEDIUM']",20.0,,,,,,,7.0,19,62.0,,0.0,Aston Martin
557,,23,51.0,0.0,True,False,False,,,1235,9515,Race,Imola,Italy,2024-05-19T13:00:00+00:00,Alexander ALBON,Williams,THA,52.0,86.04225490196077,81.274,13.15319134635111,4.0,132.6,33.15,5.0,"['MEDIUM', 'HARD']",14.0,,,,,,,7.0,ab,51.0,Withdrew,0.0,Williams
558,1.0,16,78.0,25.0,False,False,False,8595.554,0,1236,9523,Race,Monte Carlo,Monaco,2024-05-26T13:00:00+00:00,Charles LECLERC,Ferrari,MON,78.0,79.73018181818182,75.162,11.454682914731139,1.0,2358.0,2358.0,2.0,"['MEDIUM', 'HARD']",1.0,81.35156766768091,288.0,35.95484411518279,27.347973717863916,5420.363540150814,0.0007276094721524011,8.0,1,78.0,2h 23m 15.554s ( 109.013 km/h ),25.0,Ferrari
559,2.0,81,78.0,18.0,False,False,False,8602.706,7.152,1236,9523,Race,Monte Carlo,Monaco,2024-05-26T13:00:00+00:00,Oscar PIASTRI,McLaren,AUS,78.0,79.79171428571428,76.281,11.234358375158935,1.0,2357.6,2357.6,2.0,"['MEDIUM', 'HARD']",2.0,81.54162808131588,288.0,30.44227631520924,22.71438020902236,5430.762093751378,0.007474533668474666,8.0,2,78.0,2h 23m 22.706s ( +07.152s ),18.0,McLaren
560,3.0,55,78.0,15.0,False,False,False,8603.139,7.585,1236,9523,Race,Monte Carlo,Monaco,2024-05-26T13:00:00+00:00,Carlos SAINZ,Ferrari,ESP,78.0,79.74568831168831,74.726,10.869794551222324,1.0,2327.0,2327.0,2.0,"['MEDIUM', 'HARD']",3.0,81.59070864752833,293.0,35.79234466640208,28.98117034881157,5383.980134056533,0.008091899281210036,8.0,3,78.0,2h 23m 23.139s ( +07.585s ),15.0,Ferrari
561,4.0,4,78.0,12.0,False,False,False,8604.204,8.65,1236,9523,Race,Monte Carlo,Monaco,2024-05-26T13:00:00+00:00,Lando NORRIS,McLaren,GBR,78.0,79.69041558441559,75.742,10.295727820379325,1.0,2365.5,2365.5,2.0,"['MEDIUM', 'HARD']",4.0,81.56585968161573,291.0,29.70337787185254,21.94576002116682,5429.313842218989,0.013824579970895621,8.0,4,78.0,2h 23m 24.204s ( +08.650s ),12.0,McLaren
562,5.0,63,78.0,10.0,False,False,False,8608.863,13.309,1236,9523,Race,Monte Carlo,Monaco,2024-05-26T13:00:00+00:00,George RUSSELL,Mercedes,GBR,78.0,79.67505194805196,75.228,9.75186263570642,1.0,2369.3,2369.3,2.0,"['HARD', 'MEDIUM']",5.0,82.2687965780306,291.0,31.514794725933765,22.694359924152224,5388.138973409181,0.0002866340344842792,8.0,5,78.0,2h 23m 28.863s ( +13.309s ),10.0,Mercedes
563,6.0,1,78.0,8.0,False,False,False,8609.407,13.853,1236,9523,Race,Monte Carlo,Monaco,2024-05-26T13:00:00+00:00,Max VERSTAPPEN,Red Bull Racing,NED,78.0,79.6164025974026,74.569,9.45067764523813,2.0,2396.4,1198.2,3.0,"['HARD', 'MEDIUM']",6.0,,,,,,,8.0,6,78.0,2h 23m 29.407s ( +13.853s ),8.0,Red Bull
564,7.0,44,78.0,7.0,False,False,False,8610.462,14.908,1236,9523,Race,Monte Carlo,Monaco,2024-05-26T13:00:00+00:00,Lewis HAMILTON,Mercedes,GBR,78.0,79.56698701298701,74.165,9.020170689967278,2.0,2399.5,1199.75,3.0,"['HARD', 'MEDIUM']",7.0,,,,,,,8.0,7,78.0,2h 23m 30.462s ( +14.908s ),7.0,Mercedes
565,8.0,22,77.0,4.0,False,False,False,,+1 LAP,1236,9523,Race,Monte Carlo,Monaco,2024-05-26T13:00:00+00:00,Yuki TSUNODA,RB,JPN,77.0,80.87410526315789,74.72,8.104661568223468,1.0,2377.5,2377.5,2.0,"['MEDIUM', 'HARD']",8.0,,,,,,,8.0,8,77.0,,4.0,RB
566,9.0,23,77.0,2.0,False,False,False,,+1 LAP,1236,9523,Race,Monte Carlo,Monaco,2024-05-26T13:00:00+00:00,Alexander ALBON,Williams,THA,77.0,80.98406578947368,77.06,7.327853221484043,1.0,2381.3,2381.3,2.0,"['MEDIUM', 'HARD']",9.0,,,,,,,8.0,9,77.0,,2.0,Williams
567,10.0,10,77.0,1.0,False,False,False,,+1 LAP,1236,9523,Race,Monte Carlo,Monaco,2024-05-26T13:00:00+00:00,Pierre GASLY,Alpine,FRA,77.0,81.02763157894738,75.625,7.033413069706825,1.0,2381.8,2381.8,2.0,"['HARD', 'MEDIUM']",10.0,,,,,,,8.0,10,77.0,,1.0,Alpine
568,11.0,14,76.0,0.0,False,False,False,,+2 LAPS,1236,9523,Race,Monte Carlo,Monaco,2024-05-26T13:00:00+00:00,Fernando ALONSO,Aston Martin,ESP,76.0,81.14965333333333,77.939,5.374727182248756,1.0,2389.4,2389.4,2.0,"['HARD', 'MEDIUM']",14.0,,,,,,,8.0,11,76.0,,0.0,Aston Martin
569,12.0,3,76.0,0.0,False,False,False,,+2 LAPS,1236,9523,Race,Monte Carlo,Monaco,2024-05-26T13:00:00+00:00,Daniel RICCIARDO,RB,AUS,76.0,81.22948000000001,77.172,6.0160629317618435,1.0,2385.8,2385.8,2.0,"['MEDIUM', 'HARD']",12.0,,,,,,,8.0,12,76.0,,0.0,RB
570,13.0,77,76.0,0.0,False,False,False,,+2 LAPS,1236,9523,Race,Monte Carlo,Monaco,2024-05-26T13:00:00+00:00,Valtteri BOTTAS,Kick Sauber,FIN,76.0,81.04392,76.561,5.013631253379606,2.0,2418.2,1209.1,3.0,"['HARD', 'MEDIUM']",17.0,,,,,,,8.0,13,76.0,,0.0,Kick Sauber
571,14.0,18,76.0,0.0,False,False,False,,+2 LAPS,1236,9523,Race,Monte Carlo,Monaco,2024-05-26T13:00:00+00:00,Lance STROLL,Aston Martin,CAN,76.0,81.31830666666666,76.71,7.6131948970074195,3.0,2435.8,811.9333333333334,4.0,"['HARD', 'MEDIUM', 'SOFT']",13.0,,,,,,,8.0,14,76.0,,0.0,Aston Martin
572,15.0,2,76.0,0.0,False,False,False,,+2 LAPS,1236,9523,Race,Monte Carlo,Monaco,2024-05-26T13:00:00+00:00,Logan SARGEANT,Williams,USA,76.0,81.16962666666666,75.525,5.650440680669595,2.0,2415.9,1207.95,3.0,"['HARD', 'MEDIUM']",15.0,,,,,,,8.0,15,76.0,,0.0,Williams
573,16.0,24,76.0,0.0,False,False,False,,+2 LAPS,1236,9523,Race,Monte Carlo,Monaco,2024-05-26T13:00:00+00:00,ZHOU Guanyu,Kick Sauber,CHN,76.0,81.66081333333332,74.718,4.706270586095703,2.0,2410.7000000000003,1205.3500000000001,3.0,"['MEDIUM', 'HARD', 'SOFT']",18.0,,,,,,,,,,,,
574,,31,0.0,0.0,True,False,False,,,1236,9523,Race,Monte Carlo,Monaco,2024-05-26T13:00:00+00:00,Esteban OCON,Alpine,FRA,1.0,,,,,,,1.0,['HARD'],11.0,,,,,,,8.0,ab,0.0,Collision,0.0,Alpine
575,,11,0.0,0.0,True,False,False,,,1236,9523,Race,Monte Carlo,Monaco,2024-05-26T13:00:00+00:00,Sergio PEREZ,Red Bull Racing,MEX,1.0,,,,,,,1.0,['HARD'],16.0,,,,,,,8.0,ab,0.0,Pile-up,0.0,Red Bull
576,,27,0.0,0.0,True,False,False,,,1236,9523,Race,Monte Carlo,Monaco,2024-05-26T13:00:00+00:00,Nico HULKENBERG,Haas F1 Team,GER,1.0,,,,,,,1.0,['MEDIUM'],19.0,,,,,,,8.0,ab,0.0,Pile-up,0.0,Haas
577,,20,0.0,0.0,True,False,False,,,1236,9523,Race,Monte Carlo,Monaco,2024-05-26T13:00:00+00:00,Kevin MAGNUSSEN,Haas F1 Team,DEN,1.0,,,,,,,1.0,['HARD'],20.0,,,,,,,8.0,ab,0.0,Pile-up,0.0,Haas
578,1.0,1,70.0,25.0,False,False,False,6347.927,0,1237,9531,Race,Montreal,Canada,2024-06-09T18:00:00+00:00,Max VERSTAPPEN,Red Bull Racing,NED,70.0,90.69117142857142,75.569,15.044760750113548,2.0,48.5,24.25,3.0,"['INTERMEDIATE', 'MEDIUM']",2.0,166.51332726048557,311.0,50.974692067012555,25.173274189076796,9359.938690641213,0.0007921105786367777,9.0,1,70.0,1h 45m 47.927s ( 173.123 km/h ),25.0,Red Bull
579,2.0,4,70.0,18.0,False,False,False,6351.806,3.879,1237,9531,Race,Montreal,Canada,2024-06-09T18:00:00+00:00,Lando NORRIS,McLaren,GBR,70.0,90.74654285714286,75.558,15.623055825421082,2.0,47.3,23.65,3.0,"['INTERMEDIATE', 'MEDIUM']",3.0,166.12796546397877,329.0,50.39031248762327,22.297912788625293,9497.48461325201,0.02376331735910333,9.0,2,70.0,1h 45m 51.806s ( +03.879s ),18.0,McLaren
580,3.0,63,70.0,15.0,False,False,False,6352.244,4.317,1237,9531,Race,Montreal,Canada,2024-06-09T18:00:00+00:00,George RUSSELL,Mercedes,GBR,70.0,90.7527,74.895,14.490501706990333,3.0,77.5,25.833333333333332,4.0,"['INTERMEDIATE', 'HARD', 'MEDIUM']",1.0,165.8249831676502,334.0,51.065309517208604,22.95393876985227,9385.093865103569,0.035644976038655,9.0,3,70.0,1h 45m 52.244s ( +04.317s ),15.0,Mercedes
581,4.0,44,70.0,13.0,False,False,False,6352.842,4.915,1237,9531,Race,Montreal,Canada,2024-06-09T18:00:00+00:00,Lewis HAMILTON,Mercedes,GBR,70.0,90.76168571428572,74.856,14.170528466864873,3.0,76.7,25.566666666666666,4.0,"['INTERMEDIATE', 'MEDIUM', 'HARD']",7.0,165.94011644025505,337.0,50.30864588696582,25.8983722127609,8916.545209711276,0.0361598479147689,9.0,4,70.0,1h 45m 52.842s ( +04.915s ),13.0,Mercedes
582,5.0,81,70.0,10.0,False,False,False,6358.126,10.199,1237,9531,Race,Montreal,Canada,2024-06-09T18:00:00+00:00,Oscar PIASTRI,McLaren,AUS,70.0,90.83604285714286,76.247,14.659085591858766,2.0,47.3,23.65,3.0,"['INTERMEDIATE', 'MEDIUM']",4.0,166.18642322468216,330.0,49.494197790011484,22.840508534991486,9559.611311339064,0.03342706641847202,9.0,5,70.0,1h 45m 58.126s ( +10.199s ),10.0,McLaren
583,6.0,14,70.0,8.0,False,False,False,6365.437,17.51,1237,9531,Race,Montreal,Canada,2024-06-09T18:00:00+00:00,Fernando ALONSO,Aston Martin,ESP,70.0,90.94082857142857,76.303,12.989424817928661,2.0,50.0,25.0,3.0,"['INTERMEDIATE', 'HARD']",6.0,,,,,,,9.0,6,70.0,1h 46m 05.437s ( +17.510s ),8.0,Aston Martin
584,7.0,18,70.0,6.0,False,False,False,6371.552,23.625,1237,9531,Race,Montreal,Canada,2024-06-09T18:00:00+00:00,Lance STROLL,Aston Martin,CAN,70.0,91.02861428571428,76.762,12.380406640664061,2.0,49.2,24.6,3.0,"['INTERMEDIATE', 'HARD']",9.0,,,,,,,9.0,7,70.0,1h 46m 11.552s ( +23.625s ),6.0,Aston Martin
585,8.0,3,70.0,4.0,False,False,False,6376.599,28.672,1237,9531,Race,Montreal,Canada,2024-06-09T18:00:00+00:00,Daniel RICCIARDO,RB,AUS,70.0,91.1011,77.076,12.278022657625273,2.0,54.0,27.0,3.0,"['INTERMEDIATE', 'MEDIUM']",5.0,,,,,,,9.0,8,70.0,1h 46m 16.599s ( +28.672s ),4.0,RB
586,9.0,10,70.0,2.0,False,False,False,6377.948,30.021,1237,9531,Race,Montreal,Canada,2024-06-09T18:00:00+00:00,Pierre GASLY,Alpine,FRA,70.0,91.1213,77.013,12.100132156842069,2.0,49.3,24.65,3.0,"['INTERMEDIATE', 'HARD']",15.0,,,,,,,9.0,9,70.0,1h 46m 17.948s ( +30.021s ),2.0,Alpine
587,10.0,31,70.0,1.0,False,False,False,6378.24,30.313,1237,9531,Race,Montreal,Canada,2024-06-09T18:00:00+00:00,Esteban OCON,Alpine,FRA,70.0,91.12458571428571,77.012,11.906352195109795,1.0,24.4,24.4,2.0,"['INTERMEDIATE', 'MEDIUM']",18.0,,,,,,,9.0,10,70.0,1h 46m 18.240s ( +30.313s ),1.0,Alpine
588,11.0,27,70.0,0.0,False,False,False,6378.751,30.824,1237,9531,Race,Montreal,Canada,2024-06-09T18:00:00+00:00,Nico HULKENBERG,Haas F1 Team,GER,70.0,91.13102857142856,76.683,11.51649965184977,3.0,73.5,24.5,4.0,"['WET', 'INTERMEDIATE', 'MEDIUM']",17.0,,,,,,,9.0,11,70.0,1h 46m 18.751s ( +30.824s ),0.0,Haas
589,12.0,20,70.0,0.0,False,False,False,6379.18,31.253,1237,9531,Race,Montreal,Canada,2024-06-09T18:00:00+00:00,Kevin MAGNUSSEN,Haas F1 Team,DEN,70.0,91.13695714285716,76.499,11.918415763115693,4.0,108.7,27.175,5.0,"['WET', 'INTERMEDIATE', 'MEDIUM']",14.0,,,,,,,9.0,12,70.0,1h 46m 19.180s ( +31.253s ),0.0,Haas
590,13.0,77,70.0,0.0,False,False,False,6388.414,40.487,1237,9531,Race,Montreal,Canada,2024-06-09T18:00:00+00:00,Valtteri BOTTAS,Kick Sauber,FIN,70.0,91.26947142857144,77.25,11.116534279968853,1.0,24.9,24.9,2.0,"['INTERMEDIATE', 'MEDIUM']",19.0,,,,,,,9.0,13,70.0,1h 46m 28.414s ( +40.487s ),0.0,Kick Sauber
591,14.0,22,70.0,0.0,False,False,False,6400.621,52.694,1237,9531,Race,Montreal,Canada,2024-06-09T18:00:00+00:00,Yuki TSUNODA,RB,JPN,70.0,91.44281428571429,77.309,11.807650989614595,1.0,25.5,25.5,2.0,"['INTERMEDIATE', 'MEDIUM']",8.0,,,,,,,9.0,14,70.0,1h 46m 40.621s ( +52.694s ),0.0,RB
592,15.0,24,69.0,0.0,False,False,False,,+1 LAP,1237,9531,Race,Montreal,Canada,2024-06-09T18:00:00+00:00,ZHOU Guanyu,Kick Sauber,CHN,69.0,92.7806811594203,77.325,12.834135179614185,3.0,119.3,39.766666666666666,4.0,"['INTERMEDIATE', 'MEDIUM']",20.0,,,,,,,,,,,,
593,,55,52.0,0.0,True,False,False,,,1237,9531,Race,Montreal,Canada,2024-06-09T18:00:00+00:00,Carlos SAINZ,Ferrari,ESP,53.0,92.09490384615385,78.957,10.169331235380564,2.0,51.7,25.85,3.0,"['INTERMEDIATE', 'MEDIUM']",12.0,,,,,,,9.0,ab,52.0,Collision,0.0,Ferrari
594,,23,52.0,0.0,True,False,False,,,1237,9531,Race,Montreal,Canada,2024-06-09T18:00:00+00:00,Alexander ALBON,Williams,THA,53.0,92.10428846153846,79.359,10.090529283882182,2.0,49.5,24.75,3.0,"['INTERMEDIATE', 'MEDIUM']",10.0,,,,,,,9.0,ab,52.0,Collision,0.0,Williams
595,,11,51.0,0.0,True,False,False,,,1237,9531,Race,Montreal,Canada,2024-06-09T18:00:00+00:00,Sergio PEREZ,Red Bull Racing,MEX,52.0,92.37554901960785,78.819,10.455354026169987,2.0,58.1,29.05,3.0,"['INTERMEDIATE', 'MEDIUM']",16.0,,,,,,,9.0,ab,51.0,Accident,0.0,Red Bull
596,,16,40.0,0.0,True,False,False,,,1237,9531,Race,Montreal,Canada,2024-06-09T18:00:00+00:00,Charles LECLERC,Ferrari,MON,41.0,96.09465,86.012,12.636840295089181,3.0,95.7,31.900000000000002,4.0,"['INTERMEDIATE', 'HARD']",11.0,,,,,,,9.0,ab,40.0,Engine,0.0,Ferrari
597,,2,23.0,0.0,True,False,False,,,1237,9531,Race,Montreal,Canada,2024-06-09T18:00:00+00:00,Logan SARGEANT,Williams,USA,24.0,94.13221739130435,86.484,8.797978000946483,,,,1.0,['INTERMEDIATE'],13.0,,,,,,,9.0,ab,23.0,Accident,0.0,Williams
598,1.0,1,66.0,25.0,False,False,False,5300.227,0,1238,9539,Race,Catalunya,Spain,2024-06-23T13:00:00+00:00,Max VERSTAPPEN,Red Bull Racing,NED,66.0,80.31325757575758,77.776,3.3372907035987045,2.0,43.8,21.9,3.0,"['SOFT', 'MEDIUM']",2.0,131.99706976880475,326.0,43.615495062560434,14.907844228909662,6719.004395346793,0.0038093005538136957,10.0,1.0,66.0,1h 28m 20.227s ( 208.680 km/h ),25.0,Red Bull
599,2.0,4,66.0,19.0,False,False,False,5302.446,2.219,1238,9539,Race,Catalunya,Spain,2024-06-23T13:00:00+00:00,Lando NORRIS,McLaren,GBR,66.0,80.34709090909091,77.115,3.417991671805461,2.0,44.2,22.1,3.0,"['SOFT', 'MEDIUM']",1.0,130.08409763530344,335.0,43.158642716910364,16.257508717437805,6830.207313857063,0.0316757992205585,10.0,2.0,66.0,1h 28m 22.446s ( +02.219s ),19.0,McLaren
600,3.0,44,66.0,15.0,False,False,False,5318.017,17.79,1238,9539,Race,Catalunya,Spain,2024-06-23T13:00:00+00:00,Lewis HAMILTON,Mercedes,GBR,66.0,80.58289393939393,77.809,3.3042518209528744,2.0,43.400000000000006,21.700000000000003,3.0,"['SOFT', 'MEDIUM']",3.0,131.86980982799543,339.0,44.56014299528233,16.520995106513904,6654.1805022416265,0.024877662847598677,10.0,3.0,66.0,1h 28m 38.017s ( +17.790s ),15.0,Mercedes
601,4.0,63,66.0,12.0,False,False,False,5322.547,22.32,1238,9539,Race,Catalunya,Spain,2024-06-23T13:00:00+00:00,George RUSSELL,Mercedes,GBR,66.0,80.65183333333333,78.29,3.6562110424836627,2.0,47.7,23.85,3.0,"['SOFT', 'MEDIUM', 'HARD']",4.0,131.87690098748791,330.0,49.753040114865065,21.222492454654674,7045.038591144841,0.007618601107627391,10.0,4.0,66.0,1h 28m 42.547s ( +22.320s ),12.0,Mercedes
602,5.0,16,66.0,10.0,False,False,False,5322.936,22.709,1238,9539,Race,Catalunya,Spain,2024-06-23T13:00:00+00:00,Charles LECLERC,Ferrari,MON,66.0,80.65712121212121,77.897,3.465725389783399,2.0,43.8,21.9,3.0,"['SOFT', 'MEDIUM']",5.0,129.89043865560993,340.0,54.17771852199139,26.08937205145486,6914.828581475078,0.02616696457350485,10.0,5.0,66.0,1h 28m 42.936s ( +22.709s ),10.0,Ferrari
603,6.0,55,66.0,8.0,False,False,False,5331.255,31.028,1238,9539,Race,Catalunya,Spain,2024-06-23T13:00:00+00:00,Carlos SAINZ,Ferrari,ESP,66.0,80.7835,78.539,3.428462630347939,2.0,44.3,22.15,3.0,"['SOFT', 'MEDIUM', 'HARD']",6.0,,,,,,,10.0,6.0,66.0,1h 28m 51.255s ( +31.028s ),8.0,Ferrari
604,7.0,81,66.0,6.0,False,False,False,5333.987,33.76,1238,9539,Race,Catalunya,Spain,2024-06-23T13:00:00+00:00,Oscar PIASTRI,McLaren,AUS,66.0,80.82548484848485,77.874,3.6410017482193098,2.0,44.599999999999994,22.299999999999997,3.0,"['SOFT', 'MEDIUM']",9.0,,,,,,,10.0,7.0,66.0,1h 28m 53.987s ( +33.760s ),6.0,McLaren
605,8.0,11,66.0,4.0,False,False,False,5359.751,59.524,1238,9539,Race,Catalunya,Spain,2024-06-23T13:00:00+00:00,Sergio PEREZ,Red Bull Racing,MEX,66.0,81.21631818181818,77.785,4.0570679794046525,3.0,64.9,21.633333333333336,4.0,"['SOFT', 'MEDIUM']",11.0,,,,,,,10.0,8.0,66.0,1h 29m 19.751s ( +59.524s ),4.0,Red Bull
606,9.0,10,66.0,2.0,False,False,False,5362.252,62.025,1238,9539,Race,Catalunya,Spain,2024-06-23T13:00:00+00:00,Pierre GASLY,Alpine,FRA,66.0,81.2535,79.045,3.703917104280895,2.0,47.6,23.8,3.0,"['SOFT', 'MEDIUM', 'HARD']",7.0,,,,,,,10.0,9.0,66.0,1h 29m 22.252s ( +1m 02.025s ),2.0,Alpine
607,10.0,31,66.0,1.0,False,False,False,5372.116,71.889,1238,9539,Race,Catalunya,Spain,2024-06-23T13:00:00+00:00,Esteban OCON,Alpine,FRA,66.0,81.40154545454546,78.982,3.3802810405773536,2.0,43.7,21.85,3.0,"['SOFT', 'MEDIUM', 'HARD']",8.0,,,,,,,10.0,10.0,66.0,1h 29m 32.116s ( +1m 11.889s ),1.0,Alpine
608,11.0,27,66.0,0.0,False,False,False,5379.442,79.215,1238,9539,Race,Catalunya,Spain,2024-06-23T13:00:00+00:00,Nico HULKENBERG,Haas F1 Team,GER,66.0,81.43736363636364,78.609,3.6922633110386354,2.0,45.2,22.6,3.0,"['SOFT', 'MEDIUM', 'HARD']",13.0,,,,,,,10.0,11.0,66.0,1h 29m 39.442s ( +1m 19.215s ),0.0,Haas
609,12.0,14,65.0,0.0,False,False,False,,+1 LAP,1238,9539,Race,Catalunya,Spain,2024-06-23T13:00:00+00:00,Fernando ALONSO,Aston Martin,ESP,65.0,81.69535384615385,78.334,3.499515432665151,2.0,44.4,22.2,3.0,"['SOFT', 'MEDIUM', 'HARD']",10.0,,,,,,,10.0,12.0,65.0,,0.0,Aston Martin
610,13.0,24,65.0,0.0,False,False,False,,+1 LAP,1238,9539,Race,Catalunya,Spain,2024-06-23T13:00:00+00:00,ZHOU Guanyu,Kick Sauber,CHN,65.0,81.78684615384616,78.771,3.810596443761995,2.0,46.7,23.35,3.0,"['SOFT', 'MEDIUM', 'HARD']",15.0,,,,,,,,,,,,
611,14.0,18,65.0,0.0,False,False,False,,+1 LAP,1238,9539,Race,Catalunya,Spain,2024-06-23T13:00:00+00:00,Lance STROLL,Aston Martin,CAN,65.0,81.93555384615384,79.318,3.671986923957047,2.0,45.1,22.55,3.0,"['SOFT', 'MEDIUM', 'HARD']",14.0,,,,,,,10.0,14.0,65.0,,0.0,Aston Martin
612,15.0,3,65.0,0.0,False,False,False,,+1 LAP,1238,9539,Race,Catalunya,Spain,2024-06-23T13:00:00+00:00,Daniel RICCIARDO,RB,AUS,65.0,82.22693846153847,79.45,3.785077966819686,2.0,44.400000000000006,22.200000000000003,3.0,"['SOFT', 'MEDIUM', 'HARD']",18.0,,,,,,,10.0,15.0,65.0,,0.0,RB
613,16.0,77,65.0,0.0,False,False,False,,+1 LAP,1238,9539,Race,Catalunya,Spain,2024-06-23T13:00:00+00:00,Valtteri BOTTAS,Kick Sauber,FIN,65.0,82.3675076923077,79.608,3.4494071008792453,2.0,45.599999999999994,22.799999999999997,3.0,"['SOFT', 'HARD']",12.0,,,,,,,10.0,16.0,65.0,,0.0,Kick Sauber
614,17.0,20,65.0,0.0,False,False,False,,+1 LAP,1238,9539,Race,Catalunya,Spain,2024-06-23T13:00:00+00:00,Kevin MAGNUSSEN,Haas F1 Team,DEN,65.0,82.39020000000001,79.805,4.245898514301768,2.0,52.2,26.1,3.0,"['SOFT', 'MEDIUM', 'HARD']",16.0,,,,,,,10.0,17.0,65.0,,0.0,Haas
615,18.0,23,65.0,0.0,False,False,False,,+1 LAP,1238,9539,Race,Catalunya,Spain,2024-06-23T13:00:00+00:00,Alexander ALBON,Williams,THA,65.0,82.257125,79.132,3.4748761745667176,2.0,45.0,22.5,3.0,"['MEDIUM', 'SOFT']",20.0,,,,,,,10.0,18.0,65.0,,0.0,Williams
616,19.0,22,65.0,0.0,False,False,False,,+1 LAP,1238,9539,Race,Catalunya,Spain,2024-06-23T13:00:00+00:00,Yuki TSUNODA,RB,JPN,65.0,82.52863076923077,79.447,4.317079964980783,3.0,66.5,22.166666666666668,4.0,"['SOFT', 'MEDIUM', 'HARD']",17.0,,,,,,,10.0,19.0,65.0,,0.0,RB
617,20.0,2,64.0,0.0,False,False,False,,+2 LAPS,1238,9539,Race,Catalunya,Spain,2024-06-23T13:00:00+00:00,Logan SARGEANT,Williams,USA,64.0,82.897671875,80.172,3.566278617317955,2.0,44.9,22.45,3.0,"['SOFT', 'MEDIUM', 'HARD']",19.0,,,,,,,10.0,20.0,64.0,,0.0,Williams
618,1.0,63,71.0,25.0,False,False,False,5062.798,0,1239,9550,Race,Spielberg,Austria,2024-06-30T13:00:00+00:00,George RUSSELL,Mercedes,GBR,72.0,71.3122676056338,69.164,3.4376467156544623,2.0,42.8,21.4,3.0,"['MEDIUM', 'HARD']",3.0,139.20875703579313,323.0,52.77827533662966,22.077308206611313,6929.171191342476,0.006996921354603974,11.0,1.0,71.0,1h 24m 22.798s ( 217.909 km/h ),25.0,Mercedes
619,2.0,81,71.0,18.0,False,False,False,5064.704,1.906,1239,9550,Race,Spielberg,Austria,2024-06-30T13:00:00+00:00,Oscar PIASTRI,McLaren,AUS,71.0,71.34391549295775,68.697,3.4641382137820513,2.0,41.599999999999994,20.799999999999997,3.0,"['MEDIUM', 'HARD']",7.0,137.45004198152813,323.0,42.52256118419007,13.60077121622042,6903.43726093852,0.03000901825419038,11.0,2.0,71.0,1h 24m 24.704s ( +01.906s ),18.0,McLaren
620,3.0,55,71.0,15.0,False,False,False,5067.331,4.533,1239,9550,Race,Spielberg,Austria,2024-06-30T13:00:00+00:00,Carlos SAINZ,Ferrari,ESP,71.0,71.37708450704226,69.282,3.471297669034199,2.0,42.4,21.2,3.0,"['MEDIUM', 'HARD']",4.0,137.4726809092888,315.0,46.93544173896819,17.1693876916379,6794.852815872127,0.017134682961719067,11.0,3.0,71.0,1h 24m 27.331s ( +04.533s ),15.0,Ferrari
621,4.0,44,71.0,12.0,False,False,False,5085.94,23.142,1239,9550,Race,Spielberg,Austria,2024-06-30T13:00:00+00:00,Lewis HAMILTON,Mercedes,GBR,71.0,71.63850704225352,69.562,3.599081509310951,2.0,48.7,24.35,3.0,"['MEDIUM', 'HARD']",5.0,139.01343408900084,322.0,44.22110271480548,14.43791398451348,6727.482849768324,0.026961470286407316,11.0,4.0,71.0,1h 24m 45.940s ( +23.142s ),12.0,Mercedes
622,5.0,1,71.0,10.0,False,False,False,5100.051,37.253,1239,9550,Race,Spielberg,Austria,2024-06-30T13:00:00+00:00,Max VERSTAPPEN,Red Bull Racing,NED,71.0,71.6963661971831,67.719,5.591830779269336,3.0,70.3,23.433333333333334,4.0,"['MEDIUM', 'HARD', 'SOFT']",1.0,137.89527151828594,316.0,42.87643147395641,13.836965890900135,6830.572435660633,0.003170791774412018,11.0,5.0,71.0,1h 25m 00.051s ( +37.253s ),10.0,Red Bull
623,6.0,27,71.0,8.0,False,False,False,5116.886,54.088,1239,9550,Race,Spielberg,Austria,2024-06-30T13:00:00+00:00,Nico HULKENBERG,Haas F1 Team,GER,71.0,72.07390140845071,70.215,3.4504280154990723,2.0,44.1,22.05,3.0,"['MEDIUM', 'HARD']",9.0,,,,,,,11.0,6.0,71.0,1h 25m 16.886s ( +54.088s ),8.0,Haas
624,7.0,11,71.0,6.0,False,False,False,5117.47,54.672,1239,9550,Race,Spielberg,Austria,2024-06-30T13:00:00+00:00,Sergio PEREZ,Red Bull Racing,MEX,71.0,72.0826338028169,69.694,3.8468761398584808,2.0,48.7,24.35,3.0,"['MEDIUM', 'HARD']",8.0,,,,,,,11.0,7.0,71.0,1h 25m 17.470s ( +54.672s ),6.0,Red Bull
625,8.0,20,71.0,4.0,False,False,False,5123.153,60.355,1239,9550,Race,Spielberg,Austria,2024-06-30T13:00:00+00:00,Kevin MAGNUSSEN,Haas F1 Team,DEN,71.0,72.16277464788732,70.125,3.37490600587497,2.0,43.3,21.65,3.0,"['MEDIUM', 'HARD']",12.0,,,,,,,11.0,8.0,71.0,1h 25m 23.153s ( +1m 00.355s ),4.0,Haas
626,9.0,3,71.0,2.0,False,False,False,5123.967,61.169,1239,9550,Race,Spielberg,Austria,2024-06-30T13:00:00+00:00,Daniel RICCIARDO,RB,AUS,71.0,72.17318309859155,70.426,3.451763360163527,2.0,42.5,21.25,3.0,"['MEDIUM', 'HARD']",11.0,,,,,,,11.0,9.0,71.0,1h 25m 23.967s ( +1m 01.169s ),2.0,RB
627,10.0,10,71.0,1.0,False,False,False,5124.564,61.766,1239,9550,Race,Spielberg,Austria,2024-06-30T13:00:00+00:00,Pierre GASLY,Alpine,FRA,71.0,72.18045070422535,69.609,3.462142684146967,2.0,43.4,21.7,3.0,"['MEDIUM', 'HARD']",13.0,,,,,,,11.0,10.0,71.0,1h 25m 24.564s ( +1m 01.766s ),1.0,Alpine
628,11.0,16,71.0,0.0,False,False,False,5129.854,67.056,1239,9550,Race,Spielberg,Austria,2024-06-30T13:00:00+00:00,Charles LECLERC,Ferrari,MON,71.0,72.25746478873239,69.584,5.285778331201526,4.0,96.6,24.15,5.0,"['MEDIUM', 'HARD']",6.0,,,,,,,11.0,11.0,71.0,1h 25m 29.854s ( +1m 07.056s ),0.0,Ferrari
629,12.0,31,71.0,0.0,False,False,False,5131.123,68.325,1239,9550,Race,Spielberg,Austria,2024-06-30T13:00:00+00:00,Esteban OCON,Alpine,FRA,71.0,72.27542253521128,69.649,3.523565214227414,2.0,43.4,21.7,3.0,"['MEDIUM', 'HARD']",10.0,,,,,,,11.0,12.0,71.0,1h 25m 31.123s ( +1m 08.325s ),0.0,Alpine
630,13.0,18,70.0,0.0,False,False,False,,+1 LAP,1239,9550,Race,Spielberg,Austria,2024-06-30T13:00:00+00:00,Lance STROLL,Aston Martin,CAN,70.0,72.47692857142857,70.143,3.5968463212364443,2.0,42.6,21.3,3.0,"['MEDIUM', 'HARD']",17.0,,,,,,,11.0,13.0,70.0,,0.0,Aston Martin
631,14.0,22,70.0,0.0,False,False,False,,+1 LAP,1239,9550,Race,Spielberg,Austria,2024-06-30T13:00:00+00:00,Yuki TSUNODA,RB,JPN,70.0,72.51941428571429,70.318,3.8370279617828045,2.0,44.599999999999994,22.299999999999997,3.0,"['MEDIUM', 'HARD']",14.0,,,,,,,11.0,14.0,70.0,,0.0,RB
632,15.0,23,70.0,0.0,False,False,False,,+1 LAP,1239,9550,Race,Spielberg,Austria,2024-06-30T13:00:00+00:00,Alexander ALBON,Williams,THA,70.0,72.48561428571429,70.364,3.669769598631409,2.0,43.400000000000006,21.700000000000003,3.0,"['MEDIUM', 'HARD']",16.0,,,,,,,11.0,15.0,70.0,,0.0,Williams
633,16.0,77,70.0,0.0,False,False,False,,+1 LAP,1239,9550,Race,Spielberg,Austria,2024-06-30T13:00:00+00:00,Valtteri BOTTAS,Kick Sauber,FIN,70.0,72.608,70.449,3.692456289419735,2.0,43.8,21.9,3.0,"['MEDIUM', 'HARD']",18.0,,,,,,,11.0,16.0,70.0,,0.0,Kick Sauber
634,17.0,24,70.0,0.0,False,False,False,,+1 LAP,1239,9550,Race,Spielberg,Austria,2024-06-30T13:00:00+00:00,ZHOU Guanyu,Kick Sauber,CHN,70.0,72.806115942029,70.47,3.4424992824820135,2.0,44.6,22.3,3.0,"['HARD', 'MEDIUM']",20.0,,,,,,,,,,,,
635,18.0,14,70.0,0.0,False,False,False,,+1 LAP,1239,9550,Race,Spielberg,Austria,2024-06-30T13:00:00+00:00,Fernando ALONSO,Aston Martin,ESP,70.0,73.01118571428572,67.694,5.114181477265124,3.0,77.69999999999999,25.899999999999995,4.0,"['MEDIUM', 'HARD', 'SOFT']",15.0,,,,,,,11.0,18.0,70.0,,0.0,Aston Martin
636,19.0,2,69.0,0.0,False,False,False,,+2 LAPS,1239,9550,Race,Spielberg,Austria,2024-06-30T13:00:00+00:00,Logan SARGEANT,Williams,USA,69.0,73.47144927536232,70.406,5.0443578718505835,3.0,76.2,25.400000000000002,4.0,"['MEDIUM', 'HARD']",19.0,,,,,,,11.0,19.0,69.0,,0.0,Williams
637,20.0,4,64.0,0.0,False,False,False,,+7 LAPS,1239,9550,Race,Spielberg,Austria,2024-06-30T13:00:00+00:00,Lando NORRIS,McLaren,GBR,65.0,71.73996875,68.016,6.9140624448345465,2.0,43.0,21.5,3.0,"['MEDIUM', 'HARD']",2.0,,,,,,,11.0,20.0,64.0,Collision,0.0,McLaren
638,1.0,44,52.0,25.0,False,False,False,4947.059,0,1240,9558,Race,Silverstone,United Kingdom,2024-07-07T14:00:00+00:00,Lewis HAMILTON,Mercedes,GBR,52.0,95.14282692307691,89.438,6.839134126255163,2.0,58.9,29.45,3.0,"['MEDIUM', 'INTERMEDIATE', 'SOFT']",2.0,136.6218619089238,320.0,51.39227268617582,18.783159036798168,6861.609415026672,0.0038877670956270153,12.0,1,52,1h 22m 27.059s ( 222.822 km/h ),25.0,Mercedes
639,2.0,1,52.0,18.0,False,False,False,4948.524,1.465,1240,9558,Race,Silverstone,United Kingdom,2024-07-07T14:00:00+00:00,Max VERSTAPPEN,Red Bull Racing,NED,52.0,95.17353846153847,88.952,6.70527801023717,2.0,57.3,28.65,3.0,"['MEDIUM', 'INTERMEDIATE', 'HARD']",4.0,138.40890871281758,327.0,44.120731744070405,12.897742684066182,6758.477592598174,0.004972725354871764,12.0,2,52,1h 22m 28.524s ( +01.465s ),18.0,Red Bull
640,3.0,4,52.0,15.0,False,False,False,4954.606,7.547,1240,9558,Race,Silverstone,United Kingdom,2024-07-07T14:00:00+00:00,Lando NORRIS,McLaren,GBR,52.0,95.28807692307691,89.262,6.546201149075918,2.0,58.900000000000006,29.450000000000003,3.0,"['MEDIUM', 'INTERMEDIATE', 'SOFT']",3.0,136.27184231939967,327.0,53.23926343389289,22.786413911575902,6741.318314698171,0.012868810463819656,12.0,3,52,1h 22m 34.606s ( +07.547s ),15.0,McLaren
641,4.0,81,52.0,12.0,False,False,False,4959.488,12.429,1240,9558,Race,Silverstone,United Kingdom,2024-07-07T14:00:00+00:00,Oscar PIASTRI,McLaren,AUS,52.0,95.38151923076923,88.748,7.337152005283962,2.0,58.7,29.35,3.0,"['MEDIUM', 'INTERMEDIATE']",5.0,136.2519815557096,329.0,53.80172387812302,22.94710828486182,6820.806485639372,0.02163888972604804,12.0,4,52,1h 22m 39.488s ( +12.429s ),12.0,McLaren
642,5.0,55,52.0,11.0,False,False,False,4994.377,47.318,1240,9558,Race,Silverstone,United Kingdom,2024-07-07T14:00:00+00:00,Carlos SAINZ,Ferrari,ESP,52.0,96.05296153846153,88.293,7.16600251175589,3.0,86.8,28.933333333333334,4.0,"['MEDIUM', 'INTERMEDIATE', 'HARD', 'SOFT']",7.0,136.06554956149603,323.0,56.02685271691631,24.506554956149603,6685.713390193183,0.009583797956661946,12.0,5,52,1h 23m 14.377s ( +47.318s ),11.0,Ferrari
643,6.0,27,52.0,8.0,False,False,False,5002.781,55.722,1240,9558,Race,Silverstone,United Kingdom,2024-07-07T14:00:00+00:00,Nico HULKENBERG,Haas F1 Team,GER,52.0,96.21438461538462,89.836,6.801389846874717,2.0,59.599999999999994,29.799999999999997,3.0,"['MEDIUM', 'INTERMEDIATE', 'SOFT']",6.0,,,,,,,12.0,6,52,1h 23m 22.781s ( +55.722s ),8.0,Haas
644,7.0,18,52.0,6.0,False,False,False,5003.628,56.569,1240,9558,Race,Silverstone,United Kingdom,2024-07-07T14:00:00+00:00,Lance STROLL,Aston Martin,CAN,52.0,96.23053846153847,89.897,6.875469037723014,2.0,58.4,29.2,3.0,"['MEDIUM', 'INTERMEDIATE']",8.0,,,,,,,12.0,7,52,1h 23m 23.628s ( +56.569s ),6.0,Aston Martin
645,8.0,14,52.0,4.0,False,False,False,5010.636,63.577,1240,9558,Race,Silverstone,United Kingdom,2024-07-07T14:00:00+00:00,Fernando ALONSO,Aston Martin,ESP,52.0,96.36817307692309,89.71,7.416157584787302,2.0,58.900000000000006,29.450000000000003,3.0,"['MEDIUM', 'INTERMEDIATE']",10.0,,,,,,,12.0,8,52,1h 23m 30.636s ( +1m 03.577s ),4.0,Aston Martin
646,9.0,23,52.0,2.0,False,False,False,5015.446,68.387,1240,9558,Race,Silverstone,United Kingdom,2024-07-07T14:00:00+00:00,Alexander ALBON,Williams,THA,52.0,96.45536538461539,89.718,7.609015707721137,2.0,64.1,32.05,3.0,"['MEDIUM', 'INTERMEDIATE']",9.0,,,,,,,12.0,9,52,1h 23m 35.446s ( +1m 08.387s ),2.0,Williams
647,10.0,22,52.0,1.0,False,False,False,5026.362,79.303,1240,9558,Race,Silverstone,United Kingdom,2024-07-07T14:00:00+00:00,Yuki TSUNODA,RB,JPN,52.0,96.66713461538461,90.229,7.102085647903068,2.0,59.6,29.8,3.0,"['MEDIUM', 'INTERMEDIATE', 'SOFT']",13.0,,,,,,,12.0,10,52,1h 23m 46.362s ( +1m 19.303s ),1.0,RB
648,11.0,2,52.0,0.0,False,False,False,5036.019,88.96,1240,9558,Race,Silverstone,United Kingdom,2024-07-07T14:00:00+00:00,Logan SARGEANT,Williams,USA,52.0,96.85459615384616,89.972,7.449910214644165,2.0,62.199999999999996,31.099999999999998,3.0,"['MEDIUM', 'INTERMEDIATE', 'SOFT']",12.0,,,,,,,12.0,11,52,1h 23m 56.019s ( +1m 28.960s ),0.0,Williams
649,12.0,20,52.0,0.0,False,False,False,5037.212,90.153,1240,9558,Race,Silverstone,United Kingdom,2024-07-07T14:00:00+00:00,Kevin MAGNUSSEN,Haas F1 Team,DEN,52.0,96.87786538461539,90.093,7.840596861106058,2.0,60.1,30.05,3.0,"['MEDIUM', 'INTERMEDIATE', 'SOFT']",17.0,,,,,,,12.0,12,52,1h 23m 57.212s ( +1m 30.153s ),0.0,Haas
650,13.0,3,51.0,0.0,False,False,False,,+1 LAP,1240,9558,Race,Silverstone,United Kingdom,2024-07-07T14:00:00+00:00,Daniel RICCIARDO,RB,AUS,51.0,97.20370588235295,90.735,7.221065096768252,2.0,58.6,29.3,3.0,"['MEDIUM', 'INTERMEDIATE', 'SOFT']",15.0,,,,,,,12.0,13,51,,0.0,RB
651,14.0,16,51.0,0.0,False,False,False,,+1 LAP,1240,9558,Race,Silverstone,United Kingdom,2024-07-07T14:00:00+00:00,Charles LECLERC,Ferrari,MON,51.0,97.80101960784313,89.748,8.427283544512301,3.0,86.7,28.900000000000002,4.0,"['MEDIUM', 'INTERMEDIATE', 'SOFT']",11.0,,,,,,,12.0,14,51,,0.0,Ferrari
652,15.0,77,51.0,0.0,False,False,False,,+1 LAP,1240,9558,Race,Silverstone,United Kingdom,2024-07-07T14:00:00+00:00,Valtteri BOTTAS,Kick Sauber,FIN,51.0,97.83007843137254,91.277,7.605492688427592,2.0,62.1,31.05,3.0,"['MEDIUM', 'INTERMEDIATE', 'SOFT']",16.0,,,,,,,12.0,15,51,,0.0,Kick Sauber
653,16.0,31,50.0,0.0,False,False,False,,+2 LAPS,1240,9558,Race,Silverstone,United Kingdom,2024-07-07T14:00:00+00:00,Esteban OCON,Alpine,FRA,50.0,99.16498,90.875,8.326223110468884,4.0,114.8,28.7,5.0,"['SOFT', 'INTERMEDIATE', 'MEDIUM']",18.0,,,,,,,12.0,16,50,,0.0,Alpine
654,17.0,11,50.0,0.0,False,False,False,,+2 LAPS,1240,9558,Race,Silverstone,United Kingdom,2024-07-07T14:00:00+00:00,Sergio PEREZ,Red Bull Racing,MEX,50.0,99.094,89.707,9.355318703372248,4.0,118.69999999999999,29.674999999999997,5.0,"['HARD', 'INTERMEDIATE', 'MEDIUM', 'SOFT']",20.0,,,,,,,12.0,17,50,,0.0,Red Bull
655,18.0,24,50.0,0.0,False,False,False,,+2 LAPS,1240,9558,Race,Silverstone,United Kingdom,2024-07-07T14:00:00+00:00,ZHOU Guanyu,Kick Sauber,CHN,50.0,100.03772000000001,91.014,9.21519098773369,4.0,121.0,30.25,5.0,"['SOFT', 'MEDIUM', 'INTERMEDIATE']",14.0,,,,,,,,,,,,
656,,63,33.0,0.0,True,False,False,,,1240,9558,Race,Silverstone,United Kingdom,2024-07-07T14:00:00+00:00,George RUSSELL,Mercedes,GBR,34.0,96.122,91.298,7.150636942783473,1.0,32.0,32.0,2.0,"['MEDIUM', 'INTERMEDIATE']",1.0,,,,,,,12.0,ab,33,Water leak,0.0,Mercedes
657,,10,0.0,0.0,False,True,False,,,1240,9558,Race,Silverstone,United Kingdom,2024-07-07T14:00:00+00:00,Pierre GASLY,Alpine,FRA,1.0,,,,,,,1.0,['MEDIUM'],19.0,,,,,,,12.0,np,tf,Gearbox,0.0,Alpine
658,1.0,81,70.0,25.0,False,False,False,5881.989,0,1241,9566,Race,Hungaroring,Hungary,2024-07-21T13:00:00+00:00,Oscar PIASTRI,McLaren,AUS,70.0,84.03381428571429,81.716,3.283883823312017,2.0,43.400000000000006,21.700000000000003,3.0,"['MEDIUM', 'HARD']",2.0,126.43434256055363,317.0,37.549221453287196,16.34948096885813,7172.704844290657,0.001182237600922722,13.0,1,70.0,1h 38m 01.989s ( 187.669 km/h ),25.0,McLaren
659,2.0,4,70.0,18.0,False,False,False,5884.13,2.141,1241,9566,Race,Hungaroring,Hungary,2024-07-21T13:00:00+00:00,Lando NORRIS,McLaren,GBR,70.0,84.06504285714286,81.712,3.131556983844325,2.0,43.0,21.5,3.0,"['MEDIUM', 'HARD']",1.0,126.1673875432526,318.0,38.549019607843135,17.74659746251442,7200.883044982699,0.003402537485582468,13.0,2,70.0,1h 38m 04.130s ( +02.141s ),18.0,McLaren
660,3.0,44,70.0,15.0,False,False,False,5896.869,14.88,1241,9566,Race,Hungaroring,Hungary,2024-07-21T13:00:00+00:00,Lewis HAMILTON,Mercedes,GBR,70.0,84.24631428571429,82.153,3.120945065631806,2.0,43.2,21.6,3.0,"['MEDIUM', 'HARD']",5.0,127.73010380622837,315.0,39.47168396770473,17.84636678200692,7041.076874279123,0.0008650519031141869,13.0,3,70.0,1h 38m 16.869s ( +14.880s ),15.0,Mercedes
661,4.0,16,70.0,12.0,False,False,False,5901.675,19.686,1241,9566,Race,Hungaroring,Hungary,2024-07-21T13:00:00+00:00,Charles LECLERC,Ferrari,MON,70.0,84.31524285714286,82.182,3.261117730657566,2.0,43.5,21.75,3.0,"['MEDIUM', 'HARD']",6.0,126.17820069204153,319.0,43.1113321799308,21.32572087658593,7210.737745098039,0.0037773933102652826,13.0,4,70.0,1h 38m 21.675s ( +19.686s ),12.0,Ferrari
662,5.0,1,70.0,10.0,False,False,False,5903.338,21.349,1241,9566,Race,Hungaroring,Hungary,2024-07-21T13:00:00+00:00,Max VERSTAPPEN,Red Bull Racing,NED,70.0,84.34051428571429,80.908,3.1383811609470187,2.0,43.400000000000006,21.700000000000003,3.0,"['MEDIUM', 'HARD']",3.0,128.18667820069203,324.0,39.35666089965398,18.77047289504037,7025.9422722029985,0.02301038062283737,13.0,5,70.0,1h 38m 23.338s ( +21.349s ),10.0,Red Bull
663,6.0,55,70.0,8.0,False,False,False,5905.062,23.073,1241,9566,Race,Hungaroring,Hungary,2024-07-21T13:00:00+00:00,Carlos SAINZ,Ferrari,ESP,70.0,84.36424285714286,81.441,3.3246288686225856,2.0,43.0,21.5,3.0,"['MEDIUM', 'HARD']",4.0,,,,,,,13.0,6,70.0,1h 38m 25.062s ( +23.073s ),8.0,Ferrari
664,7.0,11,70.0,6.0,False,False,False,5921.781,39.792,1241,9566,Race,Hungaroring,Hungary,2024-07-21T13:00:00+00:00,Sergio PEREZ,Red Bull Racing,MEX,70.0,84.60325714285715,81.096,3.6906252590156714,2.0,42.3,21.15,3.0,"['HARD', 'MEDIUM']",16.0,,,,,,,13.0,7,70.0,1h 38m 41.781s ( +39.792s ),6.0,Red Bull
665,8.0,63,70.0,5.0,False,False,False,5924.357,42.368,1241,9566,Race,Hungaroring,Hungary,2024-07-21T13:00:00+00:00,George RUSSELL,Mercedes,GBR,70.0,84.63871428571429,80.305,3.410897209277465,2.0,42.6,21.3,3.0,"['HARD', 'MEDIUM']",17.0,,,,,,,13.0,8,70.0,1h 38m 44.357s ( +42.368s ),5.0,Mercedes
666,9.0,22,70.0,2.0,False,False,False,5959.248,77.259,1241,9566,Race,Hungaroring,Hungary,2024-07-21T13:00:00+00:00,Yuki TSUNODA,RB,JPN,70.0,85.13774285714285,83.533,2.551275286027197,1.0,21.4,21.4,2.0,"['MEDIUM', 'HARD']",10.0,,,,,,,13.0,9,70.0,1h 39m 19.248s ( +1m 17.259s ),2.0,RB
667,10.0,18,70.0,1.0,False,False,False,5959.965,77.976,1241,9566,Race,Hungaroring,Hungary,2024-07-21T13:00:00+00:00,Lance STROLL,Aston Martin,CAN,70.0,85.14937142857143,82.338,3.5476308942011836,2.0,45.4,22.7,3.0,"['SOFT', 'MEDIUM', 'HARD']",8.0,,,,,,,13.0,10,70.0,1h 39m 19.965s ( +1m 17.976s ),1.0,Aston Martin
668,11.0,14,70.0,0.0,False,False,False,5964.449,82.46,1241,9566,Race,Hungaroring,Hungary,2024-07-21T13:00:00+00:00,Fernando ALONSO,Aston Martin,ESP,70.0,85.2125,83.063,3.21542289575581,2.0,44.3,22.15,3.0,"['SOFT', 'MEDIUM', 'HARD']",7.0,,,,,,,13.0,11,70.0,1h 39m 24.449s ( +1m 22.460s ),0.0,Aston Martin
669,12.0,3,69.0,0.0,False,False,False,,+1 LAP,1241,9566,Race,Hungaroring,Hungary,2024-07-21T13:00:00+00:00,Daniel RICCIARDO,RB,AUS,69.0,85.51156521739131,82.64,3.266202217535101,2.0,42.3,21.15,3.0,"['MEDIUM', 'HARD']",9.0,,,,,,,13.0,12,69.0,,0.0,RB
670,13.0,27,69.0,0.0,False,False,False,,+1 LAP,1241,9566,Race,Hungaroring,Hungary,2024-07-21T13:00:00+00:00,Nico HULKENBERG,Haas F1 Team,GER,69.0,85.73394202898551,83.461,3.3867967552387626,2.0,44.599999999999994,22.299999999999997,3.0,"['MEDIUM', 'HARD']",11.0,,,,,,,13.0,13,69.0,,0.0,Haas
671,14.0,23,69.0,0.0,False,False,False,,+1 LAP,1241,9566,Race,Hungaroring,Hungary,2024-07-21T13:00:00+00:00,Alexander ALBON,Williams,THA,69.0,85.78463768115942,83.93,3.3374090028177057,2.0,45.4,22.7,3.0,"['SOFT', 'HARD']",13.0,,,,,,,13.0,14,69.0,,0.0,Williams
672,15.0,20,69.0,0.0,False,False,False,,+1 LAP,1241,9566,Race,Hungaroring,Hungary,2024-07-21T13:00:00+00:00,Kevin MAGNUSSEN,Haas F1 Team,DEN,69.0,85.90702898550725,83.553,3.3638628572932223,2.0,44.3,22.15,3.0,"['SOFT', 'HARD']",15.0,,,,,,,13.0,15,69.0,,0.0,Haas
673,16.0,77,69.0,0.0,False,False,False,,+1 LAP,1241,9566,Race,Hungaroring,Hungary,2024-07-21T13:00:00+00:00,Valtteri BOTTAS,Kick Sauber,FIN,69.0,85.91011594202898,82.792,3.3706424005287348,2.0,44.0,22.0,3.0,"['MEDIUM', 'HARD']",12.0,,,,,,,13.0,16,69.0,,0.0,Kick Sauber
674,17.0,2,69.0,0.0,False,False,False,,+1 LAP,1241,9566,Race,Hungaroring,Hungary,2024-07-21T13:00:00+00:00,Logan SARGEANT,Williams,USA,69.0,86.013,80.561,3.933779764462434,3.0,64.9,21.633333333333336,4.0,"['MEDIUM', 'HARD', 'SOFT']",14.0,,,,,,,13.0,17,69.0,,0.0,Williams
675,18.0,31,69.0,0.0,False,False,False,,+1 LAP,1241,9566,Race,Hungaroring,Hungary,2024-07-21T13:00:00+00:00,Esteban OCON,Alpine,FRA,69.0,86.13520289855072,81.61,3.901915406640654,3.0,64.5,21.5,4.0,"['MEDIUM', 'HARD', 'SOFT']",19.0,,,,,,,13.0,18,69.0,,0.0,Alpine
676,19.0,24,69.0,0.0,False,False,False,,+1 LAP,1241,9566,Race,Hungaroring,Hungary,2024-07-21T13:00:00+00:00,ZHOU Guanyu,Kick Sauber,CHN,69.0,86.17340579710145,83.487,3.548063939003917,2.0,44.0,22.0,3.0,"['MEDIUM', 'HARD']",18.0,,,,,,,,,,,,
677,,10,33.0,0.0,True,False,False,,,1241,9566,Race,Hungaroring,Hungary,2024-07-21T13:00:00+00:00,Pierre GASLY,Alpine,FRA,34.0,86.27053125,83.34,3.000312478181877,1.0,21.4,21.4,2.0,"['HARD', 'MEDIUM']",20.0,,,,,,,13.0,ab,33.0,Hydraulics,0.0,Alpine
678,1.0,44,44.0,25.0,False,False,False,4797.566,0,1242,9574,Race,Spa-Francorchamps,Belgium,2024-07-28T13:00:00+00:00,Lewis HAMILTON,Mercedes,GBR,44.0,109.04561363636363,106.653,3.518831506740981,2.0,45.8,22.9,3.0,"['MEDIUM', 'HARD']",3.0,148.48748188167085,340.0,47.55827513506391,10.493213862168929,6901.879200158123,0.011760442746079852,14.0,1,44.0,1h 19m 57.566s ( 231.156 km/h ),25.0,Mercedes
679,2.0,81,44.0,18.0,False,False,False,4798.213,0.647,1242,9574,Race,Spa-Francorchamps,Belgium,2024-07-28T13:00:00+00:00,Oscar PIASTRI,McLaren,AUS,44.0,109.06211363636363,105.84,3.499793071729523,2.0,46.7,23.35,3.0,"['MEDIUM', 'HARD']",5.0,148.1303202002899,349.0,44.69561207010146,12.75266833574911,7065.9503887205165,0.014066411911977862,14.0,2,44.0,1h 19m 58.213s ( +00.647s ),18.0,McLaren
680,3.0,16,44.0,15.0,False,False,False,4805.589,8.023,1242,9574,Race,Spa-Francorchamps,Belgium,2024-07-28T13:00:00+00:00,Charles LECLERC,Ferrari,MON,44.0,109.22684090909091,107.013,3.3034210733805938,2.0,46.2,23.1,3.0,"['MEDIUM', 'HARD']",1.0,148.14936091711687,327.0,51.77882461457372,15.954671234681776,7077.823955725392,0.0020753722493082093,14.0,3,44.0,1h 20m 05.589s ( +08.023s ),15.0,Ferrari
681,4.0,1,44.0,12.0,False,False,False,4806.266,8.7,1242,9574,Race,Spa-Francorchamps,Belgium,2024-07-28T13:00:00+00:00,Max VERSTAPPEN,Red Bull Racing,NED,44.0,109.24018181818182,106.128,3.4775305477248257,2.0,46.099999999999994,23.049999999999997,3.0,"['MEDIUM', 'HARD']",11.0,147.9988799578337,346.0,45.02628804849124,12.30689155356437,6856.258795625247,0.03103175648965608,14.0,4,44.0,1h 20m 06.266s ( +08.700s ),12.0,Red Bull
682,5.0,4,44.0,10.0,False,False,False,4806.89,9.324,1242,9574,Race,Spa-Francorchamps,Belgium,2024-07-28T13:00:00+00:00,Lando NORRIS,McLaren,GBR,44.0,109.25843181818182,105.563,3.296642466720129,2.0,45.2,22.6,3.0,"['MEDIUM', 'HARD']",4.0,147.78314007115563,355.0,43.695150876268286,13.234681776255107,7153.647977335618,0.03570957965476347,14.0,5,44.0,1h 20m 06.890s ( +09.324s ),10.0,McLaren
683,6.0,55,44.0,8.0,False,False,False,4816.835,19.269,1242,9574,Race,Spa-Francorchamps,Belgium,2024-07-28T13:00:00+00:00,Carlos SAINZ,Ferrari,ESP,44.0,109.48352272727271,106.364,3.3848530488430577,2.0,46.0,23.0,3.0,"['HARD', 'MEDIUM']",7.0,,,,,,,14.0,6,44.0,1h 20m 16.835s ( +19.269s ),8.0,Ferrari
684,7.0,11,44.0,7.0,False,False,False,4840.235,42.669,1242,9574,Race,Spa-Francorchamps,Belgium,2024-07-28T13:00:00+00:00,Sergio PEREZ,Red Bull Racing,MEX,44.0,110.0150909090909,104.701,4.051186543489202,3.0,67.80000000000001,22.600000000000005,4.0,"['MEDIUM', 'HARD', 'SOFT']",2.0,,,,,,,14.0,7,44.0,1h 20m 40.235s ( +42.669s ),7.0,Red Bull
685,8.0,14,44.0,4.0,False,False,False,4847.003,49.437,1242,9574,Race,Spa-Francorchamps,Belgium,2024-07-28T13:00:00+00:00,Fernando ALONSO,Aston Martin,ESP,44.0,110.16843181818182,108.051,2.6982611661632236,1.0,23.0,23.0,3.0,"['MEDIUM', 'HARD']",8.0,,,,,,,14.0,8,44.0,1h 20m 47.003s ( +49.437s ),4.0,Aston Martin
686,9.0,31,44.0,2.0,False,False,False,4849.592,52.026,1242,9574,Race,Spa-Francorchamps,Belgium,2024-07-28T13:00:00+00:00,Esteban OCON,Alpine,FRA,44.0,110.22845454545454,106.957,3.5553396819009855,2.0,46.8,23.4,3.0,"['MEDIUM', 'HARD']",9.0,,,,,,,14.0,9,44.0,1h 20m 49.592s ( +52.026s ),2.0,Alpine
687,10.0,3,44.0,1.0,False,False,False,4851.966,54.4,1242,9574,Race,Spa-Francorchamps,Belgium,2024-07-28T13:00:00+00:00,Daniel RICCIARDO,RB,AUS,44.0,110.28200000000001,107.435,3.7426186019951295,2.0,44.900000000000006,22.450000000000003,4.0,"['SOFT', 'MEDIUM', 'HARD']",13.0,,,,,,,14.0,10,44.0,1h 20m 51.966s ( +54.400s ),1.0,RB
688,11.0,18,44.0,0.0,False,False,False,4860.051,62.485,1242,9574,Race,Spa-Francorchamps,Belgium,2024-07-28T13:00:00+00:00,Lance STROLL,Aston Martin,CAN,44.0,110.46259090909092,108.105,2.916128026332515,1.0,23.0,23.0,3.0,"['MEDIUM', 'HARD']",15.0,,,,,,,14.0,11,44.0,1h 21m 00.051s ( +1m 02.485s ),0.0,Aston Martin
689,12.0,23,44.0,0.0,False,False,False,4860.691,63.125,1242,9574,Race,Spa-Francorchamps,Belgium,2024-07-28T13:00:00+00:00,Alexander ALBON,Williams,THA,44.0,110.48,107.996,3.3791696723335196,2.0,46.7,23.35,3.0,"['MEDIUM', 'HARD']",10.0,,,,,,,14.0,12,44.0,1h 21m 00.691s ( +1m 03.125s ),0.0,Williams
690,13.0,10,44.0,0.0,False,False,False,4861.405,63.839,1242,9574,Race,Spa-Francorchamps,Belgium,2024-07-28T13:00:00+00:00,Pierre GASLY,Alpine,FRA,44.0,110.49575,107.418,3.613331993996287,2.0,45.7,22.85,3.0,"['MEDIUM', 'HARD']",12.0,,,,,,,14.0,13,44.0,1h 21m 01.405s ( +1m 03.839s ),0.0,Alpine
691,14.0,20,44.0,0.0,False,False,False,4863.671,66.105,1242,9574,Race,Spa-Francorchamps,Belgium,2024-07-28T13:00:00+00:00,Kevin MAGNUSSEN,Haas F1 Team,DEN,44.0,110.54609090909092,107.848,3.0436729480677034,1.0,23.6,23.6,2.0,"['MEDIUM', 'HARD']",17.0,,,,,,,14.0,14,44.0,1h 21m 03.671s ( +1m 06.105s ),0.0,Haas
692,15.0,77,44.0,0.0,False,False,False,4867.678,70.112,1242,9574,Race,Spa-Francorchamps,Belgium,2024-07-28T13:00:00+00:00,Valtteri BOTTAS,Kick Sauber,FIN,44.0,110.63811363636364,107.019,3.3442473218315047,2.0,46.0,23.0,3.0,"['MEDIUM', 'HARD']",14.0,,,,,,,14.0,15,44.0,1h 21m 07.678s ( +1m 10.112s ),0.0,Kick Sauber
693,16.0,22,44.0,0.0,False,False,False,4873.777,76.211,1242,9574,Race,Spa-Francorchamps,Belgium,2024-07-28T13:00:00+00:00,Yuki TSUNODA,RB,JPN,44.0,110.77836363636362,107.969,3.206533425504798,1.0,23.4,23.4,3.0,"['MEDIUM', 'HARD', 'SOFT']",20.0,,,,,,,14.0,16,44.0,1h 21m 13.777s ( +1m 16.211s ),0.0,RB
694,17.0,2,44.0,0.0,False,False,False,4883.097,85.531,1242,9574,Race,Spa-Francorchamps,Belgium,2024-07-28T13:00:00+00:00,Logan SARGEANT,Williams,USA,44.0,110.9875909090909,107.49,3.8591378379125607,2.0,46.900000000000006,23.450000000000003,3.0,"['MEDIUM', 'HARD']",18.0,,,,,,,14.0,17,44.0,1h 21m 23.097s ( +1m 25.531s ),0.0,Williams
695,18.0,27,44.0,0.0,False,False,False,4885.873,88.307,1242,9574,Race,Spa-Francorchamps,Belgium,2024-07-28T13:00:00+00:00,Nico HULKENBERG,Haas F1 Team,GER,44.0,111.05154545454546,108.954,3.573523929814328,2.0,46.7,23.35,3.0,"['MEDIUM', 'HARD']",16.0,,,,,,,14.0,18,44.0,1h 21m 25.873s ( +1m 28.307s ),0.0,Haas
696,,24,5.0,0.0,True,False,False,,,1242,9574,Race,Spa-Francorchamps,Belgium,2024-07-28T13:00:00+00:00,ZHOU Guanyu,Kick Sauber,CHN,6.0,132.1694,112.099,28.742181359458442,,,,1.0,['HARD'],19.0,,,,,,,,,,,,
697,,63,44.0,0.0,False,False,True,4797.04,,1242,9574,Race,Spa-Francorchamps,Belgium,2024-07-28T13:00:00+00:00,George RUSSELL,Mercedes,GBR,44.0,109.03556818181818,107.113,2.678576195874143,1.0,22.6,22.6,2.0,"['MEDIUM', 'HARD']",6.0,,,,,,,14.0,dsq,44.0,Weight infringement  1h 19m 57.040s,0.0,Mercedes
698,1.0,4,72.0,26.0,False,False,False,5445.519,0,1243,9582,Race,Zandvoort,Netherlands,2024-08-25T13:00:00+00:00,Lando NORRIS,McLaren,GBR,72.0,75.63773611111111,73.817,2.582117015453517,1.0,21.5,21.5,2.0,"['MEDIUM', 'HARD']",1.0,129.61102320675104,330.0,40.65600093764651,15.978434130332865,6952.5106950304735,0.0065049226441631506,15.0,1.0,72.0,1h 30m 45.519s ( 202.683 km/h ),26.0,McLaren
699,2.0,1,72.0,18.0,False,False,False,5468.415,22.896,1243,9582,Race,Zandvoort,Netherlands,2024-08-25T13:00:00+00:00,Max VERSTAPPEN,Red Bull Racing,NED,72.0,75.956125,74.752,2.4315668740604637,1.0,20.7,20.7,2.0,"['MEDIUM', 'HARD']",2.0,131.77792428504455,327.0,41.41865916549461,14.001172058134083,6741.909575714955,0.005157055789967183,15.0,2.0,72.0,1h 31m 08.415s ( +22.896s ),18.0,Red Bull
700,3.0,16,72.0,15.0,False,False,False,5470.958,25.439,1243,9582,Race,Zandvoort,Netherlands,2024-08-25T13:00:00+00:00,Charles LECLERC,Ferrari,MON,72.0,75.99076388888889,74.585,2.4295697903130122,1.0,20.8,20.8,2.0,"['MEDIUM', 'HARD']",6.0,131.47017112048758,334.0,50.35870839193624,24.471987810595405,7255.144280356306,0.03955696202531646,15.0,3.0,72.0,1h 31m 10.958s ( +25.439s ),15.0,Ferrari
701,4.0,81,72.0,12.0,False,False,False,5472.856,27.337,1243,9582,Race,Zandvoort,Netherlands,2024-08-25T13:00:00+00:00,Oscar PIASTRI,McLaren,AUS,72.0,76.01888888888888,74.237,2.5623893149880552,1.0,20.9,20.9,2.0,"['MEDIUM', 'HARD']",3.0,129.99818330989217,334.0,40.19485466479137,15.799695264885138,6946.801453352086,0.02250351617440225,15.0,4.0,72.0,1h 31m 12.856s ( +27.337s ),12.0,McLaren
702,5.0,55,72.0,10.0,False,False,False,5477.656,32.137,1243,9582,Race,Zandvoort,Netherlands,2024-08-25T13:00:00+00:00,Carlos SAINZ,Ferrari,ESP,72.0,76.08477777777779,74.117,2.748144496796687,1.0,20.8,20.8,2.0,"['MEDIUM', 'HARD']",10.0,131.43287037037038,336.0,49.35158813877168,24.36544772620722,7258.784868729489,0.02988748241912799,15.0,5.0,72.0,1h 31m 17.656s ( +32.137s ),10.0,Ferrari
703,6.0,11,72.0,8.0,False,False,False,5485.061,39.542,1243,9582,Race,Zandvoort,Netherlands,2024-08-25T13:00:00+00:00,Sergio PEREZ,Red Bull Racing,MEX,72.0,76.18697222222222,74.587,2.7969742906069244,1.0,22.9,22.9,2.0,"['MEDIUM', 'HARD']",5.0,,,,,,,15.0,6.0,72.0,1h 31m 25.061s ( +39.542s ),8.0,Red Bull
704,7.0,63,72.0,6.0,False,False,False,5490.136,44.617,1243,9582,Race,Zandvoort,Netherlands,2024-08-25T13:00:00+00:00,George RUSSELL,Mercedes,GBR,72.0,76.25844444444445,73.927,3.387498578093938,2.0,42.900000000000006,21.450000000000003,3.0,"['MEDIUM', 'HARD', 'SOFT']",4.0,,,,,,,15.0,7.0,72.0,1h 31m 30.136s ( +44.617s ),6.0,Mercedes
705,8.0,44,72.0,4.0,False,False,False,5495.118,49.599,1243,9582,Race,Zandvoort,Netherlands,2024-08-25T13:00:00+00:00,Lewis HAMILTON,Mercedes,GBR,72.0,76.32701388888889,73.878,3.576089584743959,2.0,42.1,21.05,3.0,"['SOFT', 'HARD']",14.0,,,,,,,15.0,8.0,72.0,1h 31m 35.118s ( +49.599s ),4.0,Mercedes
706,9.0,10,71.0,2.0,False,False,False,,+1 LAP,1243,9582,Race,Zandvoort,Netherlands,2024-08-25T13:00:00+00:00,Pierre GASLY,Alpine,FRA,71.0,76.8259014084507,74.855,2.920724617306606,1.0,22.6,22.6,2.0,"['MEDIUM', 'HARD']",9.0,,,,,,,15.0,9.0,71.0,,2.0,Alpine
707,10.0,14,71.0,1.0,False,False,False,,+1 LAP,1243,9582,Race,Zandvoort,Netherlands,2024-08-25T13:00:00+00:00,Fernando ALONSO,Aston Martin,ESP,71.0,76.89459154929577,74.758,2.744339866381944,1.0,21.3,21.3,2.0,"['MEDIUM', 'HARD']",7.0,,,,,,,15.0,10.0,71.0,,1.0,Aston Martin
708,11.0,27,71.0,0.0,False,False,False,,+1 LAP,1243,9582,Race,Zandvoort,Netherlands,2024-08-25T13:00:00+00:00,Nico HULKENBERG,Haas F1 Team,GER,71.0,76.97419718309858,75.657,2.6471520309285426,1.0,21.6,21.6,2.0,"['MEDIUM', 'HARD']",12.0,,,,,,,15.0,11.0,71.0,,0.0,Haas
709,12.0,3,71.0,0.0,False,False,False,,+1 LAP,1243,9582,Race,Zandvoort,Netherlands,2024-08-25T13:00:00+00:00,Daniel RICCIARDO,RB,AUS,71.0,77.00111267605634,75.222,2.8907010249581595,1.0,20.9,20.9,2.0,"['MEDIUM', 'HARD']",13.0,,,,,,,15.0,12.0,71.0,,0.0,RB
710,13.0,18,71.0,0.0,False,False,False,,+1 LAP,1243,9582,Race,Zandvoort,Netherlands,2024-08-25T13:00:00+00:00,Lance STROLL,Aston Martin,CAN,71.0,76.99457746478873,75.255,2.653277922344206,1.0,21.3,21.3,2.0,"['MEDIUM', 'HARD']",8.0,,,,,,,15.0,13.0,71.0,,0.0,Aston Martin
711,14.0,23,71.0,0.0,False,False,False,,+1 LAP,1243,9582,Race,Zandvoort,Netherlands,2024-08-25T13:00:00+00:00,Alexander ALBON,Williams,THA,71.0,77.27705633802817,74.434,3.6024264675248454,2.0,42.2,21.1,3.0,"['MEDIUM', 'HARD']",19.0,,,,,,,15.0,14.0,71.0,,0.0,Williams
712,15.0,31,71.0,0.0,False,False,False,,+1 LAP,1243,9582,Race,Zandvoort,Netherlands,2024-08-25T13:00:00+00:00,Esteban OCON,Alpine,FRA,71.0,77.36530985915493,75.39,2.8473649000513146,1.0,21.0,21.0,2.0,"['MEDIUM', 'HARD']",15.0,,,,,,,15.0,15.0,71.0,,0.0,Alpine
713,16.0,2,71.0,0.0,False,False,False,,+1 LAP,1243,9582,Race,Zandvoort,Netherlands,2024-08-25T13:00:00+00:00,Logan SARGEANT,Williams,USA,71.0,77.61307042253522,75.539,2.9183105549221113,1.0,22.0,22.0,2.0,"['MEDIUM', 'HARD']",18.0,,,,,,,15.0,16.0,71.0,,0.0,Williams
714,17.0,22,71.0,0.0,False,False,False,,+1 LAP,1243,9582,Race,Zandvoort,Netherlands,2024-08-25T13:00:00+00:00,Yuki TSUNODA,RB,JPN,71.0,77.6205633802817,75.552,3.498848466617859,2.0,42.0,21.0,3.0,"['SOFT', 'MEDIUM', 'HARD']",11.0,,,,,,,15.0,17.0,71.0,,0.0,RB
715,18.0,20,71.0,0.0,False,False,False,,+1 LAP,1243,9582,Race,Zandvoort,Netherlands,2024-08-25T13:00:00+00:00,Kevin MAGNUSSEN,Haas F1 Team,DEN,71.0,77.43505714285713,74.954,2.571210530254237,1.0,21.4,21.4,2.0,"['HARD', 'MEDIUM']",20.0,,,,,,,15.0,18.0,71.0,,0.0,Haas
716,19.0,77,70.0,0.0,False,False,False,,+2 LAPS,1243,9582,Race,Zandvoort,Netherlands,2024-08-25T13:00:00+00:00,Valtteri BOTTAS,Kick Sauber,FIN,70.0,77.84575714285715,75.822,3.5308112933773455,2.0,42.2,21.1,3.0,"['SOFT', 'HARD', 'MEDIUM']",16.0,,,,,,,15.0,19.0,70.0,,0.0,Kick Sauber
717,20.0,24,70.0,0.0,False,False,False,,+2 LAPS,1243,9582,Race,Zandvoort,Netherlands,2024-08-25T13:00:00+00:00,ZHOU Guanyu,Kick Sauber,CHN,70.0,78.31422857142857,75.724,3.9958377662568196,2.0,43.2,21.6,3.0,"['MEDIUM', 'HARD', 'SOFT']",17.0,,,,,,,,,,,,
718,1.0,16,53.0,25.0,False,False,False,4480.727,0,1244,9590,Race,Monza,Italy,2024-09-01T13:00:00+00:00,Charles LECLERC,Ferrari,MON,53.0,84.54984905660378,83.226,3.0986090204143735,1.0,24.5,24.5,2.0,"['MEDIUM', 'HARD']",4.0,151.18498870559245,347.0,59.144910671503865,23.933876377575466,7157.969881579848,0.030631802313642275,16.0,1,53.0,1h 14m 40.727s ( 246.431 km/h ),25.0,Ferrari
719,2.0,81,53.0,18.0,False,False,False,4483.391,2.664,1244,9590,Race,Monza,Italy,2024-09-01T13:00:00+00:00,Oscar PIASTRI,McLaren,AUS,53.0,84.6022641509434,81.943,4.138962491471201,2.0,48.3,24.15,3.0,"['MEDIUM', 'HARD']",2.0,152.29043740160176,354.0,45.76418646040112,9.225682798275036,6848.732459442809,0.006742419056745842,16.0,2,53.0,1h 14m 43.391s ( +02.664s ),18.0,McLaren
720,3.0,4,53.0,16.0,False,False,False,4486.88,6.153,1244,9590,Race,Monza,Italy,2024-09-01T13:00:00+00:00,Lando NORRIS,McLaren,GBR,53.0,84.66673584905661,81.432,4.165130924855795,2.0,48.900000000000006,24.450000000000003,3.0,"['MEDIUM', 'HARD']",1.0,152.64384968170307,355.0,44.62434115955917,11.039496200972003,7025.10021219796,0.017968375658840442,16.0,3,53.0,1h 14m 46.880s ( +06.153s ),16.0,McLaren
721,4.0,55,53.0,12.0,False,False,False,4496.348,15.621,1244,9590,Race,Monza,Italy,2024-09-01T13:00:00+00:00,Carlos SAINZ,Ferrari,ESP,53.0,84.84635849056603,83.219,3.1102782715868664,1.0,24.3,24.3,2.0,"['MEDIUM', 'HARD']",5.0,150.4926757478267,349.0,60.155075638305156,24.425628037511125,7064.360873434184,0.013690190978164145,16.0,4,53.0,1h 14m 56.348s ( +15.621s ),12.0,Ferrari
722,5.0,44,53.0,10.0,False,False,False,4503.547,22.82,1244,9590,Race,Monza,Italy,2024-09-01T13:00:00+00:00,Lewis HAMILTON,Mercedes,GBR,53.0,84.98222641509435,81.512,4.210163799305339,2.0,48.5,24.25,3.0,"['MEDIUM', 'HARD']",6.0,152.99356561024027,346.0,54.812307481689366,18.93668286672599,7049.591210897392,0.007666506947771922,16.0,5,53.0,1h 15m 03.547s ( +22.820s ),10.0,Mercedes
723,6.0,1,53.0,8.0,False,False,False,4518.659,37.932,1244,9590,Race,Monza,Italy,2024-09-01T13:00:00+00:00,Max VERSTAPPEN,Red Bull Racing,NED,53.0,85.26477358490567,81.745,4.486727575011188,2.0,52.2,26.1,3.0,"['HARD', 'MEDIUM']",7.0,,,,,,,16.0,6,53.0,1h 15m 18.659s ( +37.932s ),8.0,Red Bull
724,7.0,63,53.0,6.0,False,False,False,4520.442,39.715,1244,9590,Race,Monza,Italy,2024-09-01T13:00:00+00:00,George RUSSELL,Mercedes,GBR,53.0,85.30075471698115,82.036,5.206157319447153,2.0,58.8,29.4,3.0,"['MEDIUM', 'HARD']",3.0,,,,,,,16.0,7,53.0,1h 15m 20.442s ( +39.715s ),6.0,Mercedes
725,8.0,11,53.0,4.0,False,False,False,4534.875,54.148,1244,9590,Race,Monza,Italy,2024-09-01T13:00:00+00:00,Sergio PEREZ,Red Bull Racing,MEX,53.0,85.57315094339623,82.971,4.145326851714734,2.0,48.7,24.35,3.0,"['HARD', 'MEDIUM']",8.0,,,,,,,16.0,8,53.0,1h 15m 34.875s ( +54.148s ),4.0,Red Bull
726,9.0,23,53.0,2.0,False,False,False,4548.183,67.456,1244,9590,Race,Monza,Italy,2024-09-01T13:00:00+00:00,Alexander ALBON,Williams,THA,53.0,85.82435849056603,83.918,3.2047895532392663,1.0,24.8,24.8,2.0,"['MEDIUM', 'HARD']",9.0,,,,,,,16.0,9,53.0,1h 15m 48.183s ( +1m 07.456s ),2.0,Williams
727,10.0,20,53.0,1.0,False,False,False,4549.029,68.302,1244,9590,Race,Monza,Italy,2024-09-01T13:00:00+00:00,Kevin MAGNUSSEN,Haas F1 Team,DEN,53.0,85.64783018867925,83.437,3.431978632799782,1.0,25.6,25.6,2.0,"['MEDIUM', 'HARD']",13.0,,,,,,,16.0,10,53.0,1h 15m 49.029s ( +1m 08.302s ),1.0,Haas
728,11.0,14,53.0,0.0,False,False,False,4549.222,68.495,1244,9590,Race,Monza,Italy,2024-09-01T13:00:00+00:00,Fernando ALONSO,Aston Martin,ESP,53.0,85.84237735849057,82.944,4.1921797993701,2.0,49.3,24.65,3.0,"['MEDIUM', 'HARD']",11.0,,,,,,,16.0,11,53.0,1h 15m 49.222s ( +1m 08.495s ),0.0,Aston Martin
729,12.0,43,53.0,0.0,False,False,False,4562.035,81.308,1244,9590,Race,Monza,Italy,2024-09-01T13:00:00+00:00,Franco COLAPINTO,Williams,ARG,53.0,86.08420754716981,83.728,3.420128581470014,1.0,25.1,25.1,2.0,"['MEDIUM', 'HARD']",18.0,,,,,,,16.0,12,53.0,1h 16m 02.035s ( +1m 21.308s ),0.0,Williams
730,13.0,3,53.0,0.0,False,False,False,4574.179,93.452,1244,9590,Race,Monza,Italy,2024-09-01T13:00:00+00:00,Daniel RICCIARDO,RB,AUS,53.0,86.0288679245283,84.219,3.981374115503999,1.0,30.3,30.3,2.0,"['MEDIUM', 'HARD']",12.0,,,,,,,16.0,13,53.0,1h 16m 14.179s ( +1m 33.452s ),0.0,RB
731,14.0,31,52.0,0.0,False,False,False,,+1 LAP,1244,9590,Race,Monza,Italy,2024-09-01T13:00:00+00:00,Esteban OCON,Alpine,FRA,52.0,86.41848076923078,84.343,3.1162158769539388,1.0,24.1,24.1,2.0,"['HARD', 'MEDIUM']",15.0,,,,,,,16.0,14,52.0,,0.0,Alpine
732,15.0,10,52.0,0.0,False,False,False,,+1 LAP,1244,9590,Race,Monza,Italy,2024-09-01T13:00:00+00:00,Pierre GASLY,Alpine,FRA,52.0,86.52659615384616,83.755,4.342399071533561,2.0,48.5,24.25,3.0,"['MEDIUM', 'HARD']",14.0,,,,,,,16.0,15,52.0,,0.0,Alpine
733,16.0,77,52.0,0.0,False,False,False,,+1 LAP,1244,9590,Race,Monza,Italy,2024-09-01T13:00:00+00:00,Valtteri BOTTAS,Kick Sauber,FIN,52.0,86.69903846153846,83.609,3.291749138474646,1.0,24.4,24.4,2.0,"['HARD', 'MEDIUM']",19.0,,,,,,,16.0,16,52.0,,0.0,Kick Sauber
734,17.0,27,52.0,0.0,False,False,False,,+1 LAP,1244,9590,Race,Monza,Italy,2024-09-01T13:00:00+00:00,Nico HULKENBERG,Haas F1 Team,GER,52.0,86.76940384615385,83.275,6.7388919850856475,2.0,75.3,37.65,3.0,"['MEDIUM', 'HARD']",10.0,,,,,,,16.0,17,52.0,,0.0,Haas
735,18.0,24,52.0,0.0,False,False,False,,+1 LAP,1244,9590,Race,Monza,Italy,2024-09-01T13:00:00+00:00,ZHOU Guanyu,Kick Sauber,CHN,52.0,86.94605769230769,85.092,3.6662992797057687,1.0,27.1,27.1,2.0,"['MEDIUM', 'HARD']",20.0,,,,,,,,,,,,
736,19.0,18,52.0,0.0,False,False,False,,+1 LAP,1244,9590,Race,Monza,Italy,2024-09-01T13:00:00+00:00,Lance STROLL,Aston Martin,CAN,52.0,87.0125576923077,82.232,5.470542914640198,3.0,74.3,24.766666666666666,4.0,"['HARD', 'MEDIUM', 'SOFT']",17.0,,,,,,,16.0,19,52.0,,0.0,Aston Martin
737,,22,7.0,0.0,True,False,False,,,1244,9590,Race,Monza,Italy,2024-09-01T13:00:00+00:00,Yuki TSUNODA,RB,JPN,8.0,91.00728571428571,86.198,5.3216971201013745,,,,1.0,['HARD'],16.0,,,,,,,16.0,ab,7.0,Collision damage,0.0,RB
738,1.0,81,51.0,25.0,False,False,False,5578.007,0,1245,9598,Race,Baku,Azerbaijan,2024-09-15T11:00:00+00:00,Oscar PIASTRI,McLaren,AUS,51.0,109.38215686274509,107.06,6.7319059838133475,1.0,20.1,20.1,2.0,"['MEDIUM', 'HARD']",2.0,134.87962435116566,342.0,42.22031864142338,15.611149449428426,7150.853760988928,0.008581115545020853,17.0,1,51.0,1h 32m 58.007s ( 197.522 km/h ),25.0,McLaren
739,2.0,16,51.0,18.0,False,False,False,5588.917,10.91,1245,9598,Race,Baku,Azerbaijan,2024-09-15T11:00:00+00:00,Charles LECLERC,Ferrari,MON,51.0,109.59588235294119,107.067,7.074423712634298,1.0,20.6,20.6,2.0,"['MEDIUM', 'HARD']",1.0,134.7677998139758,349.0,47.062048066248614,21.033814395871463,7206.740556272315,0.04752617840319241,17.0,2,51.0,1h 33m 08.917s ( +10.910s ),18.0,Ferrari
740,3.0,63,51.0,15.0,False,False,False,5609.335,31.328,1245,9598,Race,Baku,Azerbaijan,2024-09-15T11:00:00+00:00,George RUSSELL,Mercedes,GBR,51.0,109.99474509803922,106.628,7.051221281006968,1.0,19.9,19.9,2.0,"['MEDIUM', 'HARD']",5.0,134.157040415254,358.0,42.06258813645774,15.753007891025833,7151.631522097873,0.01536199705961775,17.0,3,51.0,1h 33m 29.335s ( +31.328s ),15.0,Mercedes
741,4.0,4,51.0,13.0,False,False,False,5614.15,36.143,1245,9598,Race,Baku,Azerbaijan,2024-09-15T11:00:00+00:00,Lando NORRIS,McLaren,GBR,51.0,110.0887843137255,105.255,7.196367317789512,1.0,19.7,19.7,2.0,"['HARD', 'MEDIUM']",15.0,134.37600888115455,346.0,41.48216268114855,17.222238891055838,7241.304719613549,0.016652164781421584,17.0,4,51.0,1h 33m 34.150s ( +36.143s ),13.0,McLaren
742,5.0,1,51.0,10.0,False,False,False,5655.105,77.098,1245,9598,Race,Baku,Azerbaijan,2024-09-15T11:00:00+00:00,Max VERSTAPPEN,Red Bull Racing,NED,51.0,110.89309803921569,106.798,9.589929209863651,2.0,41.8,20.9,3.0,"['MEDIUM', 'HARD', 'SOFT']",6.0,134.1282966785682,352.0,41.865282486723274,17.981337573884606,7099.067148729335,0.027813615770050107,17.0,5,51.0,1h 34m 15.105s ( +1m 17.098s ),10.0,Red Bull
743,6.0,14,51.0,8.0,False,False,False,5663.475,85.468,1245,9598,Race,Baku,Azerbaijan,2024-09-15T11:00:00+00:00,Fernando ALONSO,Aston Martin,ESP,51.0,111.05733333333333,107.057,8.579662911016182,1.0,20.0,20.0,2.0,"['MEDIUM', 'HARD']",7.0,,,,,,,17.0,6,51.0,1h 34m 23.475s ( +1m 25.468s ),8.0,Aston Martin
744,7.0,23,51.0,6.0,False,False,False,5665.403,87.396,1245,9598,Race,Baku,Azerbaijan,2024-09-15T11:00:00+00:00,Alexander ALBON,Williams,THA,51.0,111.09305882352942,106.947,8.649883220973026,1.0,20.2,20.2,2.0,"['HARD', 'MEDIUM']",9.0,,,,,,,17.0,7,51.0,1h 34m 25.403s ( +1m 27.396s ),6.0,Williams
745,8.0,43,51.0,4.0,False,False,False,5667.548,89.541,1245,9598,Race,Baku,Azerbaijan,2024-09-15T11:00:00+00:00,Franco COLAPINTO,Williams,ARG,51.0,111.13825490196079,107.274,7.939945135435478,1.0,20.5,20.5,2.0,"['MEDIUM', 'HARD']",8.0,,,,,,,17.0,8,51.0,1h 34m 27.548s ( +1m 29.541s ),4.0,Williams
746,9.0,44,51.0,2.0,False,False,False,5670.408,92.401,1245,9598,Race,Baku,Azerbaijan,2024-09-15T11:00:00+00:00,Lewis HAMILTON,Mercedes,GBR,51.0,110.89407999999999,107.236,8.214175452278594,1.0,21.2,21.2,2.0,"['MEDIUM', 'HARD']",19.0,,,,,,,17.0,9,51.0,1h 34m 30.408s ( +1m 32.401s ),2.0,Mercedes
747,10.0,50,51.0,1.0,False,False,False,5671.134,93.127,1245,9598,Race,Baku,Azerbaijan,2024-09-15T11:00:00+00:00,Oliver BEARMAN,Haas F1 Team,GBR,51.0,111.20464705882353,107.048,8.171012066625595,1.0,21.2,21.2,2.0,"['MEDIUM', 'HARD']",10.0,,,,,,,,,,,,
748,11.0,27,51.0,0.0,False,False,False,5671.472,93.465,1245,9598,Race,Baku,Azerbaijan,2024-09-15T11:00:00+00:00,Nico HULKENBERG,Haas F1 Team,GER,51.0,111.21443137254902,107.691,8.385106246804272,1.0,21.6,21.6,2.0,"['MEDIUM', 'HARD']",12.0,,,,,,,17.0,11,51.0,1h 34m 31.472s ( +1m 33.465s ),0.0,Haas
749,12.0,10,51.0,0.0,False,False,False,5695.196,117.189,1245,9598,Race,Baku,Azerbaijan,2024-09-15T11:00:00+00:00,Pierre GASLY,Alpine,FRA,51.0,111.67788235294118,108.018,9.375248490887179,1.0,20.2,20.2,2.0,"['HARD', 'SOFT']",18.0,,,,,,,17.0,12,51.0,1h 34m 55.196s ( +1m 57.189s ),0.0,Alpine
750,13.0,3,51.0,0.0,False,False,False,5724.914,146.907,1245,9598,Race,Baku,Azerbaijan,2024-09-15T11:00:00+00:00,Daniel RICCIARDO,RB,AUS,51.0,112.26101960784314,108.38,10.293176645701164,1.0,21.9,21.9,2.0,"['HARD', 'SOFT']",14.0,,,,,,,17.0,13,51.0,1h 35m 24.914s ( +2m 26.907s ),0.0,RB
751,14.0,24,51.0,0.0,False,False,False,5726.848,148.841,1245,9598,Race,Baku,Azerbaijan,2024-09-15T11:00:00+00:00,ZHOU Guanyu,Kick Sauber,CHN,51.0,112.29813725490196,107.644,8.828984419557234,1.0,20.5,20.5,2.0,"['HARD', 'MEDIUM']",17.0,,,,,,,,,,,,
752,15.0,31,50.0,0.0,False,False,False,,+1 LAP,1245,9598,Race,Baku,Azerbaijan,2024-09-15T11:00:00+00:00,Esteban OCON,Alpine,FRA,50.0,111.68126530612244,108.831,8.081188402125408,1.0,20.6,20.6,2.0,"['HARD', 'SOFT']",20.0,,,,,,,17.0,15,50.0,,0.0,Alpine
753,16.0,77,50.0,0.0,False,False,False,,+1 LAP,1245,9598,Race,Baku,Azerbaijan,2024-09-15T11:00:00+00:00,Valtteri BOTTAS,Kick Sauber,FIN,50.0,112.07668,108.418,7.225960848304156,1.0,20.0,20.0,2.0,"['MEDIUM', 'HARD']",16.0,,,,,,,17.0,16,50.0,,0.0,Kick Sauber
754,17.0,11,49.0,0.0,True,False,False,,,1245,9598,Race,Baku,Azerbaijan,2024-09-15T11:00:00+00:00,Sergio PEREZ,Red Bull Racing,MEX,50.0,108.60353061224491,107.013,2.7106923861967473,1.0,20.6,20.6,2.0,"['MEDIUM', 'HARD']",4.0,,,,,,,17.0,17,49.0,Collision,0.0,Red Bull
755,18.0,55,49.0,0.0,True,False,False,,,1245,9598,Race,Baku,Azerbaijan,2024-09-15T11:00:00+00:00,Carlos SAINZ,Ferrari,ESP,50.0,108.61579591836734,106.866,2.8781062710544605,1.0,21.4,21.4,2.0,"['MEDIUM', 'HARD']",3.0,,,,,,,17.0,18,49.0,Collision,0.0,Ferrari
756,19.0,18,45.0,0.0,True,False,False,,,1245,9598,Race,Baku,Azerbaijan,2024-09-15T11:00:00+00:00,Lance STROLL,Aston Martin,CAN,46.0,111.14484444444444,108.148,5.212808891896411,2.0,41.3,20.65,3.0,"['MEDIUM', 'HARD']",13.0,,,,,,,17.0,19,45.0,Brakes,0.0,Aston Martin
757,,22,14.0,0.0,True,False,False,,,1245,9598,Race,Baku,Azerbaijan,2024-09-15T11:00:00+00:00,Yuki TSUNODA,RB,JPN,15.0,115.93864285714287,110.887,6.902874959666527,1.0,20.9,20.9,2.0,"['MEDIUM', 'HARD']",11.0,,,,,,,17.0,ab,14.0,Collision damage,0.0,RB
758,1.0,4,62.0,25.0,False,False,False,6052.571,0,1246,9606,Race,Singapore,Singapore,2024-09-22T12:00:00+00:00,Lando NORRIS,McLaren,GBR,62.0,97.62906451612902,94.925,3.137025712938651,1.0,29.0,29.0,2.0,"['MEDIUM', 'HARD']",1.0,121.9903409559977,310.0,44.51682765073337,25.88161479402295,7166.979636203528,0.0024491593054294285,18.0,1,62.0,1h 40m 52.571s ( 182.090 km/h ),25.0,McLaren
759,2.0,1,62.0,18.0,False,False,False,6073.516,20.945,1246,9606,Race,Singapore,Singapore,2024-09-22T12:00:00+00:00,Max VERSTAPPEN,Red Bull Racing,NED,62.0,97.96451612903226,95.967,3.1710197498334765,1.0,29.6,29.6,2.0,"['MEDIUM', 'HARD']",2.0,121.93502848179642,309.0,39.27570929304604,18.402377610831337,6781.99127658989,0.005063430474146234,18.0,2,62.0,1h 41m 13.516s ( +20.945s ),18.0,Red Bull
760,3.0,81,62.0,15.0,False,False,False,6094.394,41.823,1246,9606,Race,Singapore,Singapore,2024-09-22T12:00:00+00:00,Oscar PIASTRI,McLaren,AUS,62.0,98.30366129032258,95.745,3.047278419941461,1.0,29.1,29.1,2.0,"['MEDIUM', 'HARD']",5.0,121.35675169927626,319.0,37.17177137510664,17.199152425768457,6935.1378684058445,0.016235999889925426,18.0,3,62.0,1h 41m 34.394s ( +41.823s ),15.0,McLaren
761,4.0,63,62.0,12.0,False,False,False,6113.611,61.04,1246,9606,Race,Singapore,Singapore,2024-09-22T12:00:00+00:00,George RUSSELL,Mercedes,GBR,62.0,98.61216129032258,97.047,2.805398175728118,1.0,28.7,28.7,2.0,"['MEDIUM', 'HARD']",4.0,122.89820853628333,311.0,39.3902694075236,17.55414293183632,7048.565535650403,0.010732271113679517,18.0,4,62.0,1h 41m 53.611s ( +1m 01.040s ),12.0,Mercedes
762,5.0,16,62.0,10.0,False,False,False,6115.001,62.43,1246,9606,Race,Singapore,Singapore,2024-09-22T12:00:00+00:00,Charles LECLERC,Ferrari,MON,62.0,98.63596774193549,95.371,3.188724047032398,1.0,29.0,29.0,2.0,"['MEDIUM', 'HARD']",9.0,121.10091086711247,319.0,47.727235201849254,26.839924048542887,7122.791161011585,0.06571452158837612,18.0,5,62.0,1h 41m 55.001s ( +1m 02.430s ),10.0,Ferrari
763,6.0,44,62.0,8.0,False,False,False,6137.819,85.248,1246,9606,Race,Singapore,Singapore,2024-09-22T12:00:00+00:00,Lewis HAMILTON,Mercedes,GBR,62.0,99.00285483870967,97.393,2.894220424195208,1.0,29.2,29.2,2.0,"['SOFT', 'HARD']",3.0,,,,,,,18.0,6,62.0,1h 42m 17.819s ( +1m 25.248s ),8.0,Mercedes
764,7.0,55,62.0,6.0,False,False,False,6148.61,96.039,1246,9606,Race,Singapore,Singapore,2024-09-22T12:00:00+00:00,Carlos SAINZ,Ferrari,ESP,62.0,99.1774193548387,96.561,2.9831747614452917,1.0,29.3,29.3,2.0,"['MEDIUM', 'HARD']",10.0,,,,,,,18.0,7,62.0,1h 42m 28.610s ( +1m 36.039s ),6.0,Ferrari
765,8.0,14,61.0,4.0,False,False,False,,+1 LAP,1246,9606,Race,Singapore,Singapore,2024-09-22T12:00:00+00:00,Fernando ALONSO,Aston Martin,ESP,61.0,99.24326229508196,97.741,3.077523397699519,1.0,29.2,29.2,2.0,"['MEDIUM', 'HARD']",7.0,,,,,,,18.0,8,61.0,,4.0,Aston Martin
766,9.0,27,61.0,2.0,False,False,False,,+1 LAP,1246,9606,Race,Singapore,Singapore,2024-09-22T12:00:00+00:00,Nico HULKENBERG,Haas F1 Team,GER,61.0,99.2793606557377,97.47,3.3856322749366794,1.0,29.8,29.8,2.0,"['MEDIUM', 'HARD']",6.0,,,,,,,18.0,9,61.0,,2.0,Haas
767,10.0,11,61.0,1.0,False,False,False,,+1 LAP,1246,9606,Race,Singapore,Singapore,2024-09-22T12:00:00+00:00,Sergio PEREZ,Red Bull Racing,MEX,61.0,99.30270491803279,97.477,2.957713815005671,1.0,28.9,28.9,2.0,"['MEDIUM', 'HARD']",13.0,,,,,,,18.0,10,61.0,,1.0,Red Bull
768,11.0,43,61.0,0.0,False,False,False,,+1 LAP,1246,9606,Race,Singapore,Singapore,2024-09-22T12:00:00+00:00,Franco COLAPINTO,Williams,ARG,61.0,99.33219672131148,97.262,3.463477904359872,1.0,29.7,29.7,2.0,"['MEDIUM', 'HARD']",12.0,,,,,,,18.0,11,61.0,,0.0,Williams
769,12.0,22,61.0,0.0,False,False,False,,+1 LAP,1246,9606,Race,Singapore,Singapore,2024-09-22T12:00:00+00:00,Yuki TSUNODA,RB,JPN,61.0,99.37370491803279,96.393,3.5585192067500118,1.0,29.6,29.6,2.0,"['MEDIUM', 'SOFT']",8.0,,,,,,,18.0,12,61.0,,0.0,RB
770,13.0,31,61.0,0.0,False,False,False,,+1 LAP,1246,9606,Race,Singapore,Singapore,2024-09-22T12:00:00+00:00,Esteban OCON,Alpine,FRA,61.0,99.95101639344261,97.964,3.436442707664442,1.0,29.6,29.6,2.0,"['MEDIUM', 'HARD']",15.0,,,,,,,18.0,13,61.0,,0.0,Alpine
771,14.0,18,61.0,0.0,False,False,False,,+1 LAP,1246,9606,Race,Singapore,Singapore,2024-09-22T12:00:00+00:00,Lance STROLL,Aston Martin,CAN,61.0,100.00881967213115,97.851,3.5252889598263084,1.0,29.8,29.8,2.0,"['HARD', 'MEDIUM']",17.0,,,,,,,18.0,14,61.0,,0.0,Aston Martin
772,15.0,24,61.0,0.0,False,False,False,,+1 LAP,1246,9606,Race,Singapore,Singapore,2024-09-22T12:00:00+00:00,ZHOU Guanyu,Kick Sauber,CHN,61.0,100.16759016393442,97.461,3.5559072699619563,1.0,29.3,29.3,2.0,"['HARD', 'MEDIUM']",20.0,,,,,,,,,,,,
773,16.0,77,61.0,0.0,False,False,False,,+1 LAP,1246,9606,Race,Singapore,Singapore,2024-09-22T12:00:00+00:00,Valtteri BOTTAS,Kick Sauber,FIN,61.0,100.17998360655739,97.524,3.5209284310240476,1.0,30.4,30.4,2.0,"['HARD', 'MEDIUM']",19.0,,,,,,,18.0,16,61.0,,0.0,Kick Sauber
774,17.0,10,61.0,0.0,False,False,False,,+1 LAP,1246,9606,Race,Singapore,Singapore,2024-09-22T12:00:00+00:00,Pierre GASLY,Alpine,FRA,61.0,100.19932786885245,96.927,3.9187943244545336,1.0,31.5,31.5,2.0,"['MEDIUM', 'SOFT']",18.0,,,,,,,18.0,17,61.0,,0.0,Alpine
775,18.0,3,61.0,0.0,False,False,False,,+1 LAP,1246,9606,Race,Singapore,Singapore,2024-09-22T12:00:00+00:00,Daniel RICCIARDO,RB,AUS,61.0,100.70160655737705,94.486,5.193866579208879,3.0,88.9,29.633333333333336,4.0,"['SOFT', 'MEDIUM']",16.0,,,,,,,18.0,18,61.0,,0.0,RB
776,19.0,20,57.0,0.0,True,False,False,,,1246,9606,Race,Singapore,Singapore,2024-09-22T12:00:00+00:00,Kevin MAGNUSSEN,Haas F1 Team,DEN,58.0,101.96996491228072,94.754,10.98784311826502,2.0,60.9,30.45,3.0,"['HARD', 'MEDIUM', 'SOFT']",14.0,,,,,,,18.0,19,57.0,Puncture,0.0,Haas
777,,23,15.0,0.0,True,False,False,,,1246,9606,Race,Singapore,Singapore,2024-09-22T12:00:00+00:00,Alexander ALBON,Williams,THA,16.0,104.0706,96.888,9.881500275044992,1.0,29.1,29.1,2.0,"['MEDIUM', 'HARD']",11.0,,,,,,,18.0,ab,15.0,Overheating,0.0,Williams
778,1.0,16,56.0,25.0,False,False,False,5709.639,0,1247,9617,Race,Austin,United States,2024-10-20T19:00:00+00:00,Charles LECLERC,Ferrari,MON,56.0,101.96558928571429,97.834,12.148304728385,1.0,23.817,23.817,2.0,"['MEDIUM', 'HARD']",4.0,127.69790024769196,333.0,51.89295766719207,25.865007881107857,7095.358055618104,0.003152443143436163,19.0,1,56.0,1h 35m 09.639s ( 194.453 km/h ),25.0,Ferrari
779,2.0,55,56.0,18.0,False,False,False,5718.201,8.562,1247,9617,Race,Austin,United States,2024-10-20T19:00:00+00:00,Carlos SAINZ,Ferrari,ESP,56.0,102.11860714285714,97.763,11.925324658326637,1.0,23.963,23.963,2.0,"['MEDIUM', 'HARD']",3.0,127.7511821661788,331.0,51.50191398333708,25.571267732492682,7059.37522517451,0.004250168880882684,19.0,2,56.0,1h 35m 18.201s ( +08.562s ),18.0,Ferrari
780,3.0,1,56.0,15.0,False,False,False,5729.051,19.412,1247,9617,Race,Austin,United States,2024-10-20T19:00:00+00:00,Max VERSTAPPEN,Red Bull Racing,NED,56.0,102.31248214285714,98.117,11.975191888371215,1.0,24.228,24.228,2.0,"['MEDIUM', 'HARD']",2.0,127.50768408016212,313.0,39.94528259401036,14.914996622382347,6803.946718081514,0.0007036703445170006,19.0,3,56.0,1h 35m 29.051s ( +19.412s ),15.0,Red Bull
781,4.0,4,56.0,12.0,False,False,False,5729.993,20.354,1247,9617,Race,Austin,United States,2024-10-20T19:00:00+00:00,Lando NORRIS,McLaren,GBR,56.0,102.23908928571429,97.679,11.820126054206767,1.0,23.731,23.731,2.0,"['MEDIUM', 'HARD']",1.0,127.62925016888089,336.0,40.13769421301509,14.97680702544472,6864.30263454177,0.013257149290700293,19.0,4,56.0,1h 35m 29.993s ( +20.354s ),12.0,McLaren
782,5.0,81,56.0,10.0,False,False,False,5731.56,21.921,1247,9617,Race,Austin,United States,2024-10-20T19:00:00+00:00,Oscar PIASTRI,McLaren,AUS,56.0,102.36296428571428,97.883,11.588202372106,1.0,24.107,24.107,2.0,"['MEDIUM', 'HARD']",5.0,128.04475343391127,326.0,39.374127448772796,12.970051790137356,6820.227764017113,0.0007318171582976807,19.0,5,56.0,1h 35m 31.560s ( +21.921s ),10.0,McLaren
783,6.0,63,56.0,8.0,False,False,False,5765.934,56.295,1247,9617,Race,Austin,United States,2024-10-20T19:00:00+00:00,George RUSSELL,Mercedes,GBR,56.0,102.80521818181819,97.656,10.849808797924277,1.0,29.327,29.327,2.0,"['HARD', 'MEDIUM']",20.0,,,,,,,19.0,6,56.0,1h 36m 05.934s ( +56.295s ),8.0,Mercedes
784,7.0,11,56.0,6.0,False,False,False,5768.711,59.072,1247,9617,Race,Austin,United States,2024-10-20T19:00:00+00:00,Sergio PEREZ,Red Bull Racing,MEX,56.0,103.01964285714287,98.514,11.004524481781571,1.0,23.58,23.58,2.0,"['MEDIUM', 'HARD']",9.0,,,,,,,19.0,7,56.0,1h 36m 08.711s ( +59.072s ),6.0,Red Bull
785,8.0,27,56.0,4.0,False,False,False,5772.596,62.957,1247,9617,Race,Austin,United States,2024-10-20T19:00:00+00:00,Nico HULKENBERG,Haas F1 Team,GER,56.0,103.08935714285714,98.404,10.950309658433609,1.0,24.5,24.5,2.0,"['MEDIUM', 'HARD']",11.0,,,,,,,19.0,8,56.0,1h 36m 12.596s ( +1m 02.957s ),4.0,Haas
786,9.0,30,56.0,2.0,False,False,False,5780.202,70.563,1247,9617,Race,Austin,United States,2024-10-20T19:00:00+00:00,Liam LAWSON,RB,NZL,56.0,103.22394642857144,98.091,10.740214163125675,1.0,23.839,23.839,2.0,"['HARD', 'MEDIUM']",19.0,,,,,,,,,,,,
787,10.0,43,56.0,1.0,False,False,False,5781.618,71.979,1247,9617,Race,Austin,United States,2024-10-20T19:00:00+00:00,Franco COLAPINTO,Williams,ARG,56.0,103.25051785714287,97.611,10.685002910606782,1.0,23.971,23.971,2.0,"['HARD', 'MEDIUM']",15.0,,,,,,,19.0,10,56.0,1h 36m 21.618s ( +1m 11.979s ),1.0,Williams
788,11.0,20,56.0,0.0,False,False,False,5789.421,79.782,1247,9617,Race,Austin,United States,2024-10-20T19:00:00+00:00,Kevin MAGNUSSEN,Haas F1 Team,DEN,56.0,103.39144642857143,98.21,11.371647095729148,2.0,48.053,24.0265,3.0,"['MEDIUM', 'HARD']",8.0,,,,,,,19.0,11,56.0,1h 36m 29.421s ( +1m 19.782s ),0.0,Haas
789,12.0,10,56.0,0.0,False,False,False,5800.197,90.558,1247,9617,Race,Austin,United States,2024-10-20T19:00:00+00:00,Pierre GASLY,Alpine,FRA,56.0,103.49753571428572,98.311,11.292344727878554,1.0,28.228,28.228,2.0,"['MEDIUM', 'HARD']",6.0,,,,,,,19.0,12,56.0,1h 36m 40.197s ( +1m 30.558s ),0.0,Alpine
790,13.0,14,55.0,0.0,False,False,False,,+1 LAP,1247,9617,Race,Austin,United States,2024-10-20T19:00:00+00:00,Fernando ALONSO,Aston Martin,ESP,55.0,103.85154545454546,99.261,10.83207562924625,1.0,24.247,24.247,2.0,"['MEDIUM', 'HARD']",7.0,,,,,,,19.0,13,55.0,,0.0,Aston Martin
791,14.0,22,55.0,0.0,False,False,False,,+1 LAP,1247,9617,Race,Austin,United States,2024-10-20T19:00:00+00:00,Yuki TSUNODA,RB,JPN,55.0,103.87661818181819,99.193,11.122726694893341,1.0,24.193,24.193,2.0,"['MEDIUM', 'HARD']",10.0,,,,,,,19.0,14,55.0,,0.0,RB
792,15.0,18,55.0,0.0,False,False,False,,+1 LAP,1247,9617,Race,Austin,United States,2024-10-20T19:00:00+00:00,Lance STROLL,Aston Martin,CAN,55.0,104.12838181818181,99.214,10.764848335431788,1.0,26.399,26.399,2.0,"['HARD', 'MEDIUM']",13.0,,,,,,,19.0,15,55.0,,0.0,Aston Martin
793,16.0,23,55.0,0.0,False,False,False,,+1 LAP,1247,9617,Race,Austin,United States,2024-10-20T19:00:00+00:00,Alexander ALBON,Williams,THA,55.0,104.1494909090909,99.084,10.616678712487017,2.0,59.373999999999995,29.686999999999998,3.0,"['MEDIUM', 'HARD']",14.0,,,,,,,19.0,16,55.0,,0.0,Williams
794,17.0,77,55.0,0.0,False,False,False,,+1 LAP,1247,9617,Race,Austin,United States,2024-10-20T19:00:00+00:00,Valtteri BOTTAS,Kick Sauber,FIN,55.0,104.44250909090908,100.575,10.423022929807184,1.0,24.439,24.439,2.0,"['MEDIUM', 'HARD']",16.0,,,,,,,19.0,17,55.0,,0.0,Kick Sauber
795,18.0,31,55.0,0.0,False,False,False,,+1 LAP,1247,9617,Race,Austin,United States,2024-10-20T19:00:00+00:00,Esteban OCON,Alpine,FRA,55.0,104.5858,97.33,10.926497243619059,2.0,50.331,25.1655,3.0,"['MEDIUM', 'HARD', 'SOFT']",12.0,,,,,,,19.0,18,55.0,,0.0,Alpine
796,19.0,24,55.0,0.0,False,False,False,,+1 LAP,1247,9617,Race,Austin,United States,2024-10-20T19:00:00+00:00,ZHOU Guanyu,Kick Sauber,CHN,55.0,104.71196363636365,99.272,11.043771368318444,2.0,49.323,24.6615,3.0,"['MEDIUM', 'HARD']",18.0,,,,,,,,,,,,
797,,44,1.0,0.0,True,False,False,,,1247,9617,Race,Austin,United States,2024-10-20T19:00:00+00:00,Lewis HAMILTON,Mercedes,GBR,2.0,108.546,108.546,,,,,1.0,['HARD'],17.0,,,,,,,19.0,ab,1.0,Runway exit,0.0,Mercedes
798,1.0,55,71.0,25.0,False,False,False,6055.8,0,1248,9625,Race,Mexico City,Mexico,2024-10-27T20:00:00+00:00,Carlos SAINZ,Ferrari,ESP,71.0,85.29808450704225,80.137,13.336575676094117,1.0,22.249,22.249,2.0,"['MEDIUM', 'HARD']",1.0,121.07086767654266,351.0,47.35205502339051,28.242036088215638,6935.257156382268,0.0029795054577856986,20.0,1,71.0,1h 40m 55.800s ( 181.524 km/h ),25.0,Ferrari
799,2.0,4,71.0,18.0,False,False,False,6060.505,4.705,1248,9625,Race,Mexico City,Mexico,2024-10-27T20:00:00+00:00,Lando NORRIS,McLaren,GBR,71.0,85.36471830985916,79.691,13.360925224787936,1.0,22.111,22.111,2.0,"['MEDIUM', 'HARD']",3.0,120.99571173980841,354.0,42.344982178658945,23.52717754511027,6773.08565382045,0.020940075740699487,20.0,2,71.0,1h 41m 00.505s ( +04.705s ),18.0,McLaren
800,3.0,16,71.0,16.0,False,False,False,6090.187,34.387,1248,9625,Race,Mexico City,Mexico,2024-10-27T20:00:00+00:00,Charles LECLERC,Ferrari,MON,71.0,85.78190140845071,78.336,13.423262407536,2.0,45.55,22.775,3.0,"['MEDIUM', 'HARD', 'SOFT']",4.0,121.00751837825797,351.0,47.950796391178436,28.62675428826019,6950.226553798173,0.006488081978168857,20.0,3,71.0,1h 41m 30.187s ( +34.387s ),16.0,Ferrari
801,4.0,44,71.0,12.0,False,False,False,6100.58,44.78,1248,9625,Race,Mexico City,Mexico,2024-10-27T20:00:00+00:00,Lewis HAMILTON,Mercedes,GBR,71.0,85.92950704225352,80.371,13.247073637894767,1.0,22.538,22.538,2.0,"['MEDIUM', 'HARD']",6.0,122.26286478057474,359.0,43.11046446870127,24.255402094007575,6810.084205836489,0.04316106036979283,20.0,4,71.0,1h 41m 40.580s ( +44.780s ),12.0,Mercedes
802,5.0,63,71.0,10.0,False,False,False,6104.336,48.536,1248,9625,Race,Mexico City,Mexico,2024-10-27T20:00:00+00:00,George RUSSELL,Mercedes,GBR,71.0,85.98264788732395,80.731,13.231202419279949,1.0,22.462,22.462,2.0,"['MEDIUM', 'HARD']",5.0,122.3949933169971,359.0,43.47630318556472,22.617620850969036,6899.559144575629,0.015398752506126085,20.0,5,71.0,1h 41m 44.336s ( +48.536s ),10.0,Mercedes
803,6.0,1,71.0,8.0,False,False,False,6115.358,59.558,1248,9625,Race,Mexico City,Mexico,2024-10-27T20:00:00+00:00,Max VERSTAPPEN,Red Bull Racing,NED,71.0,86.1375352112676,80.872,13.777867435887362,1.0,43.73,43.73,2.0,"['MEDIUM', 'HARD']",2.0,,,,,,,20.0,6,71.0,1h 41m 55.358s ( +59.558s ),8.0,Red Bull
804,7.0,20,71.0,6.0,False,False,False,6119.442,63.642,1248,9625,Race,Mexico City,Mexico,2024-10-27T20:00:00+00:00,Kevin MAGNUSSEN,Haas F1 Team,DEN,71.0,86.19511267605634,80.637,13.191455162392383,1.0,23.332,23.332,2.0,"['MEDIUM', 'HARD']",7.0,,,,,,,20.0,7,71.0,1h 41m 59.442s ( +1m 03.642s ),6.0,Haas
805,8.0,81,71.0,4.0,False,False,False,6120.728,64.928,1248,9625,Race,Mexico City,Mexico,2024-10-27T20:00:00+00:00,Oscar PIASTRI,McLaren,AUS,71.0,86.2142676056338,80.064,13.682309776765194,1.0,21.825,21.825,2.0,"['MEDIUM', 'HARD']",17.0,,,,,,,20.0,8,71.0,1h 42m 00.728s ( +1m 04.928s ),4.0,McLaren
806,9.0,27,70.0,2.0,False,False,False,,+1 LAP,1248,9625,Race,Mexico City,Mexico,2024-10-27T20:00:00+00:00,Nico HULKENBERG,Haas F1 Team,GER,70.0,86.5569857142857,80.748,13.16541963585661,1.0,23.077,23.077,2.0,"['MEDIUM', 'HARD']",10.0,,,,,,,20.0,9,70.0,,2.0,Haas
807,10.0,10,70.0,1.0,False,False,False,,+1 LAP,1248,9625,Race,Mexico City,Mexico,2024-10-27T20:00:00+00:00,Pierre GASLY,Alpine,FRA,70.0,86.78158571428571,81.274,13.121400533339209,1.0,23.204,23.204,2.0,"['MEDIUM', 'HARD']",8.0,,,,,,,20.0,10,70.0,,1.0,Alpine
808,11.0,18,70.0,0.0,False,False,False,,+1 LAP,1248,9625,Race,Mexico City,Mexico,2024-10-27T20:00:00+00:00,Lance STROLL,Aston Martin,CAN,70.0,86.87558571428572,81.311,13.195042243637843,1.0,22.592,22.592,2.0,"['MEDIUM', 'HARD']",14.0,,,,,,,20.0,11,70.0,,0.0,Aston Martin
809,12.0,43,70.0,0.0,False,False,False,,+1 LAP,1248,9625,Race,Mexico City,Mexico,2024-10-27T20:00:00+00:00,Franco COLAPINTO,Williams,ARG,70.0,86.90975714285715,80.09,13.347004677743321,1.0,23.895,23.895,2.0,"['HARD', 'MEDIUM']",16.0,,,,,,,20.0,12,70.0,,0.0,Williams
810,13.0,31,70.0,0.0,False,False,False,,+1 LAP,1248,9625,Race,Mexico City,Mexico,2024-10-27T20:00:00+00:00,Esteban OCON,Alpine,FRA,70.0,86.3871884057971,80.659,12.445433682178802,1.0,23.245,23.245,2.0,"['HARD', 'MEDIUM']",20.0,,,,,,,20.0,13,70.0,,0.0,Alpine
811,14.0,77,70.0,0.0,False,False,False,,+1 LAP,1248,9625,Race,Mexico City,Mexico,2024-10-27T20:00:00+00:00,Valtteri BOTTAS,Kick Sauber,FIN,70.0,87.12025714285714,81.085,13.38567201940867,1.0,22.505,22.505,2.0,"['HARD', 'MEDIUM']",15.0,,,,,,,20.0,14,70.0,,0.0,Kick Sauber
812,15.0,24,70.0,0.0,False,False,False,,+1 LAP,1248,9625,Race,Mexico City,Mexico,2024-10-27T20:00:00+00:00,ZHOU Guanyu,Kick Sauber,CHN,70.0,87.40008571428572,81.553,13.400922895693222,1.0,22.935,22.935,2.0,"['HARD', 'MEDIUM']",19.0,,,,,,,,,,,,
813,16.0,30,70.0,0.0,False,False,False,,+1 LAP,1248,9625,Race,Mexico City,Mexico,2024-10-27T20:00:00+00:00,Liam LAWSON,RB,NZL,70.0,87.43752857142857,79.502,13.423056405576487,2.0,52.885,26.4425,3.0,"['HARD', 'MEDIUM', 'SOFT']",12.0,,,,,,,,,,,,
814,17.0,11,70.0,0.0,False,False,False,,+1 LAP,1248,9625,Race,Mexico City,Mexico,2024-10-27T20:00:00+00:00,Sergio PEREZ,Red Bull Racing,MEX,70.0,87.56354285714286,79.209,13.527577313100247,3.0,71.824,23.941333333333333,4.0,"['HARD', 'MEDIUM', 'SOFT']",18.0,,,,,,,20.0,17,70.0,,0.0,Red Bull
815,,14,15.0,0.0,True,False,False,,,1248,9625,Race,Mexico City,Mexico,2024-10-27T20:00:00+00:00,Fernando ALONSO,Aston Martin,ESP,16.0,101.78013333333334,82.722,23.13738480056734,,,,1.0,['MEDIUM'],13.0,,,,,,,20.0,ab,15.0,Brakes,0.0,Aston Martin
816,,23,0.0,0.0,True,False,False,,,1248,9625,Race,Mexico City,Mexico,2024-10-27T20:00:00+00:00,Alexander ALBON,Williams,THA,1.0,,,,,,,1.0,['MEDIUM'],9.0,,,,,,,20.0,ab,0.0,Collision,0.0,Williams
817,,22,0.0,0.0,True,False,False,,,1248,9625,Race,Mexico City,Mexico,2024-10-27T20:00:00+00:00,Yuki TSUNODA,RB,JPN,1.0,,,,,,,1.0,['MEDIUM'],11.0,,,,,,,20.0,ab,0.0,Collision,0.0,RB
818,1.0,1,69.0,26.0,False,False,False,7614.43,0,1249,9636,Race,Interlagos,Brazil,2024-11-03T15:30:00+00:00,Max VERSTAPPEN,Red Bull Racing,NED,69.0,110.36120289855072,80.472,177.29479991010484,1.0,1409.3,1409.3,2.0,['INTERMEDIATE'],,93.60719041278296,319.0,25.551531291611184,15.461606746560141,5474.599511762095,0.0,21.0,1,69,2h 06m 54.430s ( 140.541 km/h ),26.0,Red Bull
819,2.0,31,69.0,18.0,False,False,False,7633.907,19.477,1249,9636,Race,Interlagos,Brazil,2024-11-03T15:30:00+00:00,Esteban OCON,Alpine,FRA,69.0,110.64256521739131,81.771,177.44212191133312,1.0,1408.6,1408.6,2.0,['INTERMEDIATE'],,95.63202396804262,313.0,28.193364403018197,18.81491344873502,5590.299533954727,0.0,21.0,2,69,2h 07m 13.907s ( +19.477s ),18.0,Alpine
820,3.0,10,69.0,15.0,False,False,False,7636.962,22.532,1249,9636,Race,Interlagos,Brazil,2024-11-03T15:30:00+00:00,Pierre GASLY,Alpine,FRA,69.0,110.68765217391305,81.645,176.49525470490084,1.0,1407.5,1407.5,2.0,['INTERMEDIATE'],,95.72418996893032,312.0,27.697314691522415,17.141588992454505,5744.792543275633,0.0,21.0,3,69,2h 07m 16.962s ( +22.532s ),15.0,Alpine
821,4.0,63,69.0,12.0,False,False,False,7637.695,23.265,1249,9636,Race,Interlagos,Brazil,2024-11-03T15:30:00+00:00,George RUSSELL,Mercedes,GBR,69.0,110.69788405797101,81.645,175.85477095716828,2.0,1441.3999999999999,720.6999999999999,3.0,['INTERMEDIATE'],,95.69090102086108,315.0,26.56549045716822,13.777274744784732,5539.697625388371,0.0,21.0,4,69,2h 07m 17.695s ( +23.265s ),12.0,Mercedes
822,5.0,16,69.0,10.0,False,False,False,7644.607,30.177,1249,9636,Race,Interlagos,Brazil,2024-11-03T15:30:00+00:00,Charles LECLERC,Ferrari,MON,69.0,110.79668115942029,81.631,175.30956342688853,2.0,1444.7730000000001,722.3865000000001,3.0,['INTERMEDIATE'],,95.73475366178428,317.0,31.444429649356415,20.583488681757657,5662.805725699068,0.0,21.0,5,69,2h 07m 24.607s ( +30.177s ),10.0,Ferrari
823,6.0,4,69.0,8.0,False,False,False,7645.802,31.372,1249,9636,Race,Interlagos,Brazil,2024-11-03T15:30:00+00:00,Lando NORRIS,McLaren,GBR,69.0,110.81473913043479,81.517,176.40335829208317,2.0,1440.0,720.0,3.0,['INTERMEDIATE'],,,,,,,,21.0,6,69,2h 07m 25.802s ( +31.372s ),8.0,McLaren
824,7.0,22,69.0,6.0,False,False,False,7656.486,42.056,1249,9636,Race,Interlagos,Brazil,2024-11-03T15:30:00+00:00,Yuki TSUNODA,RB,JPN,69.0,110.96997101449276,81.828,175.6004549255439,2.0,1444.4,722.2,3.0,"['INTERMEDIATE', 'WET']",,,,,,,,21.0,7,69,2h 07m 36.486s ( +42.056s ),6.0,RB
825,8.0,81,69.0,4.0,False,False,False,7659.373,44.943,1249,9636,Race,Interlagos,Brazil,2024-11-03T15:30:00+00:00,Oscar PIASTRI,McLaren,AUS,69.0,110.86698550724638,81.532,174.9030088644504,2.0,1446.25,723.125,3.0,['INTERMEDIATE'],,,,,,,,21.0,8,69,2h 07m 39.373s ( +44.943s ),4.0,McLaren
826,9.0,30,69.0,2.0,False,False,False,7664.882,50.452,1249,9636,Race,Interlagos,Brazil,2024-11-03T15:30:00+00:00,Liam LAWSON,RB,NZL,69.0,111.09053623188404,82.123,174.3931113903281,2.0,1450.867,725.4335,3.0,"['INTERMEDIATE', 'WET']",,,,,,,,,,,,,
827,10.0,44,69.0,1.0,False,False,False,7665.183,50.753,1249,9636,Race,Interlagos,Brazil,2024-11-03T15:30:00+00:00,Lewis HAMILTON,Mercedes,GBR,69.0,111.09598550724638,82.041,174.15773188013253,2.0,1450.905,725.4525,3.0,['INTERMEDIATE'],,,,,,,,21.0,10,69,2h 07m 45.183s ( +50.753s ),1.0,Mercedes
828,11.0,11,69.0,0.0,False,False,False,7665.961,51.531,1249,9636,Race,Interlagos,Brazil,2024-11-03T15:30:00+00:00,Sergio PEREZ,Red Bull Racing,MEX,69.0,111.10682608695652,82.143,172.7096875033324,2.0,1451.8,725.9,3.0,"['INTERMEDIATE', 'WET']",,,,,,,,21.0,11,69,2h 07m 45.961s ( +51.531s ),0.0,Red Bull
829,12.0,50,69.0,0.0,False,False,False,7671.515,57.085,1249,9636,Race,Interlagos,Brazil,2024-11-03T15:30:00+00:00,Oliver BEARMAN,Haas F1 Team,GBR,69.0,111.18736231884058,82.494,173.20816286429076,2.0,1460.4,730.2,3.0,['INTERMEDIATE'],,,,,,,,,,,,,
830,13.0,77,69.0,0.0,False,False,False,7678.018,63.588,1249,9636,Race,Interlagos,Brazil,2024-11-03T15:30:00+00:00,Valtteri BOTTAS,Kick Sauber,FIN,69.0,111.28175362318841,82.877,173.44910589958334,1.0,1422.0,1422.0,2.0,['INTERMEDIATE'],,,,,,,,21.0,13,69,2h 07m 58.018s ( +1m 03.588s ),0.0,Kick Sauber
831,14.0,14,69.0,0.0,False,False,False,7692.479,78.049,1249,9636,Race,Interlagos,Brazil,2024-11-03T15:30:00+00:00,Fernando ALONSO,Aston Martin,ESP,69.0,111.49199999999999,82.293,174.5810043910175,2.0,1447.907,723.9535,3.0,['INTERMEDIATE'],,,,,,,,21.0,14,69,2h 08m 12.479s ( +1m 18.049s ),0.0,Aston Martin
832,15.0,24,69.0,0.0,False,False,False,7694.079,79.649,1249,9636,Race,Interlagos,Brazil,2024-11-03T15:30:00+00:00,ZHOU Guanyu,Kick Sauber,CHN,69.0,111.51317391304347,83.058,157.40303923470555,4.0,1403.9089999999999,350.97724999999997,5.0,"['INTERMEDIATE', 'WET']",,,,,,,,,,,,,
833,,55,38.0,0.0,True,False,False,,,1249,9636,Race,Interlagos,Brazil,2024-11-03T15:30:00+00:00,Carlos SAINZ,Ferrari,ESP,39.0,130.83148648648648,84.201,235.90229511455013,2.0,1450.5,725.25,3.0,['INTERMEDIATE'],,,,,,,,21.0,ab,38,Accident,0.0,Ferrari
834,,43,30.0,0.0,True,False,False,,,1249,9636,Race,Interlagos,Brazil,2024-11-03T15:30:00+00:00,Franco COLAPINTO,Williams,ARG,31.0,90.28766666666667,84.296,11.149976660972428,2.0,50.525999999999996,25.262999999999998,3.0,['INTERMEDIATE'],,,,,,,,21.0,ab,30,Accident,0.0,Williams
835,,23,0.0,0.0,False,True,False,,,1249,9636,Race,Interlagos,Brazil,2024-11-03T15:30:00+00:00,Alexander ALBON,Williams,THA,,,,,,,,,,,,,,,,,21.0,np,,Accident,0.0,Williams
836,,18,0.0,0.0,False,True,False,,,1249,9636,Race,Interlagos,Brazil,2024-11-03T15:30:00+00:00,Lance STROLL,Aston Martin,CAN,1.0,,,,,,,1.0,['INTERMEDIATE'],,,,,,,,21.0,np,tf,Runway exit,0.0,Aston Martin
837,,27,,0.0,False,False,True,,,1249,9636,Race,Interlagos,Brazil,2024-11-03T15:30:00+00:00,Nico HULKENBERG,Haas F1 Team,GER,31.0,98.605,83.764,33.83194207376749,3.0,112.943,37.647666666666666,4.0,"['INTERMEDIATE', 'WET']",,,,,,,,21.0,dsq,30,Push start,0.0,Haas
838,1.0,63,50.0,25.0,False,False,False,4925.969,0,1250,9644,Race,Las Vegas,United States,2024-11-24T06:00:00+00:00,George RUSSELL,Mercedes,GBR,50.0,98.52894,95.717,3.6135639223371077,2.0,42.047,21.0235,3.0,"['MEDIUM', 'HARD']",,144.0025957972806,340.0,43.821817058096414,12.395550061804697,6942.051823238566,0.000865265760197775,22.0,1,50.0,1h 22m 05.969s ( 226.524 km/h ),25.0,Mercedes
839,2.0,44,50.0,18.0,False,False,False,4933.282,7.313,1250,9644,Race,Las Vegas,United States,2024-11-24T06:00:00+00:00,Lewis HAMILTON,Mercedes,GBR,50.0,98.67286,95.48,3.9815397493831926,2.0,42.422,21.211,3.0,"['MEDIUM', 'HARD']",,144.20364647713225,364.0,51.64539555006181,22.39851668726823,6922.420951792336,0.03640296662546354,22.0,2,50.0,1h 22m 13.282s ( +07.313s ),18.0,Mercedes
840,3.0,55,50.0,15.0,False,False,False,4937.875,11.906,1250,9644,Race,Las Vegas,United States,2024-11-24T06:00:00+00:00,Carlos SAINZ,Ferrari,ESP,50.0,98.76558000000001,95.875,3.8406724490401873,2.0,41.927,20.9635,3.0,"['MEDIUM', 'HARD']",,141.15837453646478,366.0,54.37231149567367,25.5053152039555,7041.228430160692,0.013257107540173053,22.0,3,50.0,1h 22m 17.875s ( +11.906s ),15.0,Ferrari
841,4.0,16,50.0,12.0,False,False,False,4940.252,14.283,1250,9644,Race,Las Vegas,United States,2024-11-24T06:00:00+00:00,Charles LECLERC,Ferrari,MON,50.0,98.81258,95.674,3.948257234191681,2.0,42.914,21.457,3.0,"['MEDIUM', 'HARD']",,140.8153584672435,362.0,53.63235475896168,26.874907292954266,7115.823825710754,0.025278121137206427,22.0,4,50.0,1h 22m 20.252s ( +14.283s ),12.0,Ferrari
842,5.0,1,50.0,10.0,False,False,False,4942.551,16.582,1250,9644,Race,Las Vegas,United States,2024-11-24T06:00:00+00:00,Max VERSTAPPEN,Red Bull Racing,NED,50.0,98.86008,96.248,3.817718614832788,2.0,42.951,21.4755,3.0,"['MEDIUM', 'HARD']",,143.75537700865266,355.0,41.1982694684796,14.466625463535228,6870.449381953028,0.016749072929542645,22.0,5,50.0,1h 22m 22.551s ( +16.582s ),10.0,Red Bull
843,6.0,4,50.0,9.0,False,False,False,4969.354,43.385,1250,9644,Race,Las Vegas,United States,2024-11-24T06:00:00+00:00,Lando NORRIS,McLaren,GBR,50.0,99.39584,94.876,4.255767219543235,3.0,62.921,20.973666666666666,4.0,"['MEDIUM', 'HARD', 'SOFT']",,,,,,,,22.0,6,50.0,1h 22m 49.354s ( +43.385s ),9.0,McLaren
844,7.0,81,50.0,6.0,False,False,False,4977.334,51.365,1250,9644,Race,Las Vegas,United States,2024-11-24T06:00:00+00:00,Oscar PIASTRI,McLaren,AUS,50.0,99.55414,96.598,4.367281973624194,2.0,48.814,24.407,3.0,"['MEDIUM', 'HARD']",,,,,,,,22.0,7,50.0,1h 22m 57.334s ( +51.365s ),6.0,McLaren
845,8.0,27,50.0,4.0,False,False,False,4985.777,59.808,1250,9644,Race,Las Vegas,United States,2024-11-24T06:00:00+00:00,Nico HULKENBERG,Haas F1 Team,GER,50.0,99.72466,96.585,3.9520243358851683,2.0,43.213,21.6065,3.0,"['MEDIUM', 'HARD']",,,,,,,,22.0,8,50.0,1h 23m 05.777s ( +59.808s ),4.0,Haas
846,9.0,22,50.0,2.0,False,False,False,4988.777,62.808,1250,9644,Race,Las Vegas,United States,2024-11-24T06:00:00+00:00,Yuki TSUNODA,RB,JPN,50.0,99.7849,96.957,3.8761301143363753,2.0,42.376,21.188,3.0,"['MEDIUM', 'HARD']",,,,,,,,22.0,9,50.0,1h 23m 08.777s ( +1m 02.808s ),2.0,RB
847,10.0,11,50.0,1.0,False,False,False,4989.083,63.114,1250,9644,Race,Las Vegas,United States,2024-11-24T06:00:00+00:00,Sergio PEREZ,Red Bull Racing,MEX,50.0,99.79082,96.326,4.392731578646802,2.0,42.328,21.164,3.0,"['HARD', 'MEDIUM']",,,,,,,,22.0,10,50.0,1h 23m 09.083s ( +1m 03.114s ),1.0,Red Bull
848,11.0,14,50.0,0.0,False,False,False,4995.164,69.195,1250,9644,Race,Las Vegas,United States,2024-11-24T06:00:00+00:00,Fernando ALONSO,Aston Martin,ESP,50.0,99.91126,96.553,4.043237411747559,2.0,42.814,21.407,3.0,"['SOFT', 'HARD']",,,,,,,,22.0,11,50.0,1h 23m 15.164s ( +1m 09.195s ),0.0,Aston Martin
849,12.0,20,50.0,0.0,False,False,False,4995.772,69.803,1250,9644,Race,Las Vegas,United States,2024-11-24T06:00:00+00:00,Kevin MAGNUSSEN,Haas F1 Team,DEN,50.0,99.92312,96.557,3.7752652975570826,1.0,21.963,21.963,2.0,"['MEDIUM', 'HARD']",,,,,,,,22.0,12,50.0,1h 23m 15.772s ( +1m 09.803s ),0.0,Haas
850,13.0,24,50.0,0.0,False,False,False,5000.054,74.085,1250,9644,Race,Las Vegas,United States,2024-11-24T06:00:00+00:00,ZHOU Guanyu,Kick Sauber,CHN,50.0,100.00832,96.324,4.365030506661055,2.0,44.721000000000004,22.360500000000002,3.0,"['MEDIUM', 'HARD']",,,,,,,,,,,,,
851,14.0,43,50.0,0.0,False,False,False,5001.141,75.172,1250,9644,Race,Las Vegas,United States,2024-11-24T06:00:00+00:00,Franco COLAPINTO,Williams,ARG,50.0,99.70442857142856,96.867,3.566157525965452,2.0,42.391000000000005,21.195500000000003,3.0,"['HARD', 'MEDIUM']",,,,,,,,22.0,14,50.0,1h 23m 21.141s ( +1m 15.172s ),0.0,Williams
852,15.0,18,50.0,0.0,False,False,False,5010.071,84.102,1250,9644,Race,Las Vegas,United States,2024-11-24T06:00:00+00:00,Lance STROLL,Aston Martin,CAN,50.0,100.2089,97.179,5.501814184096595,2.0,56.451,28.2255,3.0,"['MEDIUM', 'HARD']",,,,,,,,22.0,15,50.0,1h 23m 30.071s ( +1m 24.102s ),0.0,Aston Martin
853,16.0,30,50.0,0.0,False,False,False,5016.974,91.005,1250,9644,Race,Las Vegas,United States,2024-11-24T06:00:00+00:00,Liam LAWSON,RB,NZL,50.0,100.34858,96.98,4.149053524182421,2.0,41.691,20.8455,3.0,"['MEDIUM', 'HARD']",,,,,,,,,,,,,
854,17.0,31,49.0,0.0,False,False,False,,+1 LAP,1250,9644,Race,Las Vegas,United States,2024-11-24T06:00:00+00:00,Esteban OCON,Alpine,FRA,49.0,100.58248979591838,96.511,4.319564441403247,3.0,58.7,19.566666666666666,4.0,"['MEDIUM', 'HARD', 'SOFT']",,,,,,,,22.0,17,49.0,,0.0,Alpine
855,18.0,77,49.0,0.0,False,False,False,,+1 LAP,1250,9644,Race,Las Vegas,United States,2024-11-24T06:00:00+00:00,Valtteri BOTTAS,Kick Sauber,FIN,49.0,100.76914285714285,96.601,4.541011831996624,2.0,44.444,22.222,3.0,"['HARD', 'MEDIUM']",,,,,,,,22.0,18,49.0,,0.0,Kick Sauber
856,,23,25.0,0.0,True,False,False,,,1250,9644,Race,Las Vegas,United States,2024-11-24T06:00:00+00:00,Alexander ALBON,Williams,THA,26.0,101.296,98.008,4.823587686221397,1.0,22.012,22.012,2.0,"['MEDIUM', 'HARD']",,,,,,,,22.0,ab,25.0,Turbo,0.0,Williams
857,,10,15.0,0.0,True,False,False,,,1250,9644,Race,Las Vegas,United States,2024-11-24T06:00:00+00:00,Pierre GASLY,Alpine,FRA,16.0,102.49593333333334,98.314,5.320312631343958,1.0,22.179,22.179,2.0,"['MEDIUM', 'HARD']",,,,,,,,22.0,ab,15.0,Engine,0.0,Alpine
858,1.0,1,57.0,25.0,False,False,False,5465.323,0,1251,9655,Race,Lusail,Qatar,2024-12-01T16:00:00+00:00,Max VERSTAPPEN,Red Bull Racing,NED,57.0,95.88973684210526,82.905,24.539461111883732,3.0,74.803,24.93433333333333,4.0,"['MEDIUM', 'HARD']",,134.22151512509808,308.0,42.7737192340104,13.973440269665533,7111.925754801964,0.0,23.0,1,57.0,1h 31m 05.323s ( 203.282 km/h ),25.0,Red Bull
859,2.0,16,57.0,18.0,False,False,False,5471.354,6.031,1251,9655,Race,Lusail,Qatar,2024-12-01T16:00:00+00:00,Charles LECLERC,Ferrari,MON,57.0,95.99498245614035,83.242,23.315765255425685,3.0,82.96000000000001,27.653333333333336,4.0,"['MEDIUM', 'HARD']",,132.37305669369132,314.0,53.93502455467411,23.60166216255485,7209.024089733531,0.0,23.0,2,57.0,1h 31m 11.354s ( +06.031s ),18.0,Ferrari
860,3.0,81,57.0,15.0,False,False,False,5472.142,6.819,1251,9655,Race,Lusail,Qatar,2024-12-01T16:00:00+00:00,Oscar PIASTRI,McLaren,AUS,57.0,96.00978947368421,83.218,22.424162638241715,3.0,79.918,26.639333333333337,4.0,"['MEDIUM', 'HARD']",,132.27600034870542,326.0,42.12701595327347,11.332112864324529,7042.870514049923,0.01127480893848255,23.0,3,57.0,1h 31m 12.142s ( +06.819s ),15.0,McLaren
861,4.0,63,57.0,12.0,False,False,False,5479.427,14.104,1251,9655,Race,Lusail,Qatar,2024-12-01T16:00:00+00:00,George RUSSELL,Mercedes,GBR,57.0,96.04861403508771,83.355,20.91963926446902,4.0,116.878,29.2195,5.0,"['MEDIUM', 'HARD']",,132.39517042977945,330.0,42.275651643274344,12.159009676575712,7005.9114869380755,0.00758434312614419,23.0,4,57.0,1h 31m 19.427s ( +14.104s ),12.0,Mercedes
862,5.0,10,57.0,10.0,False,False,False,5482.105,16.782,1251,9655,Race,Lusail,Qatar,2024-12-01T16:00:00+00:00,Pierre GASLY,Alpine,FRA,57.0,96.18354385964912,83.705,20.758623376004294,3.0,81.892,27.29733333333333,4.0,"['MEDIUM', 'HARD']",,132.14692122163137,332.0,44.16990672129718,14.052247697091216,7063.891291081859,0.009967163571905966,23.0,5,57.0,1h 31m 22.105s ( +16.782s ),10.0,Alpine
863,6.0,55,57.0,8.0,False,False,False,5482.799,17.476,1251,9655,Race,Lusail,Qatar,2024-12-01T16:00:00+00:00,Carlos SAINZ,Ferrari,ESP,57.0,96.19642105263158,83.465,21.05153696963323,3.0,93.143,31.047666666666668,4.0,"['MEDIUM', 'HARD']",,,,,,,,23.0,6,57.0,1h 31m 22.799s ( +17.476s ),8.0,Ferrari
864,7.0,14,57.0,6.0,False,False,False,5485.19,19.867,1251,9655,Race,Lusail,Qatar,2024-12-01T16:00:00+00:00,Fernando ALONSO,Aston Martin,ESP,57.0,96.24078947368422,83.667,20.331922144690218,3.0,90.02,30.006666666666664,4.0,"['MEDIUM', 'HARD']",,,,,,,,23.0,7,57.0,1h 31m 25.190s ( +19.867s ),6.0,Aston Martin
865,8.0,24,57.0,4.0,False,False,False,5490.683,25.36,1251,9655,Race,Lusail,Qatar,2024-12-01T16:00:00+00:00,ZHOU Guanyu,Kick Sauber,CHN,57.0,96.33424561403508,83.889,20.260762958311375,3.0,87.085,29.028333333333332,4.0,"['MEDIUM', 'HARD']",,,,,,,,,,,,,
866,9.0,20,57.0,2.0,False,False,False,5497.5,32.177,1251,9655,Race,Lusail,Qatar,2024-12-01T16:00:00+00:00,Kevin MAGNUSSEN,Haas F1 Team,DEN,57.0,96.45545614035088,84.259,19.39900917211106,3.0,84.443,28.147666666666666,4.0,"['MEDIUM', 'HARD']",,,,,,,,23.0,9,57.0,1h 31m 37.500s ( +32.177s ),2.0,Haas
867,10.0,4,57.0,2.0,False,False,False,5501.085,35.762,1251,9655,Race,Lusail,Qatar,2024-12-01T16:00:00+00:00,Lando NORRIS,McLaren,GBR,57.0,96.51682456140351,82.384,24.320268913811383,4.0,118.293,29.57325,5.0,"['MEDIUM', 'HARD']",,,,,,,,23.0,10,57.0,1h 31m 41.085s ( +35.762s ),2.0,McLaren
868,11.0,77,57.0,0.0,False,False,False,5515.566,50.243,1251,9655,Race,Lusail,Qatar,2024-12-01T16:00:00+00:00,Valtteri BOTTAS,Kick Sauber,FIN,57.0,96.7718596491228,85.533,20.161583881798748,3.0,86.102,28.700666666666667,4.0,"['MEDIUM', 'HARD']",,,,,,,,23.0,11,57.0,1h 31m 55.566s ( +50.243s ),0.0,Kick Sauber
869,12.0,44,57.0,0.0,False,False,False,5521.445,56.122,1251,9655,Race,Lusail,Qatar,2024-12-01T16:00:00+00:00,Lewis HAMILTON,Mercedes,GBR,57.0,96.87324561403508,83.865,22.73806548050514,4.0,110.815,27.70375,5.0,"['MEDIUM', 'HARD']",,,,,,,,23.0,12,57.0,1h 32m 01.445s ( +56.122s ),0.0,Mercedes
870,13.0,22,57.0,0.0,False,False,False,5526.423,61.1,1251,9655,Race,Lusail,Qatar,2024-12-01T16:00:00+00:00,Yuki TSUNODA,RB,JPN,57.0,96.96150877192983,86.144,19.154269052432088,4.0,116.795,29.19875,5.0,"['MEDIUM', 'HARD', 'SOFT']",,,,,,,,23.0,13,57.0,1h 32m 06.423s ( +1m 01.100s ),0.0,RB
871,14.0,30,57.0,0.0,False,False,False,5527.979,62.656,1251,9655,Race,Lusail,Qatar,2024-12-01T16:00:00+00:00,Liam LAWSON,RB,NZL,57.0,96.98933333333333,86.076,19.358245517399162,4.0,129.10399999999998,32.275999999999996,5.0,"['MEDIUM', 'HARD', 'SOFT']",,,,,,,,,,,,,
872,15.0,23,56.0,0.0,False,False,False,,+1 LAP,1251,9655,Race,Lusail,Qatar,2024-12-01T16:00:00+00:00,Alexander ALBON,Williams,THA,56.0,97.833,85.559,19.60129111795723,4.0,128.066,32.0165,5.0,"['MEDIUM', 'SOFT']",,,,,,,,23.0,15,56.0,,0.0,Williams
873,,27,39.0,0.0,True,False,False,,,1251,9655,Race,Lusail,Qatar,2024-12-01T16:00:00+00:00,Nico HULKENBERG,Haas F1 Team,GER,40.0,98.33020512820514,85.767,19.724427994080266,4.0,122.7,30.675,5.0,"['HARD', 'MEDIUM']",,,,,,,,23.0,ab,39.0,Spin,0.0,Haas
874,,11,38.0,0.0,True,False,False,,,1251,9655,Race,Lusail,Qatar,2024-12-01T16:00:00+00:00,Sergio PEREZ,Red Bull Racing,MEX,39.0,97.12223684210527,85.288,22.425999088213484,3.0,80.188,26.729333333333333,4.0,"['MEDIUM', 'HARD']",,,,,,,,23.0,ab,38.0,Spin,0.0,Red Bull
875,,18,8.0,0.0,True,False,False,,,1251,9655,Race,Lusail,Qatar,2024-12-01T16:00:00+00:00,Lance STROLL,Aston Martin,CAN,9.0,121.488125,90.935,23.666360293749673,2.0,71.457,35.7285,3.0,"['MEDIUM', 'HARD']",,,,,,,,23.0,ab,8.0,Collision damage,0.0,Aston Martin
876,,43,0.0,0.0,True,False,False,,,1251,9655,Race,Lusail,Qatar,2024-12-01T16:00:00+00:00,Franco COLAPINTO,Williams,ARG,1.0,,,,,,,2.0,"['UNKNOWN', 'MEDIUM']",,,,,,,,23.0,ab,0.0,Collision,0.0,Williams
877,,31,0.0,0.0,True,False,False,,,1251,9655,Race,Lusail,Qatar,2024-12-01T16:00:00+00:00,Esteban OCON,Alpine,FRA,1.0,,,,,,,2.0,"['UNKNOWN', 'MEDIUM']",,,,,,,,23.0,ab,0.0,Collision,0.0,Alpine
878,1.0,4,58.0,25.0,False,False,False,5193.291,0,1252,9662,Race,Yas Marina Circuit,United Arab Emirates,2024-12-08T13:00:00+00:00,Lando NORRIS,McLaren,GBR,58.0,89.54703448275862,87.438,4.082982513961629,1.0,21.276,21.276,2.0,"['MEDIUM', 'HARD']",,132.3615217585294,318.0,52.60787054939171,22.627442815074808,6982.069484517683,0.0,24.0,1,58.0,1h 26m 33.291s ( 212.247 km/h ),25.0,McLaren
879,2.0,55,58.0,18.0,False,False,False,5199.123,5.832,1252,9662,Race,Yas Marina Circuit,United Arab Emirates,2024-12-08T13:00:00+00:00,Carlos SAINZ,Ferrari,ESP,58.0,89.64891379310345,87.765,4.164656348513038,1.0,21.28,21.28,2.0,"['MEDIUM', 'HARD']",,132.48909388483855,319.0,50.560630858503195,19.459604225561673,6935.910340723107,0.0,24.0,2,58.0,1h 26m 39.123s ( +05.832s ),18.0,Ferrari
880,3.0,16,58.0,15.0,False,False,False,5225.219,31.928,1252,9662,Race,Yas Marina Circuit,United Arab Emirates,2024-12-08T13:00:00+00:00,Charles LECLERC,Ferrari,MON,58.0,90.09665517241379,88.018,4.4430645009621035,1.0,21.869,21.869,2.0,"['MEDIUM', 'HARD']",,132.38436598352123,335.0,51.54751777268806,20.941967339897083,7057.58978553794,0.017281894166988904,24.0,3,58.0,1h 27m 05.219s ( +31.928s ),15.0,Ferrari
881,4.0,44,58.0,12.0,False,False,False,5229.774,36.483,1252,9662,Race,Yas Marina Circuit,United Arab Emirates,2024-12-08T13:00:00+00:00,Lewis HAMILTON,Mercedes,GBR,58.0,90.1748448275862,87.278,4.8832351147600255,1.0,21.694,21.694,2.0,"['HARD', 'MEDIUM']",,134.59720279720278,339.0,52.539324505281954,22.05814610920994,6777.115726826365,0.020830233596191045,24.0,4,58.0,1h 27m 09.774s ( +36.483s ),12.0,Mercedes
882,5.0,63,58.0,10.0,False,False,False,5230.829,37.538,1252,9662,Race,Yas Marina Circuit,United Arab Emirates,2024-12-08T13:00:00+00:00,George RUSSELL,Mercedes,GBR,58.0,90.19505172413793,88.195,4.215495739602992,1.0,21.656,21.656,2.0,"['MEDIUM', 'HARD']",,134.7993750929921,333.0,53.50052075583991,20.798809700937362,6877.606814462134,0.014521648564201756,24.0,5,58.0,1h 27m 10.829s ( +37.538s ),10.0,Mercedes
883,6.0,1,58.0,8.0,False,False,False,5243.138,49.847,1252,9662,Race,Yas Marina Circuit,United Arab Emirates,2024-12-08T13:00:00+00:00,Max VERSTAPPEN,Red Bull Racing,NED,58.0,90.40525862068965,87.765,5.523419848850778,1.0,32.652,32.652,2.0,"['MEDIUM', 'HARD']",,,,,,,,24.0,6,58.0,1h 27m 23.138s ( +49.847s ),8.0,Red Bull
884,7.0,10,58.0,6.0,False,False,False,5265.851,72.56,1252,9662,Race,Yas Marina Circuit,United Arab Emirates,2024-12-08T13:00:00+00:00,Pierre GASLY,Alpine,FRA,58.0,90.79839655172414,89.212,4.07396653966422,1.0,22.059,22.059,2.0,"['MEDIUM', 'HARD']",,,,,,,,24.0,7,58.0,1h 27m 45.851s ( +1m 12.560s ),6.0,Alpine
885,8.0,27,58.0,4.0,False,False,False,5268.845,75.554,1252,9662,Race,Yas Marina Circuit,United Arab Emirates,2024-12-08T13:00:00+00:00,Nico HULKENBERG,Haas F1 Team,GER,58.0,90.85051724137931,89.152,4.090186193339946,1.0,21.53,21.53,2.0,"['MEDIUM', 'HARD']",,,,,,,,24.0,8,58.0,1h 27m 48.845s ( +1m 15.554s ),4.0,Haas
886,9.0,14,58.0,2.0,False,False,False,5275.664,82.373,1252,9662,Race,Yas Marina Circuit,United Arab Emirates,2024-12-08T13:00:00+00:00,Fernando ALONSO,Aston Martin,ESP,58.0,90.96603448275862,87.948,5.091882015024539,2.0,45.763000000000005,22.881500000000003,3.0,"['MEDIUM', 'HARD']",,,,,,,,24.0,9,58.0,1h 27m 55.664s ( +1m 22.373s ),2.0,Aston Martin
887,10.0,81,58.0,1.0,False,False,False,5277.112,83.821,1252,9662,Race,Yas Marina Circuit,United Arab Emirates,2024-12-08T13:00:00+00:00,Oscar PIASTRI,McLaren,AUS,58.0,90.98939655172414,87.69,6.800713313824514,2.0,56.356,28.178,3.0,"['MEDIUM', 'HARD']",,,,,,,,24.0,10,58.0,1h 27m 57.112s ( +1m 23.821s ),1.0,McLaren
888,11.0,23,57.0,0.0,False,False,False,,+1 LAP,1252,9662,Race,Yas Marina Circuit,United Arab Emirates,2024-12-08T13:00:00+00:00,Alexander ALBON,Williams,THA,57.0,91.31464912280703,89.438,4.999408841807583,1.0,22.065,22.065,2.0,"['MEDIUM', 'HARD']",,,,,,,,24.0,11,57.0,,0.0,Williams
889,12.0,22,57.0,0.0,False,False,False,,+1 LAP,1252,9662,Race,Yas Marina Circuit,United Arab Emirates,2024-12-08T13:00:00+00:00,Yuki TSUNODA,RB,JPN,57.0,91.3777894736842,89.2,5.201973014213112,1.0,21.869,21.869,2.0,"['MEDIUM', 'HARD']",,,,,,,,24.0,12,57.0,,0.0,RB
890,13.0,24,57.0,0.0,False,False,False,,+1 LAP,1252,9662,Race,Yas Marina Circuit,United Arab Emirates,2024-12-08T13:00:00+00:00,ZHOU Guanyu,Kick Sauber,CHN,57.0,91.42215789473684,87.982,6.250392815625593,2.0,51.789,25.8945,3.0,"['MEDIUM', 'HARD']",,,,,,,,,,,,,
891,14.0,18,57.0,0.0,False,False,False,,+1 LAP,1252,9662,Race,Yas Marina Circuit,United Arab Emirates,2024-12-08T13:00:00+00:00,Lance STROLL,Aston Martin,CAN,57.0,91.35338596491228,88.604,5.206865374382402,2.0,45.319,22.6595,3.0,"['MEDIUM', 'HARD']",,,,,,,,24.0,14,57.0,,0.0,Aston Martin
892,15.0,61,57.0,0.0,False,False,False,,+1 LAP,1252,9662,Race,Yas Marina Circuit,United Arab Emirates,2024-12-08T13:00:00+00:00,Jack DOOHAN,Alpine,AUS,57.0,91.58252631578947,89.121,5.131768701311412,1.0,22.08,22.08,2.0,"['MEDIUM', 'HARD']",,,,,,,,24.0,15,57.0,,0.0,Alpine
893,16.0,20,57.0,0.0,False,False,False,,+1 LAP,1252,9662,Race,Yas Marina Circuit,United Arab Emirates,2024-12-08T13:00:00+00:00,Kevin MAGNUSSEN,Haas F1 Team,DEN,57.0,92.47729824561404,85.637,7.255109064270581,4.0,92.946,23.2365,5.0,"['MEDIUM', 'HARD', 'SOFT']",,,,,,,,24.0,16,57.0,,0.0,Haas
894,17.0,30,55.0,0.0,True,False,False,,,1252,9662,Race,Yas Marina Circuit,United Arab Emirates,2024-12-08T13:00:00+00:00,Liam LAWSON,RB,NZL,56.0,92.31576363636364,88.751,7.176242176545535,3.0,78.297,26.099,4.0,"['MEDIUM', 'HARD']",,,,,,,,,,,,,
895,,77,30.0,0.0,True,False,False,,,1252,9662,Race,Yas Marina Circuit,United Arab Emirates,2024-12-08T13:00:00+00:00,Valtteri BOTTAS,Kick Sauber,FIN,31.0,94.91836666666667,89.482,12.738864929361084,1.0,41.144,41.144,2.0,"['MEDIUM', 'HARD']",,,,,,,,24.0,ab,30.0,Collision,0.0,Kick Sauber
896,,43,26.0,0.0,True,False,False,,,1252,9662,Race,Yas Marina Circuit,United Arab Emirates,2024-12-08T13:00:00+00:00,Franco COLAPINTO,Williams,ARG,27.0,95.0295,89.411,10.864798042301565,1.0,24.941,24.941,2.0,"['MEDIUM', 'HARD']",,,,,,,,24.0,ab,26.0,Engine,0.0,Williams
897,,11,0.0,0.0,True,False,False,,,1252,9662,Race,Yas Marina Circuit,United Arab Emirates,2024-12-08T13:00:00+00:00,Sergio PEREZ,Red Bull Racing,MEX,1.0,,,,,,,1.0,['MEDIUM'],,,,,,,,24.0,ab,0.0,Collision,0.0,Red Bull
898,1.0,4,57.0,25.0,False,False,False,6126.304,0,1254,9693,Race,Melbourne,Australia,2025-03-16T04:00:00+00:00,Lando NORRIS,McLaren,,58.0,107.48482456140351,82.167,25.069992221152994,5.0,75.495,15.099,6.0,"['INTERMEDIATE', 'HARD']",,115.2189167382421,322.0,33.076572707633844,14.458134874157361,6850.821894276568,0.002316441529371958,1.0,1,57,1h 42m 06.304s ( 176.786 km/h ),25.0,McLaren
899,2.0,1,57.0,18.0,False,False,False,6127.199,0.895,1254,9693,Race,Melbourne,Australia,2025-03-16T04:00:00+00:00,Max VERSTAPPEN,Red Bull Racing,,57.0,107.50019298245614,83.081,24.59598127630275,5.0,77.42099999999999,15.484199999999998,6.0,"['INTERMEDIATE', 'MEDIUM']",,116.80755316103173,326.0,34.301319590848756,17.691991358892274,6818.761406522474,0.009942479373259415,1.0,2,57,1h 42m 07.199s ( +00.895s ),18.0,Red Bull
900,3.0,63,57.0,15.0,False,False,False,6134.785,8.481,1254,9693,Race,Melbourne,Australia,2025-03-16T04:00:00+00:00,George RUSSELL,Mercedes,,57.0,107.63563157894737,85.065,23.77020318940109,5.0,79.803,15.9606,6.0,"['INTERMEDIATE', 'HARD']",,117.21607974805445,308.0,35.681398193696154,15.089664506389735,6698.048124723458,0.0,1.0,3,57,1h 42m 14.785s ( +08.481s ),15.0,Mercedes
901,4.0,12,57.0,12.0,False,False,False,6136.439,10.135,1254,9693,Race,Melbourne,Australia,2025-03-16T04:00:00+00:00,Kimi ANTONELLI,Mercedes,,57.0,107.66233333333332,84.901,22.988093746183768,5.0,85.658,17.1316,6.0,"['INTERMEDIATE', 'HARD']",,116.9005752062674,332.0,34.402670414617006,15.188881080659014,6762.143775539418,0.018427422503318497,1.0,4,57,1h 42m 16.439s ( +10.135s ),12.0,Mercedes
902,5.0,23,57.0,10.0,False,False,False,6139.077,12.773,1254,9693,Race,Melbourne,Australia,2025-03-16T04:00:00+00:00,Alexander ALBON,Williams,,57.0,107.70987719298245,84.597,22.893344072545062,5.0,83.625,16.725,6.0,"['INTERMEDIATE', 'MEDIUM']",,116.62827620311809,329.0,35.34723198250956,20.680565315842898,6719.174487910257,0.006454803362744332,1.0,5,57,1h 42m 19.077s ( +12.773s ),10.0,Williams
903,6.0,18,57.0,8.0,False,False,False,6143.717,17.413,1254,9693,Race,Melbourne,Australia,2025-03-16T04:00:00+00:00,Lance STROLL,Aston Martin,,57.0,107.78928070175438,85.538,22.33503159257287,5.0,83.603,16.720599999999997,6.0,"['INTERMEDIATE', 'HARD']",,,,,,,,1.0,6,57,1h 42m 23.717s ( +17.413s ),8.0,Aston Martin
904,7.0,27,57.0,6.0,False,False,False,6144.727,18.423,1254,9693,Race,Melbourne,Australia,2025-03-16T04:00:00+00:00,Nico HULKENBERG,Kick Sauber,,57.0,107.80777192982455,85.243,22.20613158970283,5.0,86.432,17.2864,6.0,"['INTERMEDIATE', 'MEDIUM']",,,,,,,,1.0,7,57,1h 42m 24.727s ( +18.423s ),6.0,Kick Sauber
905,8.0,16,57.0,4.0,False,False,False,6146.13,19.826,1254,9693,Race,Melbourne,Australia,2025-03-16T04:00:00+00:00,Charles LECLERC,Ferrari,,57.0,107.83371929824561,85.271,23.84522494258875,5.0,85.482,17.0964,6.0,"['INTERMEDIATE', 'HARD']",,,,,,,,1.0,8,57,1h 42m 26.130s ( +19.826s ),4.0,Ferrari
906,9.0,81,57.0,2.0,False,False,False,6146.752,20.448,1254,9693,Race,Melbourne,Australia,2025-03-16T04:00:00+00:00,Oscar PIASTRI,McLaren,,57.0,107.84468421052631,83.242,25.93628342217981,5.0,79.16900000000001,15.833800000000002,6.0,"['INTERMEDIATE', 'HARD']",,,,,,,,1.0,9,57,1h 42m 26.752s ( +20.448s ),2.0,McLaren
907,10.0,44,57.0,1.0,False,False,False,6148.777,22.473,1254,9693,Race,Melbourne,Australia,2025-03-16T04:00:00+00:00,Lewis HAMILTON,Ferrari,,57.0,107.88089473684211,84.218,23.405749435375466,5.0,85.128,17.0256,6.0,"['INTERMEDIATE', 'HARD']",,,,,,,,1.0,10,57,1h 42m 28.777s ( +22.473s ),1.0,Ferrari
908,11.0,10,57.0,0.0,False,False,False,6152.806,26.502,1254,9693,Race,Melbourne,Australia,2025-03-16T04:00:00+00:00,Pierre GASLY,Alpine,,57.0,107.94924561403509,85.02,22.74424204000457,5.0,84.571,16.9142,6.0,"['INTERMEDIATE', 'HARD']",,,,,,,,1.0,11,57,1h 42m 32.806s ( +26.502s ),0.0,Alpine
909,12.0,22,57.0,0.0,False,False,False,6156.188,29.884,1254,9693,Race,Melbourne,Australia,2025-03-16T04:00:00+00:00,Yuki TSUNODA,Racing Bulls,,57.0,108.00871929824562,84.194,23.35055422235687,5.0,82.009,16.4018,6.0,"['INTERMEDIATE', 'MEDIUM']",,,,,,,,1.0,12,57,1h 42m 36.188s ( +29.884s ),0.0,Racing Bulls
910,13.0,31,57.0,0.0,False,False,False,6159.465,33.161,1254,9693,Race,Melbourne,Australia,2025-03-16T04:00:00+00:00,Esteban OCON,Haas F1 Team,,57.0,108.06587719298246,86.764,22.56018714308633,5.0,88.985,17.797,6.0,"['INTERMEDIATE', 'MEDIUM']",,,,,,,,1.0,13,57,1h 42m 39.465s ( +33.161s ),0.0,Haas
911,14.0,87,57.0,0.0,False,False,False,6166.655,40.351,1254,9693,Race,Melbourne,Australia,2025-03-16T04:00:00+00:00,Oliver BEARMAN,Haas F1 Team,,57.0,108.19059649122806,87.603,22.98875547636562,5.0,95.205,19.041,7.0,"['INTERMEDIATE', 'MEDIUM']",,,,,,,,,,,,,
912,,30,46.0,0.0,True,False,False,,,1254,9693,Race,Melbourne,Australia,2025-03-16T04:00:00+00:00,Liam LAWSON,Red Bull Racing,,47.0,107.19134782608695,82.97,24.38435627949234,4.0,69.947,17.48675,7.0,"['INTERMEDIATE', 'MEDIUM']",,,,,,,,,,,,,
913,,5,45.0,0.0,True,False,False,,,1254,9693,Race,Melbourne,Australia,2025-03-16T04:00:00+00:00,Gabriel BORTOLETO,Kick Sauber,,46.0,107.91122222222222,84.192,24.175000886423685,5.0,95.187,19.037399999999998,7.0,"['INTERMEDIATE', 'MEDIUM']",,,,,,,,1.0,ab,45,Accident,0.0,Kick Sauber
914,,14,32.0,0.0,True,False,False,,,1254,9693,Race,Melbourne,Australia,2025-03-16T04:00:00+00:00,Fernando ALONSO,Aston Martin,,33.0,104.5241875,88.819,24.16061240470037,3.0,46.7,15.566666666666668,4.0,['INTERMEDIATE'],,,,,,,,1.0,ab,32,Accident,0.0,Aston Martin
915,,55,0.0,0.0,True,False,False,,,1254,9693,Race,Melbourne,Australia,2025-03-16T04:00:00+00:00,Carlos SAINZ,Williams,,1.0,,,,,,,1.0,['INTERMEDIATE'],,,,,,,,1.0,ab,0,Accident,0.0,Williams
916,,7,0.0,0.0,True,False,False,,,1254,9693,Race,Melbourne,Australia,2025-03-16T04:00:00+00:00,Jack DOOHAN,Alpine,,1.0,,,,,,,1.0,['INTERMEDIATE'],,,,,,,,,,,,,
917,,6,0.0,0.0,False,True,False,,,1254,9693,Race,Melbourne,Australia,2025-03-16T04:00:00+00:00,Isack HADJAR,Racing Bulls,,1.0,,,,,,,1.0,['INTERMEDIATE'],,,,,,,,1.0,np,tf,Accident,0.0,Racing Bulls
918,1.0,81,56.0,25.0,False,False,False,5455.026,0,1255,9998,Race,Shanghai,China,2025-03-23T07:00:00+00:00,Oscar PIASTRI,McLaren,,56.0,97.41791071428572,95.52,2.944183333451581,1.0,23.938,23.938,2.0,"['MEDIUM', 'HARD']",1.0,132.0908982286346,339.0,39.93759894853183,14.698210711832004,7006.917226752696,0.0015234339994623174,2.0,1,56.0,1h 30m 55.026s ( 201.326 km/h ),25.0,McLaren
919,2.0,4,56.0,18.0,False,False,False,5464.774,9.748,1255,9998,Race,Shanghai,China,2025-03-23T07:00:00+00:00,Lando NORRIS,McLaren,,56.0,97.59253571428572,95.454,2.768223296066105,1.0,22.213,22.213,2.0,"['MEDIUM', 'HARD']",3.0,131.87403291812288,341.0,39.715326940884786,13.450428652507691,6873.20909878424,0.005376825880455238,2.0,2,56.0,1h 31m 04.774s ( +09.748s ),18.0,McLaren
920,3.0,63,56.0,15.0,False,False,False,5466.123,11.097,1255,9998,Race,Shanghai,China,2025-03-23T07:00:00+00:00,George RUSSELL,Mercedes,,56.0,97.61816071428572,95.816,2.5754852377881874,1.0,22.324,22.324,2.0,"['MEDIUM', 'HARD']",2.0,134.037966364967,346.0,41.98046419930101,14.837769214684709,7043.99865579353,0.01084326552558473,2.0,3,56.0,1h 31m 06.123s ( +11.097s ),15.0,Mercedes
921,4.0,1,56.0,12.0,False,False,False,5471.682,16.656,1255,9998,Race,Shanghai,China,2025-03-23T07:00:00+00:00,Max VERSTAPPEN,Red Bull Racing,,56.0,97.71783928571428,95.488,2.7911115334008207,1.0,22.454,22.454,2.0,"['MEDIUM', 'HARD']",4.0,134.36209935179377,342.0,40.274457089942345,15.715864623472832,7027.0091406039965,0.008393822624488454,2.0,4,56.0,1h 31m 11.682s ( +16.656s ),12.0,Red Bull
922,5.0,31,56.0,10.0,False,False,False,5504.995,49.969,1255,9998,Race,Shanghai,China,2025-03-23T07:00:00+00:00,Esteban OCON,Haas F1 Team,,56.0,98.31142857142856,95.74,2.8018250601228716,1.0,23.114,23.114,2.0,"['MEDIUM', 'HARD']",11.0,132.31451444275174,346.0,41.10810407145204,17.05648654299967,6898.705917495594,0.026675030618036263,2.0,5,56.0,1h 31m 44.995s ( +49.969s ),10.0,Haas
923,6.0,12,56.0,8.0,False,False,False,5508.774,53.748,1255,9998,Race,Shanghai,China,2025-03-23T07:00:00+00:00,Kimi ANTONELLI,Mercedes,,56.0,98.37780357142857,96.046,2.949063619768413,1.0,22.675,22.675,2.0,"['MEDIUM', 'HARD']",8.0,,,,,,,2.0,6,56.0,1h 31m 48.774s ( +53.748s ),8.0,Mercedes
924,7.0,23,56.0,6.0,False,False,False,5511.347,56.321,1255,9998,Race,Shanghai,China,2025-03-23T07:00:00+00:00,Alexander ALBON,Williams,,56.0,98.42542857142857,96.254,3.1792358536269467,1.0,23.362,23.362,2.0,"['MEDIUM', 'HARD']",10.0,,,,,,,2.0,7,56.0,1h 31m 51.347s ( +56.321s ),6.0,Williams
925,8.0,87,56.0,4.0,False,False,False,5516.329,61.303,1255,9998,Race,Shanghai,China,2025-03-23T07:00:00+00:00,Oliver BEARMAN,Haas F1 Team,,56.0,98.51558928571428,96.363,2.9723795351492353,1.0,22.808,22.808,2.0,"['HARD', 'MEDIUM']",17.0,,,,,,,,,,,,
926,9.0,18,56.0,2.0,False,False,False,5525.23,70.204,1255,9998,Race,Shanghai,China,2025-03-23T07:00:00+00:00,Lance STROLL,Aston Martin,,56.0,98.67289285714286,96.044,2.7313816129542183,1.0,22.995,22.995,2.0,"['HARD', 'MEDIUM']",14.0,,,,,,,2.0,9,56.0,1h 32m 05.230s ( +1m 10.204s ),2.0,Aston Martin
927,10.0,55,56.0,1.0,False,False,False,5531.413,76.387,1255,9998,Race,Shanghai,China,2025-03-23T07:00:00+00:00,Carlos SAINZ,Williams,,56.0,98.78351785714287,96.779,2.9776637699626223,1.0,22.721,22.721,2.0,"['MEDIUM', 'HARD']",15.0,,,,,,,2.0,10,56.0,1h 32m 11.413s ( +1m 16.387s ),1.0,Williams
928,11.0,6,56.0,0.0,False,False,False,5533.901,78.875,1255,9998,Race,Shanghai,China,2025-03-23T07:00:00+00:00,Isack HADJAR,Racing Bulls,,56.0,98.82648214285715,95.868,3.621407581645927,2.0,45.13,22.565,3.0,"['MEDIUM', 'HARD']",7.0,,,,,,,2.0,11,56.0,1h 32m 13.901s ( +1m 18.875s ),0.0,Racing Bulls
929,12.0,30,56.0,0.0,False,False,False,5536.173,81.147,1255,9998,Race,Shanghai,China,2025-03-23T07:00:00+00:00,Liam LAWSON,Red Bull Racing,,56.0,98.86541071428572,95.985,3.943337920533758,2.0,44.891000000000005,22.445500000000003,3.0,"['HARD', 'MEDIUM']",20.0,,,,,,,,,,,,
930,13.0,7,56.0,0.0,False,False,False,5543.427,88.401,1255,9998,Race,Shanghai,China,2025-03-23T07:00:00+00:00,Jack DOOHAN,Alpine,,56.0,98.81703571428571,96.424,2.8778849933701225,1.0,22.793,22.793,2.0,"['MEDIUM', 'HARD']",18.0,,,,,,,,,,,,
931,14.0,5,55.0,0.0,False,False,False,,+1 LAP,1255,9998,Race,Shanghai,China,2025-03-23T07:00:00+00:00,Gabriel BORTOLETO,Kick Sauber,,55.0,99.38365454545453,95.874,5.03907944715575,2.0,46.175,23.0875,3.0,"['MEDIUM', 'HARD']",19.0,,,,,,,2.0,14,55.0,,0.0,Kick Sauber
932,15.0,27,55.0,0.0,False,False,False,,+1 LAP,1255,9998,Race,Shanghai,China,2025-03-23T07:00:00+00:00,Nico HULKENBERG,Kick Sauber,,55.0,99.55729090909091,97.275,3.273733250478151,1.0,22.959,22.959,2.0,"['MEDIUM', 'HARD']",12.0,,,,,,,2.0,15,55.0,,0.0,Kick Sauber
933,16.0,22,55.0,0.0,False,False,False,,+1 LAP,1255,9998,Race,Shanghai,China,2025-03-23T07:00:00+00:00,Yuki TSUNODA,Racing Bulls,,55.0,99.61550909090909,95.871,6.280437935522716,3.0,83.204,27.734666666666666,4.0,"['MEDIUM', 'HARD']",9.0,,,,,,,2.0,16,55.0,,0.0,Racing Bulls
934,,14,4.0,0.0,True,False,False,,,1255,9998,Race,Shanghai,China,2025-03-23T07:00:00+00:00,Fernando ALONSO,Aston Martin,,5.0,111.50925000000001,99.256,19.89824788559704,,,,1.0,['MEDIUM'],13.0,,,,,,,2.0,ab,4.0,Brakes,0.0,Aston Martin
935,,16,,0.0,False,False,True,,,1255,9998,Race,Shanghai,China,2025-03-23T07:00:00+00:00,Charles LECLERC,Ferrari,,56.0,97.83357142857143,96.157,2.643558090268372,1.0,22.1,22.1,2.0,"['MEDIUM', 'HARD']",6.0,,,,,,,2.0,dsq,56.0,Weight infringement  1h 31m 18.237s ( +23.211s ),0.0,Ferrari
936,,44,,0.0,False,False,True,,,1255,9998,Race,Shanghai,China,2025-03-23T07:00:00+00:00,Lewis HAMILTON,Ferrari,,56.0,97.87173214285714,95.069,3.6819336051051446,2.0,44.752,22.376,3.0,"['MEDIUM', 'HARD']",5.0,,,,,,,2.0,dsq,56.0,Rear skid thickness below minimum threshold  1h 31m 20.407s ( +25.381s ),0.0,Ferrari
937,,10,,0.0,False,False,True,,,1255,9998,Race,Shanghai,China,2025-03-23T07:00:00+00:00,Pierre GASLY,Alpine,,56.0,98.61857142857143,96.425,2.8435444326157038,1.0,23.138,23.138,2.0,"['MEDIUM', 'HARD']",16.0,,,,,,,2.0,dsq,56.0,Weight infringement  1h 32m 02.221s ( +1m 07.195s ),0.0,Alpine
938,1.0,1,53.0,25.0,False,False,False,4926.983,0,1256,10006,Race,Suzuka,Japan,2025-04-06T05:00:00+00:00,Max VERSTAPPEN,Red Bull Racing,,53.0,92.96875471698114,91.041,3.132718264884472,1.0,24.397,24.397,2.0,"['MEDIUM', 'HARD']",1.0,144.96295350840805,333.0,44.200548836912475,12.176776540412904,7000.288458470277,0.00188263824627461,3.0,1.0,53.0,1h 22m 06.983s ( 224.660 km/h ),25.0,Red Bull
939,2.0,4,53.0,18.0,False,False,False,4928.406,1.423,1256,10006,Race,Suzuka,Japan,2025-04-06T05:00:00+00:00,Lando NORRIS,McLaren,,53.0,92.99550943396225,91.116,3.246166103282702,1.0,23.222,23.222,2.0,"['MEDIUM', 'HARD']",2.0,142.35869044959955,324.0,42.90851654488018,12.119084846357573,7104.5383069019435,0.0019464564919110373,3.0,2.0,53.0,1h 22m 08.406s ( +01.423s ),18.0,McLaren
940,3.0,81,53.0,15.0,False,False,False,4929.112,2.129,1256,10006,Race,Suzuka,Japan,2025-04-06T05:00:00+00:00,Oscar PIASTRI,McLaren,,53.0,93.00907547169811,91.039,3.062510777683115,1.0,23.037,23.037,2.0,"['MEDIUM', 'HARD']",3.0,142.59200995564632,335.0,42.53888126615399,11.563866109320655,6985.508280417372,0.01576310667219758,3.0,3.0,53.0,1h 22m 09.112s ( +02.129s ),15.0,McLaren
941,4.0,16,53.0,12.0,False,False,False,4943.08,16.097,1256,10006,Race,Suzuka,Japan,2025-04-06T05:00:00+00:00,Charles LECLERC,Ferrari,,53.0,93.27354716981131,91.469,3.0840862165318073,1.0,23.346,23.346,2.0,"['MEDIUM', 'HARD']",4.0,141.95631641086186,319.0,59.07256134528862,25.106225469861833,7136.786591786592,0.0009572736845464119,3.0,4.0,53.0,1h 22m 23.080s ( +16.097s ),12.0,Ferrari
942,5.0,63,53.0,10.0,False,False,False,4944.345,17.362,1256,10006,Race,Suzuka,Japan,2025-04-06T05:00:00+00:00,George RUSSELL,Mercedes,,53.0,93.29762264150943,91.357,3.0448184310298436,1.0,23.184,23.184,2.0,"['MEDIUM', 'HARD']",5.0,144.43823989278536,330.0,48.817862726953635,16.21149366603912,7425.739781103417,0.01368901368901369,3.0,5.0,53.0,1h 22m 24.345s ( +17.362s ),10.0,Mercedes
943,6.0,12,53.0,8.0,False,False,False,4945.654,18.671,1256,10006,Race,Suzuka,Japan,2025-04-06T05:00:00+00:00,Kimi ANTONELLI,Mercedes,,53.0,93.32298113207548,90.965,3.4618442477660647,1.0,24.38,24.38,2.0,"['MEDIUM', 'HARD']",6.0,,,,,,,3.0,6.0,53.0,1h 22m 25.654s ( +18.671s ),8.0,Mercedes
944,7.0,44,53.0,6.0,False,False,False,4956.165,29.182,1256,10006,Race,Suzuka,Japan,2025-04-06T05:00:00+00:00,Lewis HAMILTON,Ferrari,,53.0,93.52245283018867,91.406,3.0574613436517155,1.0,22.937,22.937,2.0,"['HARD', 'MEDIUM']",8.0,,,,,,,3.0,7.0,53.0,1h 22m 36.165s ( +29.182s ),6.0,Ferrari
945,8.0,6,53.0,4.0,False,False,False,4964.117,37.134,1256,10006,Race,Suzuka,Japan,2025-04-06T05:00:00+00:00,Isack HADJAR,Racing Bulls,,53.0,93.66975471698113,91.317,3.4302684852627654,1.0,23.333,23.333,2.0,"['MEDIUM', 'HARD']",7.0,,,,,,,3.0,8.0,53.0,1h 22m 44.117s ( +37.134s ),4.0,Racing Bulls
946,9.0,23,53.0,2.0,False,False,False,4967.35,40.367,1256,10006,Race,Suzuka,Japan,2025-04-06T05:00:00+00:00,Alexander ALBON,Williams,,53.0,93.73130188679245,91.125,3.51139456508766,1.0,23.093,23.093,2.0,"['MEDIUM', 'HARD']",9.0,,,,,,,3.0,9.0,53.0,1h 22m 47.350s ( +40.367s ),2.0,Williams
947,10.0,87,53.0,1.0,False,False,False,4981.512,54.529,1256,10006,Race,Suzuka,Japan,2025-04-06T05:00:00+00:00,Oliver BEARMAN,Haas F1 Team,,53.0,94.00462264150943,92.006,3.3173704149893672,1.0,24.834,24.834,2.0,"['MEDIUM', 'HARD']",10.0,,,,,,,,,,,,
948,11.0,14,53.0,0.0,False,False,False,4984.316,57.333,1256,10006,Race,Suzuka,Japan,2025-04-06T05:00:00+00:00,Fernando ALONSO,Aston Martin,,53.0,94.05324528301887,91.77,3.6018369400245547,1.0,25.708,25.708,2.0,"['MEDIUM', 'HARD']",12.0,,,,,,,3.0,11.0,53.0,1h 23m 04.316s ( +57.333s ),0.0,Aston Martin
949,12.0,22,53.0,0.0,False,False,False,4985.384,58.401,1256,10006,Race,Suzuka,Japan,2025-04-06T05:00:00+00:00,Yuki TSUNODA,Red Bull Racing,,53.0,94.06984905660377,91.871,3.3990069273484247,1.0,24.181,24.181,2.0,"['MEDIUM', 'HARD']",14.0,,,,,,,3.0,12.0,53.0,1h 23m 05.384s ( +58.401s ),0.0,Red Bull
950,13.0,10,53.0,0.0,False,False,False,4989.105,62.122,1256,10006,Race,Suzuka,Japan,2025-04-06T05:00:00+00:00,Pierre GASLY,Alpine,,53.0,94.14266037735848,91.82,4.070601897203313,1.0,26.041,26.041,2.0,"['MEDIUM', 'HARD']",11.0,,,,,,,3.0,13.0,53.0,1h 23m 09.105s ( +1m 02.122s ),0.0,Alpine
951,14.0,55,53.0,0.0,False,False,False,5001.112,74.129,1256,10006,Race,Suzuka,Japan,2025-04-06T05:00:00+00:00,Carlos SAINZ,Williams,,53.0,94.36894339622641,91.106,3.3145114584615425,1.0,23.337,23.337,2.0,"['MEDIUM', 'SOFT']",15.0,,,,,,,3.0,14.0,53.0,1h 23m 21.112s ( +1m 14.129s ),0.0,Williams
952,15.0,7,53.0,0.0,False,False,False,5008.297,81.314,1256,10006,Race,Suzuka,Japan,2025-04-06T05:00:00+00:00,Jack DOOHAN,Alpine,,53.0,94.50330188679246,92.685,3.416691351545699,1.0,23.382,23.382,2.0,"['SOFT', 'HARD']",19.0,,,,,,,,,,,,
953,16.0,27,53.0,0.0,False,False,False,5008.94,81.957,1256,10006,Race,Suzuka,Japan,2025-04-06T05:00:00+00:00,Nico HULKENBERG,Kick Sauber,,53.0,94.51732075471698,92.572,3.3426476135265633,1.0,23.515,23.515,2.0,"['MEDIUM', 'HARD']",16.0,,,,,,,3.0,16.0,53.0,1h 23m 28.940s ( +1m 21.957s ),0.0,Kick Sauber
954,17.0,30,53.0,0.0,False,False,False,5009.717,82.734,1256,10006,Race,Suzuka,Japan,2025-04-06T05:00:00+00:00,Liam LAWSON,Racing Bulls,,53.0,94.53,92.043,3.27822257187782,1.0,23.662,23.662,2.0,"['MEDIUM', 'SOFT']",13.0,,,,,,,,,,,,
955,18.0,31,53.0,0.0,False,False,False,5010.421,83.438,1256,10006,Race,Suzuka,Japan,2025-04-06T05:00:00+00:00,Esteban OCON,Haas F1 Team,,53.0,94.54350943396226,91.967,3.4575315484552154,1.0,24.464,24.464,2.0,"['HARD', 'MEDIUM']",18.0,,,,,,,3.0,18.0,53.0,1h 23m 30.421s ( +1m 23.438s ),0.0,Haas
956,19.0,5,53.0,0.0,False,False,False,5010.88,83.897,1256,10006,Race,Suzuka,Japan,2025-04-06T05:00:00+00:00,Gabriel BORTOLETO,Kick Sauber,,53.0,94.55360377358491,92.034,3.6166251658121107,1.0,23.419,23.419,2.0,"['HARD', 'MEDIUM']",17.0,,,,,,,3.0,19.0,53.0,1h 23m 30.880s ( +1m 23.897s ),0.0,Kick Sauber
957,20.0,18,52.0,0.0,False,False,False,,+1 LAP,1256,10006,Race,Suzuka,Japan,2025-04-06T05:00:00+00:00,Lance STROLL,Aston Martin,,52.0,95.00548076923077,92.052,4.49802226034119,2.0,47.332,23.666,3.0,"['SOFT', 'HARD', 'MEDIUM']",20.0,,,,,,,3.0,20.0,52.0,,0.0,Aston Martin
958,1.0,81,57.0,25.0,False,False,False,5739.435,0,1257,10014,Race,Sakhir,Bahrain,2025-04-13T15:00:00+00:00,Oscar PIASTRI,McLaren,,57.0,100.7009649122807,95.14,12.678918663002479,2.0,49.397999999999996,24.698999999999998,3.0,"['SOFT', 'MEDIUM']",1.0,126.43559959002391,303.0,40.76779410089967,16.90729985195308,6900.909235850131,0.0,4.0,1,57.0,1h 35m 39.435s ( 193.339 km/h ),25.0,McLaren
959,2.0,63,57.0,18.0,False,False,False,5754.934,15.499,1257,10014,Race,Sakhir,Bahrain,2025-04-13T15:00:00+00:00,George RUSSELL,Mercedes,,57.0,100.97014035087719,95.518,11.761900594168134,2.0,48.144000000000005,24.072000000000003,3.0,"['SOFT', 'MEDIUM']",3.0,126.56104088372622,321.0,49.43972782143264,28.974832023687508,7418.328692631819,0.0032456440040997607,4.0,2,57.0,1h 35m 54.934s ( +15.499s ),18.0,Mercedes
960,3.0,4,57.0,15.0,False,False,False,5755.708,16.273,1257,10014,Race,Sakhir,Bahrain,2025-04-13T15:00:00+00:00,Lando NORRIS,McLaren,,57.0,100.98552631578947,95.728,11.725753387469796,2.0,53.857,26.9285,3.0,"['SOFT', 'MEDIUM']",6.0,126.82791690381332,331.0,41.2712578258395,18.319749573136026,6970.387393284007,0.04575981787137166,4.0,3,57.0,1h 35m 55.708s ( +16.273s ),15.0,McLaren
961,4.0,16,57.0,12.0,False,False,False,5759.114,19.679,1257,10014,Race,Sakhir,Bahrain,2025-04-13T15:00:00+00:00,Charles LECLERC,Ferrari,,57.0,101.04468421052633,96.132,11.743179347357788,2.0,49.043,24.5215,3.0,"['MEDIUM', 'HARD']",2.0,126.46499715424018,328.0,53.219977233921455,28.540466704610132,6858.511468412066,0.00742743312464428,4.0,4,57.0,1h 35m 59.114s ( +19.679s ),12.0,Ferrari
962,5.0,44,57.0,10.0,False,False,False,5767.428,27.993,1257,10014,Race,Sakhir,Bahrain,2025-04-13T15:00:00+00:00,Lewis HAMILTON,Ferrari,,57.0,101.19098245614035,96.235,10.708510514824889,2.0,48.69,24.345,3.0,"['MEDIUM', 'HARD']",9.0,128.6187222412026,337.0,52.949720988497894,27.015829632160347,6989.606906958205,0.02784420908780321,4.0,5,57.0,1h 36m 07.428s ( +27.993s ),10.0,Ferrari
963,6.0,1,57.0,8.0,False,False,False,5773.83,34.395,1257,10014,Race,Sakhir,Bahrain,2025-04-13T15:00:00+00:00,Max VERSTAPPEN,Red Bull Racing,,57.0,101.30217543859649,96.167,9.008881839850378,2.0,54.585,27.2925,3.0,"['SOFT', 'HARD', 'MEDIUM']",7.0,,,,,,,4.0,6,57.0,1h 36m 13.830s ( +34.395s ),8.0,Red Bull
964,7.0,10,57.0,6.0,False,False,False,5775.437,36.002,1257,10014,Race,Sakhir,Bahrain,2025-04-13T15:00:00+00:00,Pierre GASLY,Alpine,,57.0,101.32831578947368,96.531,9.201583530562813,2.0,49.991,24.9955,3.0,"['SOFT', 'MEDIUM', 'HARD']",4.0,,,,,,,4.0,7,57.0,1h 36m 15.437s ( +36.002s ),6.0,Alpine
965,8.0,31,57.0,4.0,False,False,False,5783.679,44.244,1257,10014,Race,Sakhir,Bahrain,2025-04-13T15:00:00+00:00,Esteban OCON,Haas F1 Team,,57.0,101.47370175438597,97.098,8.949665815718069,2.0,49.708,24.854,3.0,"['SOFT', 'MEDIUM', 'HARD']",14.0,,,,,,,4.0,8,57.0,1h 36m 23.679s ( +44.244s ),4.0,Haas
966,9.0,22,57.0,2.0,False,False,False,5784.496,45.061,1257,10014,Race,Sakhir,Bahrain,2025-04-13T15:00:00+00:00,Yuki TSUNODA,Red Bull Racing,,57.0,101.48919298245615,97.225,9.644404248131577,2.0,51.263999999999996,25.631999999999998,3.0,"['SOFT', 'MEDIUM']",10.0,,,,,,,4.0,9,57.0,1h 36m 24.496s ( +45.061s ),2.0,Red Bull
967,10.0,87,57.0,1.0,False,False,False,5787.029,47.594,1257,10014,Race,Sakhir,Bahrain,2025-04-13T15:00:00+00:00,Oliver BEARMAN,Haas F1 Team,,57.0,101.53342105263158,97.303,9.407910250626044,2.0,49.457,24.7285,3.0,"['SOFT', 'HARD']",20.0,,,,,,,,,,,,
968,11.0,12,57.0,0.0,False,False,False,5787.451,48.016,1257,10014,Race,Sakhir,Bahrain,2025-04-13T15:00:00+00:00,Kimi ANTONELLI,Mercedes,,57.0,101.54005263157896,96.69,9.69155859023174,3.0,74.006,24.668666666666667,4.0,"['SOFT', 'MEDIUM']",5.0,,,,,,,4.0,11,57.0,1h 36m 27.451s ( +48.016s ),0.0,Mercedes
969,12.0,23,57.0,0.0,False,False,False,5788.274,48.839,1257,10014,Race,Sakhir,Bahrain,2025-04-13T15:00:00+00:00,Alexander ALBON,Williams,,57.0,101.55607017543859,97.141,9.590268257196328,2.0,51.384,25.692,3.0,"['SOFT', 'HARD', 'MEDIUM']",15.0,,,,,,,4.0,12,57.0,1h 36m 28.274s ( +48.839s ),0.0,Williams
970,13.0,6,57.0,0.0,False,False,False,5795.749,56.314,1257,10014,Race,Sakhir,Bahrain,2025-04-13T15:00:00+00:00,Isack HADJAR,Racing Bulls,,57.0,101.68964912280703,96.952,8.09799582015563,2.0,49.905,24.9525,3.0,"['SOFT', 'MEDIUM', 'HARD']",12.0,,,,,,,4.0,13,57.0,1h 36m 35.749s ( +56.314s ),0.0,Racing Bulls
971,14.0,7,57.0,0.0,False,False,False,5797.241,57.806,1257,10014,Race,Sakhir,Bahrain,2025-04-13T15:00:00+00:00,Jack DOOHAN,Alpine,,57.0,101.62433333333334,96.682,8.582384082970131,2.0,49.884,24.942,3.0,"['SOFT', 'MEDIUM', 'HARD']",11.0,,,,,,,,,,,,
972,15.0,14,57.0,0.0,False,False,False,5799.775,60.34,1257,10014,Race,Sakhir,Bahrain,2025-04-13T15:00:00+00:00,Fernando ALONSO,Aston Martin,,57.0,101.75666666666667,97.906,9.1773960171043,2.0,49.672,24.836,3.0,"['MEDIUM', 'HARD']",13.0,,,,,,,4.0,15,57.0,1h 36m 39.775s ( +1m 00.340s ),0.0,Aston Martin
973,16.0,30,57.0,0.0,False,False,False,5803.87,64.435,1257,10014,Race,Sakhir,Bahrain,2025-04-13T15:00:00+00:00,Liam LAWSON,Racing Bulls,,57.0,101.56950877192982,97.38,9.056504274992495,2.0,49.433,24.7165,3.0,"['MEDIUM', 'HARD', 'SOFT']",17.0,,,,,,,,,,,,
974,17.0,18,57.0,0.0,False,False,False,5804.924,65.489,1257,10014,Race,Sakhir,Bahrain,2025-04-13T15:00:00+00:00,Lance STROLL,Aston Martin,,57.0,101.84649122807018,98.064,8.924168993170836,2.0,49.203,24.6015,3.0,"['SOFT', 'MEDIUM', 'HARD']",19.0,,,,,,,4.0,17,57.0,1h 36m 44.924s ( +1m 05.489s ),0.0,Aston Martin
975,18.0,5,57.0,0.0,False,False,False,5806.307,66.872,1257,10014,Race,Sakhir,Bahrain,2025-04-13T15:00:00+00:00,Gabriel BORTOLETO,Kick Sauber,,57.0,101.87385964912282,98.006,8.867365260240572,2.0,49.539,24.7695,3.0,"['MEDIUM', 'HARD']",18.0,,,,,,,4.0,18,57.0,1h 36m 46.307s ( +1m 06.872s ),0.0,Kick Sauber
976,,55,45.0,0.0,True,False,False,,,1257,10014,Race,Sakhir,Bahrain,2025-04-13T15:00:00+00:00,Carlos SAINZ,Williams,,46.0,103.48379999999999,96.954,11.40526605763559,3.0,86.031,28.677000000000003,4.0,"['SOFT', 'MEDIUM', 'HARD']",8.0,,,,,,,4.0,ab,45.0,Collision damage,0.0,Williams
977,,27,,0.0,False,False,True,,,1257,10014,Race,Sakhir,Bahrain,2025-04-13T15:00:00+00:00,Nico HULKENBERG,Kick Sauber,,57.0,101.63859649122806,97.338,7.882315037609846,2.0,48.4,24.2,3.0,"['SOFT', 'MEDIUM']",16.0,,,,,,,4.0,dsq,57.0,Rear skid thickness below minimum threshold  1h 36m 32.907s ( +53.472s ),0.0,Kick Sauber
978,1.0,81,50.0,25.0,False,False,False,4866.758,0,1258,10022,Race,Jeddah,Saudi Arabia,2025-04-20T17:00:00+00:00,Oscar PIASTRI,McLaren,,50.0,97.34468000000001,92.228,15.816959113868759,1.0,21.388,21.388,2.0,"['MEDIUM', 'HARD']",2.0,144.09283356607847,339.0,43.87311159070712,10.416402183572426,7031.6966802082015,0.009299225593500063,5.0,1,50.0,1h 21m 06.758s ( 228.164 km/h ),25.0,McLaren
979,2.0,1,50.0,18.0,False,False,False,4869.601,2.843,1258,10022,Race,Jeddah,Saudi Arabia,2025-04-20T17:00:00+00:00,Max VERSTAPPEN,Red Bull Racing,,50.0,97.40004,92.28,15.974692386882147,1.0,26.03,26.03,2.0,"['MEDIUM', 'HARD']",1.0,144.06731623714612,331.0,44.816173670179005,11.907705979433794,6926.588961533579,0.0032372730735051414,5.0,2,50.0,1h 21m 09.601s ( +02.843s ),18.0,Red Bull
980,3.0,16,50.0,15.0,False,False,False,4874.862,8.104,1258,10022,Race,Jeddah,Saudi Arabia,2025-04-20T17:00:00+00:00,Charles LECLERC,Ferrari,,50.0,97.50638000000001,92.192,15.62402095922448,1.0,20.131,20.131,2.0,"['MEDIUM', 'HARD']",4.0,143.6852545385299,340.0,57.30278024628666,23.941856036562143,7206.051637679319,0.003554652786593881,5.0,3,50.0,1h 21m 14.862s ( +08.104s ),15.0,Ferrari
981,4.0,4,50.0,12.0,False,False,False,4875.954,9.196,1258,10022,Race,Jeddah,Saudi Arabia,2025-04-20T17:00:00+00:00,Lando NORRIS,McLaren,,50.0,97.52683999999999,91.778,15.355634892555546,1.0,20.427,20.427,2.0,"['HARD', 'MEDIUM']",10.0,143.62828488003046,334.0,43.75425288815539,11.743049384283356,7096.3275358639075,0.015361178113494986,5.0,4,50.0,1h 21m 15.954s ( +09.196s ),12.0,McLaren
982,5.0,63,50.0,10.0,False,False,False,4893.994,27.236,1258,10022,Race,Jeddah,Saudi Arabia,2025-04-20T17:00:00+00:00,George RUSSELL,Mercedes,,50.0,97.88860000000001,92.893,15.548531415657024,1.0,20.329,20.329,2.0,"['MEDIUM', 'HARD']",3.0,143.20864542338452,335.0,43.99019296686556,9.740764250349118,6950.390916592612,0.002443823790783293,5.0,5,50.0,1h 21m 33.994s ( +27.236s ),10.0,Mercedes
983,6.0,12,50.0,8.0,False,False,False,4901.446,34.688,1258,10022,Race,Jeddah,Saudi Arabia,2025-04-20T17:00:00+00:00,Kimi ANTONELLI,Mercedes,,50.0,98.03914,92.396,15.469043367134429,1.0,20.399,20.399,2.0,"['MEDIUM', 'HARD']",5.0,,,,,,,5.0,6,50.0,1h 21m 41.446s ( +34.688s ),8.0,Mercedes
984,7.0,44,50.0,6.0,False,False,False,4905.831,39.073,1258,10022,Race,Jeddah,Saudi Arabia,2025-04-20T17:00:00+00:00,Lewis HAMILTON,Ferrari,,50.0,98.12469999999999,92.6,15.339186609691488,1.0,20.144,20.144,2.0,"['MEDIUM', 'HARD']",7.0,,,,,,,5.0,7,50.0,1h 21m 45.831s ( +39.073s ),6.0,Ferrari
985,8.0,55,50.0,4.0,False,False,False,4931.388,64.63,1258,10022,Race,Jeddah,Saudi Arabia,2025-04-20T17:00:00+00:00,Carlos SAINZ,Williams,,50.0,98.63784,92.466,15.267802844160752,1.0,24.148,24.148,2.0,"['MEDIUM', 'HARD']",6.0,,,,,,,5.0,8,50.0,1h 22m 11.388s ( +1m 04.630s ),4.0,Williams
986,9.0,23,50.0,2.0,False,False,False,4933.273,66.515,1258,10022,Race,Jeddah,Saudi Arabia,2025-04-20T17:00:00+00:00,Alexander ALBON,Williams,,50.0,98.67443999999999,93.477,15.110787864439162,1.0,22.135,22.135,2.0,"['MEDIUM', 'HARD']",11.0,,,,,,,5.0,9,50.0,1h 22m 13.273s ( +1m 06.515s ),2.0,Williams
987,10.0,6,50.0,1.0,False,False,False,4933.849,67.091,1258,10022,Race,Jeddah,Saudi Arabia,2025-04-20T17:00:00+00:00,Isack HADJAR,Racing Bulls,,50.0,98.68325999999999,93.257,14.96949690756888,1.0,20.827,20.827,2.0,"['HARD', 'MEDIUM']",14.0,,,,,,,5.0,10,50.0,1h 22m 13.849s ( +1m 07.091s ),1.0,Racing Bulls
988,11.0,14,50.0,0.0,False,False,False,4942.675,75.917,1258,10022,Race,Jeddah,Saudi Arabia,2025-04-20T17:00:00+00:00,Fernando ALONSO,Aston Martin,,50.0,98.86417999999999,93.009,15.03692178210768,1.0,21.891,21.891,2.0,"['MEDIUM', 'HARD']",13.0,,,,,,,5.0,11,50.0,1h 22m 22.675s ( +1m 15.917s ),0.0,Aston Martin
989,12.0,30,50.0,0.0,False,False,False,4945.209,78.451,1258,10022,Race,Jeddah,Saudi Arabia,2025-04-20T17:00:00+00:00,Liam LAWSON,Racing Bulls,,50.0,98.71438,92.998,14.989594702407716,1.0,20.534,20.534,2.0,"['MEDIUM', 'HARD']",12.0,,,,,,,,,,,,
990,13.0,87,50.0,0.0,False,False,False,4945.952,79.194,1258,10022,Race,Jeddah,Saudi Arabia,2025-04-20T17:00:00+00:00,Oliver BEARMAN,Haas F1 Team,,50.0,98.92732,93.238,14.959321248707802,1.0,22.095,22.095,2.0,"['MEDIUM', 'HARD']",15.0,,,,,,,,,,,,
991,14.0,31,50.0,0.0,False,False,False,4966.481,99.723,1258,10022,Race,Jeddah,Saudi Arabia,2025-04-20T17:00:00+00:00,Esteban OCON,Haas F1 Team,,50.0,99.33879999999999,94.309,14.713209548718112,1.0,21.512,21.512,2.0,"['MEDIUM', 'HARD']",19.0,,,,,,,5.0,14,50.0,1h 22m 46.481s ( +1m 39.723s ),0.0,Haas
992,15.0,27,49.0,0.0,False,False,False,,+1 LAP,1258,10022,Race,Jeddah,Saudi Arabia,2025-04-20T17:00:00+00:00,Nico HULKENBERG,Kick Sauber,,49.0,99.42424489795917,93.446,14.943601337655378,1.0,20.441,20.441,2.0,"['HARD', 'MEDIUM']",18.0,,,,,,,5.0,15,49.0,,0.0,Kick Sauber
993,16.0,18,49.0,0.0,False,False,False,,+1 LAP,1258,10022,Race,Jeddah,Saudi Arabia,2025-04-20T17:00:00+00:00,Lance STROLL,Aston Martin,,49.0,99.44436734693878,92.745,14.957430505289944,1.0,20.487,20.487,2.0,"['HARD', 'MEDIUM']",16.0,,,,,,,5.0,16,49.0,,0.0,Aston Martin
994,17.0,7,49.0,0.0,False,False,False,,+1 LAP,1258,10022,Race,Jeddah,Saudi Arabia,2025-04-20T17:00:00+00:00,Jack DOOHAN,Alpine,,49.0,99.72110204081632,93.15,14.969467955983076,2.0,42.092,21.046,3.0,"['MEDIUM', 'HARD']",17.0,,,,,,,,,,,,
995,18.0,5,49.0,0.0,False,False,False,,+1 LAP,1258,10022,Race,Jeddah,Saudi Arabia,2025-04-20T17:00:00+00:00,Gabriel BORTOLETO,Kick Sauber,,49.0,99.72183673469388,94.447,14.796363445887273,1.0,21.854,21.854,2.0,"['MEDIUM', 'HARD']",20.0,,,,,,,5.0,18,49.0,,0.0,Kick Sauber
996,,22,1.0,0.0,True,False,False,,,1258,10022,Race,Jeddah,Saudi Arabia,2025-04-20T17:00:00+00:00,Yuki TSUNODA,Red Bull Racing,,2.0,166.056,166.056,,,,,1.0,['MEDIUM'],8.0,,,,,,,5.0,ab,1.0,Collision,0.0,Red Bull
997,,10,0.0,0.0,True,False,False,,,1258,10022,Race,Jeddah,Saudi Arabia,2025-04-20T17:00:00+00:00,Pierre GASLY,Alpine,,1.0,,,,,,,1.0,['MEDIUM'],9.0,,,,,,,5.0,ab,0.0,Collision,0.0,Alpine
998,1.0,81,57.0,25.0,False,False,False,5331.587,0,1259,10033,Race,Miami,United States,2025-05-04T20:00:00+00:00,Oscar PIASTRI,McLaren,,57.0,92.88521212121212,89.822,7.15665067768076,1.0,22.106,22.106,2.0,"['MEDIUM', 'HARD']",4.0,134.19045604279367,341.0,48.07724621475415,20.797848227507632,6945.914170872496,0.012209495602768291,6.0,1,57.0,1h 28m 51.587s ( 208.188 km/h ),25.0,McLaren
999,2.0,4,57.0,18.0,False,False,False,5336.217,4.63,1259,10033,Race,Miami,United States,2025-05-04T20:00:00+00:00,Lando NORRIS,McLaren,,57.0,92.76369696969698,89.746,7.380125869035227,1.0,22.044,22.044,2.0,"['MEDIUM', 'HARD']",2.0,133.935960591133,352.0,39.87204206836109,12.566109583245186,6820.421227598295,0.018586237118075492,6.0,2,57.0,1h 28m 56.217s ( +04.630s ),18.0,McLaren
1000,3.0,63,57.0,15.0,False,False,False,5369.231,37.644,1259,10033,Race,Miami,United States,2025-05-04T20:00:00+00:00,George RUSSELL,Mercedes,,57.0,93.44190909090909,90.318,8.280384873164248,1.0,24.257,24.257,2.0,"['HARD', 'MEDIUM']",5.0,133.26464988364714,340.0,40.107044637190604,12.083411405603071,6689.207470760676,0.007464716370999426,6.0,3,57.0,1h 29m 29.231s ( +37.644s ),15.0,Mercedes
1001,4.0,1,57.0,12.0,False,False,False,5371.543,39.956,1259,10033,Race,Miami,United States,2025-05-04T20:00:00+00:00,Max VERSTAPPEN,Red Bull Racing,,57.0,93.61621212121213,90.466,7.869352473987199,1.0,22.501,22.501,2.0,"['MEDIUM', 'HARD']",1.0,133.58892683369095,336.0,40.840702348212396,13.116141315845145,6668.546072712987,0.003535918280999728,6.0,4,57.0,1h 29m 31.543s ( +39.956s ),12.0,Red Bull
1002,5.0,23,57.0,10.0,False,False,False,5379.654,48.067,1259,10033,Race,Miami,United States,2025-05-04T20:00:00+00:00,Alexander ALBON,Williams,,57.0,93.72633333333333,90.482,7.825435821196589,1.0,21.906,21.906,2.0,"['MEDIUM', 'HARD']",7.0,135.70228776934934,346.0,42.52050530387742,17.59001480854665,6785.406902596029,0.025718516727613407,6.0,5,57.0,1h 29m 39.654s ( +48.067s ),10.0,Williams
1003,6.0,12,57.0,8.0,False,False,False,5387.089,55.502,1259,10033,Race,Miami,United States,2025-05-04T20:00:00+00:00,Kimi ANTONELLI,Mercedes,,57.0,94.02281818181818,90.795,8.018342996118902,1.0,24.383,24.383,2.0,"['MEDIUM', 'HARD']",3.0,,,,,,,6.0,6,57.0,1h 29m 47.089s ( +55.502s ),8.0,Mercedes
1004,7.0,16,57.0,6.0,False,False,False,5388.623,57.036,1259,10033,Race,Miami,United States,2025-05-04T20:00:00+00:00,Charles LECLERC,Ferrari,,57.0,93.84184848484848,90.461,8.839387846880332,1.0,22.183,22.183,2.0,"['MEDIUM', 'HARD']",8.0,,,,,,,6.0,7,57.0,1h 29m 48.623s ( +57.036s ),6.0,Ferrari
1005,8.0,44,57.0,4.0,False,False,False,5391.773,60.186,1259,10033,Race,Miami,United States,2025-05-04T20:00:00+00:00,Lewis HAMILTON,Ferrari,,57.0,93.6634705882353,90.562,8.962260068164266,1.0,23.104,23.104,2.0,"['HARD', 'MEDIUM']",12.0,,,,,,,6.0,8,57.0,1h 29m 51.773s ( +1m 00.186s ),4.0,Ferrari
1006,9.0,55,57.0,2.0,False,False,False,5392.164,60.577,1259,10033,Race,Miami,United States,2025-05-04T20:00:00+00:00,Carlos SAINZ,Williams,,57.0,93.99154545454546,90.703,8.149099106998387,1.0,22.415,22.415,2.0,"['MEDIUM', 'HARD']",6.0,,,,,,,6.0,9,57.0,1h 29m 52.164s ( +1m 00.577s ),2.0,Williams
1007,10.0,22,57.0,1.0,False,False,False,5406.021,74.434,1259,10033,Race,Miami,United States,2025-05-04T20:00:00+00:00,Yuki TSUNODA,Red Bull Racing,,57.0,94.12484848484848,90.964,8.063799864677673,1.0,22.56,22.56,2.0,"['MEDIUM', 'HARD']",10.0,,,,,,,6.0,10,57.0,1h 30m 06.021s ( +1m 14.434s ),1.0,Red Bull
1008,11.0,6,57.0,0.0,False,False,False,5406.189,74.602,1259,10033,Race,Miami,United States,2025-05-04T20:00:00+00:00,Isack HADJAR,Racing Bulls,,57.0,93.51226470588234,90.971,6.663086009517791,1.0,22.115,22.115,2.0,"['MEDIUM', 'HARD']",11.0,,,,,,,6.0,11,57.0,1h 30m 06.189s ( +1m 14.602s ),0.0,Racing Bulls
1009,12.0,31,57.0,0.0,False,False,False,5413.593,82.006,1259,10033,Race,Miami,United States,2025-05-04T20:00:00+00:00,Esteban OCON,Haas F1 Team,,57.0,94.13073529411766,91.122,6.876911654042424,1.0,23.162,23.162,2.0,"['MEDIUM', 'HARD']",9.0,,,,,,,6.0,12,57.0,1h 30m 13.593s ( +1m 22.006s ),0.0,Haas
1010,13.0,10,57.0,0.0,False,False,False,5422.032,90.445,1259,10033,Race,Miami,United States,2025-05-04T20:00:00+00:00,Pierre GASLY,Alpine,,57.0,94.24488235294118,91.159,7.6013562337125355,1.0,22.06,22.06,2.0,"['HARD', 'MEDIUM']",20.0,,,,,,,6.0,13,57.0,1h 30m 22.032s ( +1m 30.445s ),0.0,Alpine
1011,14.0,27,56.0,0.0,False,False,False,,+1 LAP,1259,10033,Race,Miami,United States,2025-05-04T20:00:00+00:00,Nico HULKENBERG,Kick Sauber,,56.0,94.51563636363636,91.015,7.734923859588812,1.0,22.108,22.108,2.0,"['HARD', 'MEDIUM']",16.0,,,,,,,6.0,14,56.0,,0.0,Kick Sauber
1012,15.0,14,56.0,0.0,False,False,False,,+1 LAP,1259,10033,Race,Miami,United States,2025-05-04T20:00:00+00:00,Fernando ALONSO,Aston Martin,,56.0,94.91554545454547,91.287,7.524941432873871,1.0,23.602,23.602,2.0,"['HARD', 'MEDIUM']",17.0,,,,,,,6.0,15,56.0,,0.0,Aston Martin
1013,16.0,18,56.0,0.0,False,False,False,,+1 LAP,1259,10033,Race,Miami,United States,2025-05-04T20:00:00+00:00,Lance STROLL,Aston Martin,,56.0,94.6189696969697,91.769,6.161112249854161,1.0,22.317,22.317,2.0,"['MEDIUM', 'HARD']",18.0,,,,,,,6.0,16,56.0,,0.0,Aston Martin
1014,,30,36.0,0.0,True,False,False,,,1259,10033,Race,Miami,United States,2025-05-04T20:00:00+00:00,Liam LAWSON,Racing Bulls,,37.0,100.32038461538461,91.77,10.056806936419251,1.0,22.439,22.439,2.0,"['HARD', 'MEDIUM']",15.0,,,,,,,,,,,,
1015,,5,30.0,0.0,True,False,False,,,1259,10033,Race,Miami,United States,2025-05-04T20:00:00+00:00,Gabriel BORTOLETO,Kick Sauber,,31.0,102.15142857142858,92.42,12.57035184945304,1.0,22.188,22.188,2.0,"['MEDIUM', 'HARD']",13.0,,,,,,,6.0,ab,30.0,Fuel injection,0.0,Kick Sauber
1016,,87,27.0,0.0,True,False,False,,,1259,10033,Race,Miami,United States,2025-05-04T20:00:00+00:00,Oliver BEARMAN,Haas F1 Team,,28.0,93.3695,92.68,0.6386472683205712,,,,1.0,['HARD'],19.0,,,,,,,,,,,,
1017,,7,0.0,0.0,True,False,False,,,1259,10033,Race,Miami,United States,2025-05-04T20:00:00+00:00,Jack DOOHAN,Alpine,,,,,,,,,1.0,['MEDIUM'],14.0,,,,,,,,,,,,
1018,1.0,1,63.0,25.0,False,False,False,5493.199,0,1260,9987,Race,Imola,Italy,2025-05-18T13:00:00+00:00,Max VERSTAPPEN,Red Bull Racing,,63.0,87.20022222222221,77.988,16.409080225687436,2.0,59.647999999999996,29.823999999999998,3.0,"['MEDIUM', 'HARD']",2.0,135.4157534039791,311.0,41.30311264076322,15.186788636295022,7129.342813150983,0.0,7.0,1,63.0,1h 31m 33.199s ( 202.538 km/h ),25.0,Red Bull
1019,2.0,4,63.0,18.0,False,False,False,5499.308,6.109,1260,9987,Race,Imola,Italy,2025-05-18T13:00:00+00:00,Lando NORRIS,McLaren,,63.0,87.29671428571429,78.311,15.447686919895647,2.0,61.188,30.594,3.0,"['MEDIUM', 'HARD']",4.0,133.74208254083266,331.0,39.986263321559036,13.486097273797663,7173.483591462126,0.011774295806539263,7.0,2,63.0,1h 31m 39.308s ( +06.109s ),18.0,McLaren
1020,3.0,81,63.0,15.0,False,False,False,5506.155,12.956,1260,9987,Race,Imola,Italy,2025-05-18T13:00:00+00:00,Oscar PIASTRI,McLaren,,63.0,87.40538095238095,78.894,14.545238955475753,2.0,61.582,30.791,3.0,"['MEDIUM', 'HARD']",1.0,133.79962563777437,336.0,39.65513389487667,13.474021072970444,7169.958518250159,0.008151435558373336,7.0,3,63.0,1h 31m 46.155s ( +12.956s ),15.0,McLaren
1021,4.0,44,63.0,12.0,False,False,False,5507.555,14.356,1260,9987,Race,Imola,Italy,2025-05-18T13:00:00+00:00,Lewis HAMILTON,Ferrari,,63.0,87.4285873015873,78.265,14.844144137732279,2.0,59.899,29.9495,3.0,"['HARD', 'MEDIUM']",12.0,133.60139480119554,347.0,44.35165896808864,20.45660115327718,6906.97708540893,0.03390393382241947,7.0,4,63.0,1h 31m 47.555s ( +14.356s ),12.0,Ferrari
1022,5.0,23,63.0,10.0,False,False,False,5511.144,17.945,1260,9987,Race,Imola,Italy,2025-05-18T13:00:00+00:00,Alexander ALBON,Williams,,63.0,87.48488888888889,78.289,14.486707485753202,2.0,60.257000000000005,30.128500000000003,3.0,"['MEDIUM', 'HARD']",7.0,131.5190351115539,336.0,42.98396884340187,18.67995048757661,6967.277601666516,0.017963348730489388,7.0,5,63.0,1h 31m 51.144s ( +17.945s ),10.0,Williams
1023,6.0,16,63.0,8.0,False,False,False,5513.973,20.774,1260,9987,Race,Imola,Italy,2025-05-18T13:00:00+00:00,Charles LECLERC,Ferrari,,63.0,87.52869841269842,79.048,14.736375289250837,2.0,61.532,30.766,3.0,"['MEDIUM', 'HARD']",11.0,,,,,,,7.0,6,63.0,1h 31m 53.973s ( +20.774s ),8.0,Ferrari
1024,7.0,63,63.0,6.0,False,False,False,5515.233,22.034,1260,9987,Race,Imola,Italy,2025-05-18T13:00:00+00:00,George RUSSELL,Mercedes,,63.0,87.54877777777779,79.733,14.176628196236827,2.0,60.538,30.269,3.0,"['MEDIUM', 'HARD']",3.0,,,,,,,7.0,7,63.0,1h 31m 55.233s ( +22.034s ),6.0,Mercedes
1025,8.0,55,63.0,4.0,False,False,False,5516.097,22.898,1260,9987,Race,Imola,Italy,2025-05-18T13:00:00+00:00,Carlos SAINZ,Williams,,63.0,87.56244444444445,79.836,13.637058115933495,2.0,60.715,30.3575,3.0,"['MEDIUM', 'HARD']",6.0,,,,,,,7.0,8,63.0,1h 31m 56.097s ( +22.898s ),4.0,Williams
1026,9.0,6,63.0,2.0,False,False,False,5516.785,23.586,1260,9987,Race,Imola,Italy,2025-05-18T13:00:00+00:00,Isack HADJAR,Racing Bulls,,63.0,87.57495238095238,79.473,14.340185942048826,2.0,60.219,30.1095,3.0,"['MEDIUM', 'HARD']",9.0,,,,,,,7.0,9,63.0,1h 31m 56.785s ( +23.586s ),2.0,Racing Bulls
1027,10.0,22,63.0,1.0,False,False,False,5519.645,26.446,1260,9987,Race,Imola,Italy,2025-05-18T13:00:00+00:00,Yuki TSUNODA,Red Bull Racing,,63.0,87.61738095238096,80.039,13.113820120119735,1.0,29.807,29.807,2.0,"['HARD', 'MEDIUM']",20.0,,,,,,,7.0,10,63.0,1h 31m 59.645s ( +26.446s ),1.0,Red Bull
1028,11.0,14,63.0,0.0,False,False,False,5520.449,27.25,1260,9987,Race,Imola,Italy,2025-05-18T13:00:00+00:00,Fernando ALONSO,Aston Martin,,63.0,87.63214285714285,79.894,12.725627657829467,2.0,61.049,30.5245,3.0,"['MEDIUM', 'HARD']",5.0,,,,,,,7.0,11,63.0,1h 32m 00.449s ( +27.250s ),0.0,Aston Martin
1029,12.0,27,63.0,0.0,False,False,False,5523.495,30.296,1260,9987,Race,Imola,Italy,2025-05-18T13:00:00+00:00,Nico HULKENBERG,Kick Sauber,,63.0,87.67911111111111,80.401,13.179136002704341,1.0,30.184,30.184,2.0,"['HARD', 'MEDIUM']",17.0,,,,,,,7.0,12,63.0,1h 32m 03.495s ( +30.296s ),0.0,Kick Sauber
1030,13.0,10,63.0,0.0,False,False,False,5524.623,31.424,1260,9987,Race,Imola,Italy,2025-05-18T13:00:00+00:00,Pierre GASLY,Alpine,,63.0,87.69684126984127,80.398,13.142865999624126,2.0,63.491,31.7455,3.0,"['MEDIUM', 'HARD']",10.0,,,,,,,7.0,13,63.0,1h 32m 04.623s ( +31.424s ),0.0,Alpine
1031,14.0,30,63.0,0.0,False,False,False,5525.71,32.511,1260,9987,Race,Imola,Italy,2025-05-18T13:00:00+00:00,Liam LAWSON,Racing Bulls,,63.0,87.71595238095239,80.473,13.000648236230838,2.0,59.986000000000004,29.993000000000002,3.0,"['MEDIUM', 'HARD']",15.0,,,,,,,,,,,,
1032,15.0,18,63.0,0.0,False,False,False,5526.192,32.993,1260,9987,Race,Imola,Italy,2025-05-18T13:00:00+00:00,Lance STROLL,Aston Martin,,63.0,87.72230158730159,80.501,12.614564637284285,2.0,65.714,32.857,3.0,"['MEDIUM', 'HARD']",8.0,,,,,,,7.0,15,63.0,1h 32m 06.192s ( +32.993s ),0.0,Aston Martin
1033,16.0,43,63.0,0.0,False,False,False,5526.61,33.411,1260,9987,Race,Imola,Italy,2025-05-18T13:00:00+00:00,Franco COLAPINTO,Alpine,,63.0,87.72863492063493,80.345,12.408625733350721,2.0,61.424,30.712,3.0,"['MEDIUM', 'HARD']",16.0,,,,,,,7.0,16,63.0,1h 32m 06.610s ( +33.411s ),0.0,Alpine
1034,17.0,87,63.0,0.0,False,False,False,5527.007,33.808,1260,9987,Race,Imola,Italy,2025-05-18T13:00:00+00:00,Oliver BEARMAN,Haas F1 Team,,63.0,87.73374603174602,79.521,14.354238772603424,2.0,88.17099999999999,44.085499999999996,3.0,"['HARD', 'MEDIUM']",19.0,,,,,,,,,,,,
1035,18.0,5,63.0,0.0,False,False,False,5531.771,38.572,1260,9987,Race,Imola,Italy,2025-05-18T13:00:00+00:00,Gabriel BORTOLETO,Kick Sauber,,63.0,87.81277777777778,80.63,12.99646505716377,3.0,91.428,30.476,4.0,"['MEDIUM', 'HARD']",14.0,,,,,,,7.0,18,63.0,1h 32m 11.771s ( +38.572s ),0.0,Kick Sauber
1036,,12,44.0,0.0,True,False,False,,,1260,9987,Race,Imola,Italy,2025-05-18T13:00:00+00:00,Kimi ANTONELLI,Mercedes,,45.0,83.86670454545455,80.62,8.448825482098423,1.0,30.051,30.051,2.0,"['HARD', 'MEDIUM']",13.0,,,,,,,7.0,ab,44.0,Throttle,0.0,Mercedes
1037,,31,27.0,0.0,True,False,False,,,1260,9987,Race,Imola,Italy,2025-05-18T13:00:00+00:00,Esteban OCON,Haas F1 Team,,28.0,83.80477777777777,81.413,5.02681251913816,1.0,30.506,30.506,2.0,"['MEDIUM', 'HARD']",18.0,,,,,,,7.0,ab,27.0,Engine,0.0,Haas
1038,1.0,4,78.0,25.0,False,False,False,6033.843,0,1261,9979,Race,Monte Carlo,Monaco,2025-05-25T13:00:00+00:00,Lando NORRIS,McLaren,,78.0,77.362,73.221,6.390947485798475,2.0,48.249,24.1245,3.0,"['MEDIUM', 'HARD']",1.0,103.82203752891783,289.0,31.05917801959272,19.772655870676605,6822.892725559078,0.0017422100362722418,8.0,1,78.0,1h 40m 33.843s ( 155.296 km/h ),25.0,McLaren
1039,2.0,16,78.0,18.0,False,False,False,6036.974,3.131,1261,9979,Race,Monte Carlo,Monaco,2025-05-25T13:00:00+00:00,Charles LECLERC,Ferrari,,78.0,77.40291025641025,74.055,6.420150033012234,2.0,47.254000000000005,23.627000000000002,3.0,"['MEDIUM', 'HARD']",2.0,103.54702539056922,291.0,37.80053123125696,25.998000742581326,6672.79661839888,0.012566760917373547,8.0,2,78.0,1h 40m 36.974s ( +03.131s ),18.0,Ferrari
1040,3.0,81,78.0,15.0,False,False,False,6037.501,3.658,1261,9979,Race,Monte Carlo,Monaco,2025-05-25T13:00:00+00:00,Oscar PIASTRI,McLaren,,78.0,77.40994871794871,73.745,6.508273956544842,2.0,49.664,24.832,3.0,"['MEDIUM', 'HARD']",3.0,104.01862165481393,292.0,31.27855368006169,19.772655870676605,6780.415702738983,0.005055265187216177,8.0,3,78.0,1h 40m 37.501s ( +03.658s ),15.0,McLaren
1041,4.0,1,78.0,12.0,False,False,False,6054.415,20.572,1261,9979,Race,Monte Carlo,Monaco,2025-05-25T13:00:00+00:00,Max VERSTAPPEN,Red Bull Racing,,78.0,77.62564102564103,74.23,6.491414245634373,2.0,48.064,24.032,3.0,"['HARD', 'MEDIUM', 'SOFT']",4.0,104.94330677177048,288.0,31.769142889783794,20.92959757804244,6670.6079170593775,0.00456973124268129,8.0,4,78.0,1h 40m 54.415s ( +20.572s ),12.0,Red Bull
1042,5.0,44,78.0,10.0,False,False,False,6085.23,51.387,1261,9979,Race,Monte Carlo,Monaco,2025-05-25T13:00:00+00:00,Lewis HAMILTON,Ferrari,,78.0,78.02037179487179,74.09,6.611765638615253,2.0,47.821,23.9105,3.0,"['HARD', 'MEDIUM']",7.0,103.6243680918516,290.0,36.985976637249024,25.49395938651358,6488.364121897581,0.0032844943306771773,8.0,5,78.0,1h 41m 25.230s ( +51.387s ),10.0,Ferrari
1043,6.0,6,77.0,8.0,False,False,False,,+1 LAP,1261,9979,Race,Monte Carlo,Monaco,2025-05-25T13:00:00+00:00,Isack HADJAR,Racing Bulls,,77.0,79.21203896103897,75.981,6.153142495038741,2.0,48.342,24.171,3.0,"['MEDIUM', 'SOFT', 'HARD']",5.0,,,,,,,8.0,6,77.0,,8.0,Racing Bulls
1044,7.0,31,77.0,6.0,False,False,False,,+1 LAP,1261,9979,Race,Monte Carlo,Monaco,2025-05-25T13:00:00+00:00,Esteban OCON,Haas F1 Team,,77.0,79.22481818181818,75.157,6.405980139327205,2.0,50.348,25.174,3.0,"['MEDIUM', 'HARD']",8.0,,,,,,,8.0,7,77.0,,6.0,Haas
1045,8.0,30,77.0,4.0,False,False,False,,+1 LAP,1261,9979,Race,Monte Carlo,Monaco,2025-05-25T13:00:00+00:00,Liam LAWSON,Racing Bulls,,77.0,79.23494805194805,75.321,6.488877248386987,2.0,48.525999999999996,24.262999999999998,3.0,"['MEDIUM', 'SOFT', 'HARD']",9.0,,,,,,,,,,,,
1046,9.0,23,76.0,2.0,False,False,False,,+2 LAPS,1261,9979,Race,Monte Carlo,Monaco,2025-05-25T13:00:00+00:00,Alexander ALBON,Williams,,76.0,79.55515789473684,74.597,6.527805228002512,2.0,48.117000000000004,24.058500000000002,3.0,"['MEDIUM', 'HARD']",10.0,,,,,,,8.0,9,76.0,,2.0,Williams
1047,10.0,55,76.0,1.0,False,False,False,,+2 LAPS,1261,9979,Race,Monte Carlo,Monaco,2025-05-25T13:00:00+00:00,Carlos SAINZ,Williams,,76.0,79.59917105263158,73.988,6.529833687291299,2.0,48.547,24.2735,3.0,"['HARD', 'MEDIUM']",11.0,,,,,,,8.0,10,76.0,,1.0,Williams
1048,11.0,63,76.0,0.0,False,False,False,,+2 LAPS,1261,9979,Race,Monte Carlo,Monaco,2025-05-25T13:00:00+00:00,George RUSSELL,Mercedes,,76.0,79.84307894736841,73.405,6.6686088899423,3.0,68.488,22.829333333333334,3.0,"['HARD', 'MEDIUM']",14.0,,,,,,,8.0,11,76.0,,0.0,Mercedes
1049,12.0,87,76.0,0.0,False,False,False,,+2 LAPS,1261,9979,Race,Monte Carlo,Monaco,2025-05-25T13:00:00+00:00,Oliver BEARMAN,Haas F1 Team,,76.0,80.11652631578947,74.855,9.11332702580668,2.0,74.771,37.3855,3.0,"['MEDIUM', 'HARD']",20.0,,,,,,,,,,,,
1050,13.0,43,76.0,0.0,False,False,False,,+2 LAPS,1261,9979,Race,Monte Carlo,Monaco,2025-05-25T13:00:00+00:00,Franco COLAPINTO,Alpine,,76.0,80.15057894736842,75.298,6.54872895609147,2.0,48.852000000000004,24.426000000000002,3.0,"['HARD', 'MEDIUM']",18.0,,,,,,,8.0,13,76.0,,0.0,Alpine
1051,14.0,5,76.0,0.0,False,False,False,,+2 LAPS,1261,9979,Race,Monte Carlo,Monaco,2025-05-25T13:00:00+00:00,Gabriel BORTOLETO,Kick Sauber,,76.0,80.29853947368422,74.884,9.685594144488721,3.0,85.97200000000001,28.657333333333337,4.0,"['MEDIUM', 'HARD', 'SOFT']",16.0,,,,,,,8.0,14,76.0,,0.0,Kick Sauber
1052,15.0,18,76.0,0.0,False,False,False,,+2 LAPS,1261,9979,Race,Monte Carlo,Monaco,2025-05-25T13:00:00+00:00,Lance STROLL,Aston Martin,,76.0,80.32348684210527,74.877,6.649241940739655,2.0,49.894000000000005,24.947000000000003,3.0,"['HARD', 'MEDIUM']",19.0,,,,,,,8.0,15,76.0,,0.0,Aston Martin
1053,16.0,27,76.0,0.0,False,False,False,,+2 LAPS,1261,9979,Race,Monte Carlo,Monaco,2025-05-25T13:00:00+00:00,Nico HULKENBERG,Kick Sauber,,76.0,80.3394342105263,75.223,6.451238684853269,2.0,48.462,24.231,3.0,"['MEDIUM', 'HARD', 'SOFT']",13.0,,,,,,,8.0,16,76.0,,0.0,Kick Sauber
1054,17.0,22,76.0,0.0,False,False,False,,+2 LAPS,1261,9979,Race,Monte Carlo,Monaco,2025-05-25T13:00:00+00:00,Yuki TSUNODA,Red Bull Racing,,76.0,80.34426315789473,74.913,6.509082137789561,2.0,48.611,24.3055,3.0,"['SOFT', 'HARD', 'MEDIUM']",12.0,,,,,,,8.0,17,76.0,,0.0,Red Bull
1055,18.0,12,75.0,0.0,False,False,False,,+3 LAPS,1261,9979,Race,Monte Carlo,Monaco,2025-05-25T13:00:00+00:00,Kimi ANTONELLI,Mercedes,,75.0,80.56905333333333,73.518,6.270331856585558,2.0,49.294,24.647,3.0,"['HARD', 'MEDIUM']",15.0,,,,,,,8.0,18,75.0,,0.0,Mercedes
1056,,14,36.0,0.0,True,False,False,,,1261,9979,Race,Monte Carlo,Monaco,2025-05-25T13:00:00+00:00,Fernando ALONSO,Aston Martin,,37.0,80.764,75.593,8.424729591251834,1.0,25.375,25.375,2.0,['HARD'],6.0,,,,,,,8.0,ab,36.0,Engine,0.0,Aston Martin
1057,,10,7.0,0.0,True,False,False,,,1261,9979,Race,Monte Carlo,Monaco,2025-05-25T13:00:00+00:00,Pierre GASLY,Alpine,,8.0,94.00271428571429,78.054,15.7848196031745,1.0,24.376,24.376,2.0,['MEDIUM'],17.0,,,,,,,8.0,ab,7.0,Collision,0.0,Alpine
1058,1.0,81,66.0,25.0,False,False,False,5577.375,0,1262,9971,Race,Catalunya,Spain,2025-06-01T13:00:00+00:00,Oscar PIASTRI,McLaren,,66.0,84.51080303030302,75.743,14.106775495069687,3.0,66.444,22.148,4.0,"['SOFT', 'MEDIUM']",1.0,131.21545056658073,323.0,38.52167396126866,12.49175610048564,7074.468193536783,0.0018286468013669884,9.0,1,66.0,1h 32m 57.375s ( 198.310 km/h ),25.0,McLaren
1059,2.0,4,66.0,18.0,False,False,False,5579.846,2.471,1262,9971,Race,Catalunya,Spain,2025-06-01T13:00:00+00:00,Lando NORRIS,McLaren,,66.0,84.55321212121211,76.187,13.810370581019232,3.0,67.879,22.626333333333335,4.0,"['SOFT', 'MEDIUM']",2.0,131.53558366808562,344.0,38.739043108100006,12.80652317285209,7099.103663289166,0.007914143533784999,9.0,2,66.0,1h 32m 59.846s ( +02.471s ),18.0,McLaren
1060,3.0,16,66.0,15.0,False,False,False,5587.83,10.455,1262,9971,Race,Catalunya,Spain,2025-06-01T13:00:00+00:00,Charles LECLERC,Ferrari,,66.0,84.67786363636363,77.259,12.324004116902366,3.0,66.139,22.046333333333333,4.0,"['SOFT', 'MEDIUM']",7.0,131.14365369626478,337.0,51.77048983752024,25.87445290485041,7223.004856406259,0.008034054799448407,9.0,3,66.0,1h 33m 07.830s ( +10.455s ),15.0,Ferrari
1061,4.0,63,66.0,12.0,False,False,False,5588.734,11.359,1262,9971,Race,Catalunya,Spain,2025-06-01T13:00:00+00:00,George RUSSELL,Mercedes,,66.0,84.69418181818182,77.244,12.020932645129546,3.0,66.658,22.219333333333335,4.0,"['SOFT', 'MEDIUM']",4.0,132.97287007614366,336.0,40.87058576653276,11.754541639187002,7155.7339768571255,0.005515918220516817,9.0,4,66.0,1h 33m 08.734s ( +11.359s ),12.0,Mercedes
1062,5.0,27,66.0,10.0,False,False,False,5591.023,13.648,1262,9971,Race,Catalunya,Spain,2025-06-01T13:00:00+00:00,Nico HULKENBERG,Kick Sauber,,66.0,84.7206212121212,77.575,9.092832964255464,3.0,65.986,21.995333333333335,4.0,"['SOFT', 'MEDIUM']",15.0,133.07989088074825,343.0,48.001049223574555,21.020924515858265,7123.489897475868,0.01705737754061994,9.0,5,66.0,1h 33m 11.023s ( +13.648s ),10.0,Kick Sauber
1063,6.0,44,66.0,8.0,False,False,False,5592.883,15.508,1262,9971,Race,Catalunya,Spain,2025-06-01T13:00:00+00:00,Lewis HAMILTON,Ferrari,,66.0,84.74833333333333,77.706,11.678609268274437,3.0,69.203,23.067666666666668,4.0,"['SOFT', 'MEDIUM']",5.0,,,,,,,9.0,6,66.0,1h 33m 12.883s ( +15.508s ),8.0,Ferrari
1064,7.0,6,66.0,6.0,False,False,False,5593.397,16.022,1262,9971,Race,Catalunya,Spain,2025-06-01T13:00:00+00:00,Isack HADJAR,Racing Bulls,,66.0,84.75999999999999,77.77,9.858687938915768,3.0,65.62899999999999,21.87633333333333,4.0,"['SOFT', 'MEDIUM']",9.0,,,,,,,9.0,7,66.0,1h 33m 13.397s ( +16.022s ),6.0,Racing Bulls
1065,8.0,10,66.0,4.0,False,False,False,5595.257,17.882,1262,9971,Race,Catalunya,Spain,2025-06-01T13:00:00+00:00,Pierre GASLY,Alpine,,66.0,84.78154545454547,77.896,8.87258179264259,3.0,67.048,22.349333333333334,4.0,"['SOFT', 'MEDIUM']",8.0,,,,,,,9.0,8,66.0,1h 33m 15.257s ( +17.882s ),4.0,Alpine
1066,9.0,14,66.0,2.0,False,False,False,5598.939,21.564,1262,9971,Race,Catalunya,Spain,2025-06-01T13:00:00+00:00,Fernando ALONSO,Aston Martin,,66.0,84.84210606060606,78.128,10.48692935791068,3.0,67.24000000000001,22.413333333333338,4.0,"['SOFT', 'MEDIUM']",10.0,,,,,,,9.0,9,66.0,1h 33m 18.939s ( +21.564s ),2.0,Aston Martin
1067,10.0,1,66.0,1.0,False,False,False,5599.201,21.826,1262,9971,Race,Catalunya,Spain,2025-06-01T13:00:00+00:00,Max VERSTAPPEN,Red Bull Racing,,66.0,84.69331818181819,77.019,13.669830645689004,4.0,87.801,21.95025,5.0,"['SOFT', 'MEDIUM', 'HARD']",3.0,,,,,,,9.0,10,66.0,1h 33m 19.201s ( +21.826s ),1.0,Red Bull
1068,11.0,30,66.0,0.0,False,False,False,5602.907,25.532,1262,9971,Race,Catalunya,Spain,2025-06-01T13:00:00+00:00,Liam LAWSON,Racing Bulls,,66.0,84.90459090909091,79.424,10.312157276322365,2.0,44.166,22.083,3.0,"['SOFT', 'MEDIUM']",13.0,,,,,,,,,,,,
1069,12.0,5,66.0,0.0,False,False,False,5603.371,25.996,1262,9971,Race,Catalunya,Spain,2025-06-01T13:00:00+00:00,Gabriel BORTOLETO,Kick Sauber,,66.0,84.90890909090909,78.297,9.524546964759848,2.0,44.994,22.497,3.0,"['SOFT', 'MEDIUM']",12.0,,,,,,,9.0,12,66.0,1h 33m 23.371s ( +25.996s ),0.0,Kick Sauber
1070,13.0,22,66.0,0.0,False,False,False,5606.197,28.822,1262,9971,Race,Catalunya,Spain,2025-06-01T13:00:00+00:00,Yuki TSUNODA,Red Bull Racing,,66.0,84.95172727272728,77.998,10.280484131888635,4.0,88.029,22.00725,5.0,"['MEDIUM', 'SOFT']",19.0,,,,,,,9.0,13,66.0,1h 33m 26.197s ( +28.822s ),0.0,Red Bull
1071,14.0,55,66.0,0.0,False,False,False,5606.684,29.309,1262,9971,Race,Catalunya,Spain,2025-06-01T13:00:00+00:00,Carlos SAINZ,Williams,,66.0,84.96531818181819,79.317,10.679552452678458,3.0,74.87700000000001,24.959000000000003,4.0,"['SOFT', 'MEDIUM']",17.0,,,,,,,9.0,14,66.0,1h 33m 26.684s ( +29.309s ),0.0,Williams
1072,15.0,43,66.0,0.0,False,False,False,5608.756,31.381,1262,9971,Race,Catalunya,Spain,2025-06-01T13:00:00+00:00,Franco COLAPINTO,Alpine,,66.0,84.99315151515151,78.353,8.385887398100037,3.0,66.484,22.16133333333333,4.0,"['SOFT', 'MEDIUM']",18.0,,,,,,,9.0,15,66.0,1h 33m 28.756s ( +31.381s ),0.0,Alpine
1073,16.0,31,66.0,0.0,False,False,False,5609.572,32.197,1262,9971,Race,Catalunya,Spain,2025-06-01T13:00:00+00:00,Esteban OCON,Haas F1 Team,,66.0,85.0138787878788,78.624,9.715614633576122,2.0,45.022,22.511,3.0,"['SOFT', 'MEDIUM']",16.0,,,,,,,9.0,16,66.0,1h 33m 29.572s ( +32.197s ),0.0,Haas
1074,17.0,87,66.0,0.0,False,False,False,5614.44,37.065,1262,9971,Race,Catalunya,Spain,2025-06-01T13:00:00+00:00,Oliver BEARMAN,Haas F1 Team,,66.0,84.94121212121212,78.907,10.127678551702752,3.0,67.044,22.348,4.0,"['SOFT', 'MEDIUM']",14.0,,,,,,,,,,,,
1075,,12,53.0,0.0,True,False,False,,,1262,9971,Race,Catalunya,Spain,2025-06-01T13:00:00+00:00,Kimi ANTONELLI,Mercedes,,54.0,82.0823962264151,78.255,3.9010556773363017,2.0,45.691,22.8455,3.0,"['SOFT', 'MEDIUM']",6.0,,,,,,,9.0,ab,53.0,Engine,0.0,Mercedes
1076,,23,27.0,0.0,True,False,False,,,1262,9971,Race,Catalunya,Spain,2025-06-01T13:00:00+00:00,Alexander ALBON,Williams,,28.0,85.3231851851852,80.508,9.10527302863159,2.0,68.497,34.2485,3.0,['SOFT'],11.0,,,,,,,9.0,ab,27.0,Wing,0.0,Williams
1077,1.0,63,70.0,25.0,False,False,False,5512.688,0,1263,9963,Race,Montreal,Canada,2025-06-15T18:00:00+00:00,George RUSSELL,Mercedes,,70.0,78.75972857142857,74.119,11.01435809956933,5.0,103.293,20.6586,6.0,"['MEDIUM', 'HARD']",1.0,125.5115331650218,330.0,44.5385299518017,16.06013311911866,6725.352421390865,0.006713334863438145,10.0,1,70.0,1h 31m 52.688s ( 199.353 km/h ),25.0,Mercedes
1078,2.0,1,70.0,18.0,False,False,False,5512.916,0.228,1263,9963,Race,Montreal,Canada,2025-06-15T18:00:00+00:00,Max VERSTAPPEN,Red Bull Racing,,70.0,78.76262857142858,74.287,10.868313720877017,5.0,102.425,20.485,6.0,"['MEDIUM', 'HARD']",2.0,123.61283566674317,338.0,42.19775648381914,16.08193711269222,6439.347974523755,0.017873536837273354,10.0,2,70.0,1h 31m 52.916s ( +00.228s ),18.0,Red Bull
1079,3.0,12,70.0,15.0,False,False,False,5513.702,1.014,1263,9963,Race,Montreal,Canada,2025-06-15T18:00:00+00:00,Kimi ANTONELLI,Mercedes,,70.0,78.77335714285715,74.455,10.735751370039086,5.0,102.036,20.4072,6.0,"['MEDIUM', 'HARD']",4.0,124.72007688776681,335.0,51.32344503098462,24.70220335092954,6854.314207023181,0.009869176038558641,10.0,3,70.0,1h 31m 53.702s ( +01.014s ),15.0,Mercedes
1080,4.0,81,70.0,12.0,False,False,False,5514.797,2.109,1263,9963,Race,Montreal,Canada,2025-06-15T18:00:00+00:00,Oscar PIASTRI,McLaren,,70.0,78.78884285714285,74.255,10.580330282556957,5.0,109.20400000000001,21.8408,6.0,"['MEDIUM', 'HARD', 'SOFT']",3.0,123.79750975441817,339.0,42.78241909570806,18.045099839338995,6615.4249770484275,0.02318108790452146,10.0,4,70.0,1h 31m 54.797s ( +02.109s ),12.0,McLaren
1081,5.0,16,70.0,10.0,False,False,False,5516.13,3.442,1263,9963,Race,Montreal,Canada,2025-06-15T18:00:00+00:00,Charles LECLERC,Ferrari,,70.0,78.80765714285714,74.261,9.62580330378012,5.0,101.919,20.3838,6.0,"['HARD', 'MEDIUM']",8.0,123.86214711957768,336.0,52.72237204498508,27.056346109708514,6775.450883635529,0.008377323846683498,10.0,5,70.0,1h 31m 56.130s ( +03.442s ),10.0,Ferrari
1082,6.0,44,70.0,8.0,False,False,False,5523.401,10.713,1263,9963,Race,Montreal,Canada,2025-06-15T18:00:00+00:00,Lewis HAMILTON,Ferrari,,70.0,78.91301428571428,74.805,8.54444409448917,5.0,101.542,20.3084,6.0,"['MEDIUM', 'HARD']",5.0,,,,,,,10.0,6,70.0,1h 32m 03.401s ( +10.713s ),8.0,Ferrari
1083,7.0,14,70.0,6.0,False,False,False,5523.66,10.972,1263,9963,Race,Montreal,Canada,2025-06-15T18:00:00+00:00,Fernando ALONSO,Aston Martin,,70.0,78.91454285714286,75.024,6.929434367793445,6.0,120.13,20.021666666666665,7.0,"['MEDIUM', 'HARD']",6.0,,,,,,,10.0,7,70.0,1h 32m 03.660s ( +10.972s ),6.0,Aston Martin
1084,8.0,27,70.0,4.0,False,False,False,5528.052,15.364,1263,9963,Race,Montreal,Canada,2025-06-15T18:00:00+00:00,Nico HULKENBERG,Kick Sauber,,70.0,78.97765714285714,75.372,6.694357173597915,5.0,96.476,19.2952,6.0,"['MEDIUM', 'HARD']",11.0,,,,,,,10.0,8,70.0,1h 32m 08.052s ( +15.364s ),4.0,Kick Sauber
1085,9.0,31,69.0,2.0,False,False,False,,+1 LAP,1263,9963,Race,Montreal,Canada,2025-06-15T18:00:00+00:00,Esteban OCON,Haas F1 Team,,69.0,79.92265217391304,74.593,10.088696666867396,4.0,79.05199999999999,19.762999999999998,5.0,"['HARD', 'MEDIUM']",14.0,,,,,,,10.0,9,69.0,,2.0,Haas
1086,10.0,55,69.0,1.0,False,False,False,,+1 LAP,1263,9963,Race,Montreal,Canada,2025-06-15T18:00:00+00:00,Carlos SAINZ,Williams,,69.0,79.92834782608695,74.389,10.064178247080209,4.0,77.669,19.41725,5.0,"['HARD', 'MEDIUM']",16.0,,,,,,,10.0,10,69.0,,1.0,Williams
1087,11.0,87,69.0,0.0,False,False,False,,+1 LAP,1263,9963,Race,Montreal,Canada,2025-06-15T18:00:00+00:00,Oliver BEARMAN,Haas F1 Team,,69.0,79.95584057971016,75.397,9.600486803869382,4.0,87.947,21.98675,5.0,"['MEDIUM', 'HARD', 'SOFT']",13.0,,,,,,,,,,,,
1088,12.0,22,69.0,0.0,False,False,False,,+1 LAP,1263,9963,Race,Montreal,Canada,2025-06-15T18:00:00+00:00,Yuki TSUNODA,Red Bull Racing,,69.0,79.97960869565217,75.358,9.211094688436065,4.0,79.77799999999999,19.944499999999998,5.0,"['HARD', 'MEDIUM']",18.0,,,,,,,10.0,12,69.0,,0.0,Red Bull
1089,13.0,43,69.0,0.0,False,False,False,,+1 LAP,1263,9963,Race,Montreal,Canada,2025-06-15T18:00:00+00:00,Franco COLAPINTO,Alpine,,69.0,80.00107246376811,76.076,9.199675818007746,4.0,79.035,19.75875,5.0,"['MEDIUM', 'HARD']",10.0,,,,,,,10.0,13,69.0,,0.0,Alpine
1090,14.0,5,69.0,0.0,False,False,False,,+1 LAP,1263,9963,Race,Montreal,Canada,2025-06-15T18:00:00+00:00,Gabriel BORTOLETO,Kick Sauber,,69.0,80.01476811594203,75.414,9.148736211574171,4.0,78.315,19.57875,5.0,"['HARD', 'MEDIUM']",15.0,,,,,,,10.0,14,69.0,,0.0,Kick Sauber
1091,15.0,10,69.0,0.0,False,False,False,,+1 LAP,1263,9963,Race,Montreal,Canada,2025-06-15T18:00:00+00:00,Pierre GASLY,Alpine,,69.0,80.01608695652173,74.993,9.166771023229906,4.0,78.58699999999999,19.646749999999997,5.0,"['HARD', 'MEDIUM']",20.0,,,,,,,10.0,15,69.0,,0.0,Alpine
1092,16.0,6,69.0,0.0,False,False,False,,+1 LAP,1263,9963,Race,Montreal,Canada,2025-06-15T18:00:00+00:00,Isack HADJAR,Racing Bulls,,69.0,80.0270579710145,76.292,9.172675762483305,4.0,84.223,21.05575,5.0,"['MEDIUM', 'HARD', 'SOFT']",12.0,,,,,,,10.0,16,69.0,,0.0,Racing Bulls
1093,17.0,18,69.0,0.0,False,False,False,,+1 LAP,1263,9963,Race,Montreal,Canada,2025-06-15T18:00:00+00:00,Lance STROLL,Aston Martin,,69.0,80.03252173913043,74.902,9.740100599807661,5.0,118.656,23.7312,6.0,"['HARD', 'MEDIUM', 'SOFT']",17.0,,,,,,,10.0,17,69.0,,0.0,Aston Martin
1094,18.0,4,66.0,0.0,True,False,False,,,1263,9963,Race,Montreal,Canada,2025-06-15T18:00:00+00:00,Lando NORRIS,McLaren,,67.0,76.33209090909091,74.229,3.2346189870846276,2.0,46.694,23.347,3.0,"['HARD', 'MEDIUM']",7.0,,,,,,,10.0,18,66.0,Collision,0.0,McLaren
1095,,30,53.0,0.0,True,False,False,,,1263,9963,Race,Montreal,Canada,2025-06-15T18:00:00+00:00,Liam LAWSON,Racing Bulls,,54.0,78.4281886792453,76.32,3.163955594217,1.0,23.28,23.28,2.0,"['HARD', 'MEDIUM']",19.0,,,,,,,,,,,,
1096,,23,46.0,0.0,True,False,False,,,1263,9963,Race,Montreal,Canada,2025-06-15T18:00:00+00:00,Alexander ALBON,Williams,,47.0,78.33860869565217,76.197,3.597903157724946,1.0,23.898,23.898,2.0,"['MEDIUM', 'HARD']",9.0,,,,,,,10.0,ab,46.0,Engine,0.0,Williams
1097,1.0,4,70.0,25.0,False,False,False,5027.693,0,1264,9955,Race,Spielberg,Austria,2025-06-29T13:00:00+00:00,Lando NORRIS,McLaren,,70.0,71.82961428571429,68.272,8.171352709921281,2.0,43.558,21.779,3.0,"['MEDIUM', 'HARD']",1.0,122.88234470397133,324.0,37.89024253626842,13.37388674172408,6407.782529546855,0.0040889486360835715,11.0,1,70,1h 23m 47.693s ( 216.738 km/h ),25.0,McLaren
1098,2.0,81,70.0,18.0,False,False,False,5030.388,2.695,1264,9955,Race,Spielberg,Austria,2025-06-29T13:00:00+00:00,Oscar PIASTRI,McLaren,,70.0,71.8687857142857,67.924,8.162719678368171,2.0,43.632000000000005,21.816000000000003,3.0,"['MEDIUM', 'HARD']",3.0,122.91407606564724,330.0,37.69568139808435,14.206351873634683,6350.089004649079,0.04534251946451577,11.0,2,70,1h 23m 50.388s ( +02.695s ),18.0,McLaren
1099,3.0,16,70.0,15.0,False,False,False,5047.513,19.82,1264,9955,Race,Spielberg,Austria,2025-06-29T13:00:00+00:00,Charles LECLERC,Ferrari,,70.0,72.11254285714286,68.765,8.01005932541623,2.0,42.844,21.422,3.0,"['MEDIUM', 'HARD']",2.0,124.63454321402565,324.0,47.71483784237943,23.051027838458523,6522.353666050523,0.007505741331989021,11.0,3,70,1h 24m 07.513s ( +19.820s ),15.0,Ferrari
1100,4.0,44,70.0,12.0,False,False,False,5056.713,29.02,1264,9955,Race,Spielberg,Austria,2025-06-29T13:00:00+00:00,Lewis HAMILTON,Ferrari,,70.0,72.24411428571428,68.628,7.879573387522845,2.0,42.445,21.2225,3.0,"['MEDIUM', 'HARD']",4.0,124.52848260796505,320.0,48.286310424018374,22.681566123340616,6382.789251106256,0.0028566627457570154,11.0,4,70,1h 24m 16.713s ( +29.020s ),12.0,Ferrari
1101,5.0,63,70.0,10.0,False,False,False,5090.089,62.396,1264,9955,Race,Spielberg,Austria,2025-06-29T13:00:00+00:00,George RUSSELL,Mercedes,,70.0,72.7204,69.372,7.807645714669511,2.0,43.198,21.599,3.0,"['MEDIUM', 'HARD']",5.0,124.45348120764017,328.0,37.566319386097575,12.000672155940178,6429.239231501709,0.015067495658992886,11.0,5,70,1h 24m 50.089s ( +1m 02.396s ),10.0,Mercedes
1102,6.0,30,70.0,8.0,False,False,False,5095.447,67.754,1264,9955,Race,Spielberg,Austria,2025-06-29T13:00:00+00:00,Liam LAWSON,Racing Bulls,,70.0,72.79591428571429,69.977,7.597964957789219,1.0,21.434,21.434,2.0,"['MEDIUM', 'HARD']",6.0,,,,,,,,,,,,
1103,7.0,14,69.0,6.0,False,False,False,,+1 LAP,1264,9955,Race,Spielberg,Austria,2025-06-29T13:00:00+00:00,Fernando ALONSO,Aston Martin,,69.0,72.89042028985507,69.935,7.6293135791108835,1.0,21.865,21.865,2.0,"['MEDIUM', 'HARD']",11.0,,,,,,,11.0,7,69,,6.0,Aston Martin
1104,8.0,5,69.0,4.0,False,False,False,,+1 LAP,1264,9955,Race,Spielberg,Austria,2025-06-29T13:00:00+00:00,Gabriel BORTOLETO,Kick Sauber,,69.0,72.89757971014492,69.247,7.939359120686588,2.0,42.962,21.481,3.0,"['MEDIUM', 'HARD']",8.0,,,,,,,11.0,8,69,,4.0,Kick Sauber
1105,9.0,27,69.0,2.0,False,False,False,,+1 LAP,1264,9955,Race,Spielberg,Austria,2025-06-29T13:00:00+00:00,Nico HULKENBERG,Kick Sauber,,69.0,72.98318840579711,69.459,8.208614548278941,2.0,42.281000000000006,21.140500000000003,3.0,"['SOFT', 'MEDIUM']",20.0,,,,,,,11.0,9,69,,2.0,Kick Sauber
1106,10.0,31,69.0,1.0,False,False,False,,+1 LAP,1264,9955,Race,Spielberg,Austria,2025-06-29T13:00:00+00:00,Esteban OCON,Haas F1 Team,,69.0,73.01560869565218,69.55,8.060973770211696,2.0,45.471999999999994,22.735999999999997,3.0,"['MEDIUM', 'HARD']",17.0,,,,,,,11.0,10,69,,1.0,Haas
1107,11.0,87,69.0,0.0,False,False,False,,+1 LAP,1264,9955,Race,Spielberg,Austria,2025-06-29T13:00:00+00:00,Oliver BEARMAN,Haas F1 Team,,69.0,73.22963768115942,69.96,7.868045395909251,2.0,43.681,21.8405,3.0,"['SOFT', 'HARD', 'MEDIUM']",15.0,,,,,,,,,,,,
1108,12.0,6,69.0,0.0,False,False,False,,+1 LAP,1264,9955,Race,Spielberg,Austria,2025-06-29T13:00:00+00:00,Isack HADJAR,Racing Bulls,,69.0,73.27505797101449,70.204,7.888134102196597,2.0,42.977000000000004,21.488500000000002,3.0,"['SOFT', 'MEDIUM', 'HARD']",13.0,,,,,,,11.0,12,69,,0.0,Racing Bulls
1109,13.0,10,69.0,0.0,False,False,False,,+1 LAP,1264,9955,Race,Spielberg,Austria,2025-06-29T13:00:00+00:00,Pierre GASLY,Alpine,,69.0,73.34897101449275,70.151,7.7960869124328225,2.0,44.064,22.032,3.0,"['SOFT', 'HARD', 'MEDIUM']",10.0,,,,,,,11.0,13,69,,0.0,Alpine
1110,14.0,18,69.0,0.0,False,False,False,,+1 LAP,1264,9955,Race,Spielberg,Austria,2025-06-29T13:00:00+00:00,Lance STROLL,Aston Martin,,69.0,73.3698115942029,69.214,7.974989338505439,2.0,44.67,22.335,3.0,"['MEDIUM', 'HARD', 'SOFT']",16.0,,,,,,,11.0,14,69,,0.0,Aston Martin
1111,15.0,43,69.0,0.0,False,False,False,,+1 LAP,1264,9955,Race,Spielberg,Austria,2025-06-29T13:00:00+00:00,Franco COLAPINTO,Alpine,,69.0,73.41685507246376,69.621,7.885030700964821,2.0,44.125,22.0625,3.0,"['SOFT', 'MEDIUM', 'HARD']",14.0,,,,,,,11.0,15,69,,0.0,Alpine
1112,16.0,22,68.0,0.0,False,False,False,,+2 LAPS,1264,9955,Race,Spielberg,Austria,2025-06-29T13:00:00+00:00,Yuki TSUNODA,Red Bull Racing,,68.0,73.98692647058823,69.802,9.05331148669423,3.0,84.135,28.045,4.0,"['MEDIUM', 'HARD', 'SOFT']",18.0,,,,,,,11.0,16,68,,0.0,Red Bull
1113,,23,15.0,0.0,True,False,False,,,1264,9955,Race,Spielberg,Austria,2025-06-29T13:00:00+00:00,Alexander ALBON,Williams,,16.0,80.03306666666667,70.641,14.423627582480602,1.0,21.21,21.21,2.0,['MEDIUM'],12.0,,,,,,,11.0,ab,15,Engine,0.0,Williams
1114,,1,0.0,0.0,True,False,False,,,1264,9955,Race,Spielberg,Austria,2025-06-29T13:00:00+00:00,Max VERSTAPPEN,Red Bull Racing,,1.0,,,,,,,1.0,['MEDIUM'],7.0,,,,,,,11.0,ab,0,Collision,0.0,Red Bull
1115,,12,0.0,0.0,True,False,False,,,1264,9955,Race,Spielberg,Austria,2025-06-29T13:00:00+00:00,Kimi ANTONELLI,Mercedes,,1.0,,,,,,,1.0,['MEDIUM'],9.0,,,,,,,11.0,ab,0,Collision,0.0,Mercedes
1116,,55,0.0,0.0,False,True,False,,,1264,9955,Race,Spielberg,Austria,2025-06-29T13:00:00+00:00,Carlos SAINZ,Williams,,1.0,,,,,,,1.0,['MEDIUM'],19.0,,,,,,,11.0,np,tf,Brakes,0.0,Williams
1117,1.0,4,52.0,25.0,False,False,False,5835.735,0,1277,9947,Race,Silverstone,United Kingdom,2025-07-06T14:00:00+00:00,Lando NORRIS,McLaren,,52.0,112.23253846153845,89.734,22.406867842871385,2.0,58.843999999999994,29.421999999999997,3.0,"['INTERMEDIATE', 'MEDIUM']",3.0,128.89270461592466,319.0,35.9893523664658,15.213830222898263,7117.624641666179,0.000614286550049728,12.0,1,52.0,1h 37m 15.735s ( 188.890 km/h ),25.0,McLaren
1118,2.0,81,52.0,18.0,False,False,False,5842.547,6.812,1277,9947,Race,Silverstone,United Kingdom,2025-07-06T14:00:00+00:00,Oscar PIASTRI,McLaren,,52.0,112.36436538461538,89.337,23.185705176900512,2.0,69.771,34.8855,3.0,"['INTERMEDIATE', 'MEDIUM']",2.0,129.82252969051657,319.0,36.56736675832212,14.01743403732522,7138.562657228105,0.0014333352834493653,12.0,2,52.0,1h 37m 22.547s ( +06.812s ),18.0,McLaren
1119,3.0,27,52.0,15.0,False,False,False,5870.477,34.742,1277,9947,Race,Silverstone,United Kingdom,2025-07-06T14:00:00+00:00,Nico HULKENBERG,Kick Sauber,,52.0,112.89815384615385,90.933,21.514576966659106,2.0,59.688,29.844,3.0,"['INTERMEDIATE', 'MEDIUM']",19.0,128.69420230503715,325.0,42.56368103902182,20.540221143158018,6933.850377347452,0.0024278944597203533,12.0,3,52.0,1h 37m 50.477s ( +34.742s ),15.0,Kick Sauber
1120,4.0,44,52.0,12.0,False,False,False,5875.547,39.812,1277,9947,Race,Silverstone,United Kingdom,2025-07-06T14:00:00+00:00,Lewis HAMILTON,Ferrari,,52.0,113.00111538461539,90.016,21.490987857343015,2.0,58.044,29.022,3.0,"['INTERMEDIATE', 'SOFT']",5.0,128.18680161469607,325.0,47.14415257707834,28.102381091674953,6907.529456502662,0.00555783069092611,12.0,4,52.0,1h 37m 55.547s ( +39.812s ),12.0,Ferrari
1121,5.0,1,52.0,10.0,False,False,False,5892.516,56.781,1277,9947,Race,Silverstone,United Kingdom,2025-07-06T14:00:00+00:00,Max VERSTAPPEN,Red Bull Racing,,52.0,113.32365384615385,90.179,22.445924907132966,2.0,57.782,28.891,3.0,"['INTERMEDIATE', 'MEDIUM']",1.0,130.74498332650793,332.0,36.23117650500205,18.99022991868016,7258.53118235535,0.0038612297431697188,12.0,5,52.0,1h 38m 12.516s ( +56.781s ),10.0,Red Bull
1122,6.0,10,52.0,8.0,False,False,False,5895.592,59.857,1277,9947,Race,Silverstone,United Kingdom,2025-07-06T14:00:00+00:00,Pierre GASLY,Alpine,,52.0,113.38532692307693,90.751,21.275120504920043,2.0,57.312,28.656,3.0,"['INTERMEDIATE', 'MEDIUM']",8.0,,,,,,,12.0,6,52.0,1h 38m 15.592s ( +59.857s ),8.0,Alpine
1123,7.0,18,52.0,6.0,False,False,False,5896.338,60.603,1277,9947,Race,Silverstone,United Kingdom,2025-07-06T14:00:00+00:00,Lance STROLL,Aston Martin,,52.0,113.3985,92.088,21.54444695070553,3.0,86.47800000000001,28.826000000000004,4.0,"['INTERMEDIATE', 'SOFT']",17.0,,,,,,,12.0,7,52.0,1h 38m 16.338s ( +1m 00.603s ),6.0,Aston Martin
1124,8.0,23,52.0,4.0,False,False,False,5899.87,64.135,1277,9947,Race,Silverstone,United Kingdom,2025-07-06T14:00:00+00:00,Alexander ALBON,Williams,,52.0,113.46655769230769,90.047,21.009906490084536,2.0,58.451,29.2255,3.0,"['INTERMEDIATE', 'MEDIUM']",13.0,,,,,,,12.0,8,52.0,1h 38m 19.870s ( +1m 04.135s ),4.0,Williams
1125,9.0,14,52.0,2.0,False,False,False,5901.593,65.858,1277,9947,Race,Silverstone,United Kingdom,2025-07-06T14:00:00+00:00,Fernando ALONSO,Aston Martin,,52.0,113.5015576923077,90.353,21.29396285373425,2.0,57.241,28.6205,3.0,"['INTERMEDIATE', 'MEDIUM']",7.0,,,,,,,12.0,9,52.0,1h 38m 21.593s ( +1m 05.858s ),2.0,Aston Martin
1126,10.0,63,52.0,1.0,False,False,False,5906.409,70.674,1277,9947,Race,Silverstone,United Kingdom,2025-07-06T14:00:00+00:00,George RUSSELL,Mercedes,,52.0,113.59169230769231,90.869,21.438004595594336,2.0,56.852,28.426,3.0,"['HARD', 'INTERMEDIATE']",4.0,,,,,,,12.0,10,52.0,1h 38m 26.409s ( +1m 10.674s ),1.0,Mercedes
1127,11.0,87,52.0,0.0,False,False,False,5907.83,72.095,1277,9947,Race,Silverstone,United Kingdom,2025-07-06T14:00:00+00:00,Oliver BEARMAN,Haas F1 Team,,52.0,113.62013461538461,90.921,20.695015519067987,2.0,58.201,29.1005,3.0,"['HARD', 'INTERMEDIATE', 'MEDIUM']",18.0,,,,,,,,,,,,
1128,12.0,55,52.0,0.0,False,False,False,5912.327,76.592,1277,9947,Race,Silverstone,United Kingdom,2025-07-06T14:00:00+00:00,Carlos SAINZ,Williams,,52.0,113.70686538461538,90.645,20.677021297242536,2.0,58.153999999999996,29.076999999999998,3.0,"['INTERMEDIATE', 'MEDIUM']",9.0,,,,,,,12.0,12,52.0,1h 38m 32.327s ( +1m 16.592s ),0.0,Williams
1129,13.0,31,52.0,0.0,False,False,False,5913.036,77.301,1277,9947,Race,Silverstone,United Kingdom,2025-07-06T14:00:00+00:00,Esteban OCON,Haas F1 Team,,52.0,113.7185,90.818,21.459891290863677,2.0,58.208,29.104,3.0,"['INTERMEDIATE', 'MEDIUM']",14.0,,,,,,,12.0,13,52.0,1h 38m 33.036s ( +1m 17.301s ),0.0,Haas
1130,14.0,16,52.0,0.0,False,False,False,5920.212,84.477,1277,9947,Race,Silverstone,United Kingdom,2025-07-06T14:00:00+00:00,Charles LECLERC,Ferrari,,52.0,113.85984615384615,90.819,21.150343948795197,2.0,57.929,28.9645,3.0,"['MEDIUM', 'INTERMEDIATE', 'SOFT']",6.0,,,,,,,12.0,14,52.0,1h 38m 40.212s ( +1m 24.477s ),0.0,Ferrari
1131,15.0,22,51.0,0.0,False,False,False,,+1 LAP,1277,9947,Race,Silverstone,United Kingdom,2025-07-06T14:00:00+00:00,Yuki TSUNODA,Red Bull Racing,,51.0,115.06550980392157,90.873,20.523595939671534,2.0,68.644,34.322,3.0,"['INTERMEDIATE', 'MEDIUM']",11.0,,,,,,,12.0,15,51.0,,0.0,Red Bull
1132,,12,23.0,0.0,True,False,False,,,1277,9947,Race,Silverstone,United Kingdom,2025-07-06T14:00:00+00:00,Kimi ANTONELLI,Mercedes,,24.0,130.41160869565218,99.336,20.928343902988097,3.0,87.156,29.052000000000003,4.0,"['INTERMEDIATE', 'HARD']",10.0,,,,,,,12.0,ab,23.0,Collision damage,0.0,Mercedes
1133,,6,17.0,0.0,True,False,False,,,1277,9947,Race,Silverstone,United Kingdom,2025-07-06T14:00:00+00:00,Isack HADJAR,Racing Bulls,,18.0,127.28052941176469,101.705,20.052995237986412,1.0,28.523,28.523,2.0,"['MEDIUM', 'INTERMEDIATE']",12.0,,,,,,,12.0,ab,17.0,Accident,0.0,Racing Bulls
1134,,5,3.0,0.0,True,False,False,,,1277,9947,Race,Silverstone,United Kingdom,2025-07-06T14:00:00+00:00,Gabriel BORTOLETO,Kick Sauber,,4.0,136.53766666666667,135.712,1.0951549357663286,,,,1.0,['MEDIUM'],16.0,,,,,,,12.0,ab,3.0,Accident,0.0,Kick Sauber
1135,,30,0.0,0.0,True,False,False,,,1277,9947,Race,Silverstone,United Kingdom,2025-07-06T14:00:00+00:00,Liam LAWSON,Racing Bulls,,1.0,,,,,,,1.0,['INTERMEDIATE'],15.0,,,,,,,,,,,,
1136,,43,0.0,0.0,False,True,False,,,1277,9947,Race,Silverstone,United Kingdom,2025-07-06T14:00:00+00:00,Franco COLAPINTO,Alpine,,1.0,,,,,,,1.0,['HARD'],20.0,,,,,,,12.0,np,,Transmission,0.0,Alpine
1137,1.0,81,44.0,25.0,False,False,False,5122.601,0,1265,9939,Race,Spa-Francorchamps,Belgium,2025-07-27T13:00:00+00:00,Oscar PIASTRI,McLaren,,44.0,116.42906818181818,105.706,20.95222744932546,1.0,23.844,23.844,3.0,"['INTERMEDIATE', 'MEDIUM']",2.0,92.8761981824972,326.0,30.040893813021288,10.148221917921905,4717.389621976015,0.0,13.0,1.0,44.0,1h 25m 22.601s ( 216.489 km/h ),25.0,McLaren
1138,2.0,4,44.0,18.0,False,False,False,5126.016,3.415,1265,9939,Race,Spa-Francorchamps,Belgium,2025-07-27T13:00:00+00:00,Lando NORRIS,McLaren,,44.0,116.50813636363637,105.257,20.975809658227316,1.0,24.376,24.376,3.0,"['INTERMEDIATE', 'HARD']",1.0,93.01661894684426,326.0,29.06475372422092,10.002406738868833,4796.899788372962,0.0004564504751234491,13.0,2.0,44.0,1h 25m 26.016s ( +03.415s ),18.0,McLaren
1139,3.0,16,44.0,15.0,False,False,False,5142.786,20.185,1265,9939,Race,Spa-Francorchamps,Belgium,2025-07-27T13:00:00+00:00,Charles LECLERC,Ferrari,,44.0,116.89013636363637,106.174,21.154456303952976,1.0,23.806,23.806,3.0,"['INTERMEDIATE', 'MEDIUM']",3.0,92.94954147474999,333.0,31.803892277687872,12.429644383584382,4687.903087265032,0.0005186937217311921,13.0,3.0,44.0,1h 25m 42.786s ( +20.185s ),15.0,Ferrari
1140,4.0,1,44.0,12.0,False,False,False,5144.332,21.731,1265,9939,Race,Spa-Francorchamps,Belgium,2025-07-27T13:00:00+00:00,Max VERSTAPPEN,Red Bull Racing,,44.0,116.92645454545455,106.096,21.1964951265309,1.0,25.913,25.913,3.0,"['INTERMEDIATE', 'MEDIUM']",4.0,92.88043072326653,325.0,28.762479770944854,10.026723100543592,4682.620606664177,0.0004149549773849537,13.0,4.0,44.0,1h 25m 44.332s ( +21.731s ),12.0,Red Bull
1141,5.0,63,44.0,10.0,False,False,False,5157.464,34.863,1265,9939,Race,Spa-Francorchamps,Belgium,2025-07-27T13:00:00+00:00,George RUSSELL,Mercedes,,44.0,117.2240681818182,106.566,21.13638845346358,1.0,23.635,23.635,3.0,"['INTERMEDIATE', 'MEDIUM']",6.0,92.72841196730155,339.0,28.458649736503588,8.10506660027387,4698.932154861198,0.0030706668326486576,13.0,5.0,44.0,1h 25m 57.464s ( +34.863s ),10.0,Mercedes
1142,6.0,23,44.0,8.0,False,False,False,5162.527,39.926,1265,9939,Race,Spa-Francorchamps,Belgium,2025-07-27T13:00:00+00:00,Alexander ALBON,Williams,,44.0,117.34031818181819,106.813,21.03075234007165,1.0,24.029,24.029,3.0,"['INTERMEDIATE', 'MEDIUM']",5.0,,,,,,,13.0,6.0,44.0,1h 26m 02.527s ( +39.926s ),8.0,Williams
1143,7.0,44,44.0,6.0,False,False,False,5163.28,40.679,1265,9939,Race,Spa-Francorchamps,Belgium,2025-07-27T13:00:00+00:00,Lewis HAMILTON,Ferrari,,44.0,117.35520454545454,106.534,22.282484303251067,1.0,23.284,23.284,3.0,"['INTERMEDIATE', 'MEDIUM']",18.0,,,,,,,13.0,7.0,44.0,1h 26m 03.280s ( +40.679s ),6.0,Ferrari
1144,8.0,30,44.0,4.0,False,False,False,5174.634,52.033,1265,9939,Race,Spa-Francorchamps,Belgium,2025-07-27T13:00:00+00:00,Liam LAWSON,Racing Bulls,,44.0,117.61522727272727,106.649,21.30360700419078,1.0,23.269,23.269,3.0,"['INTERMEDIATE', 'MEDIUM']",9.0,,,,,,,,,,,,
1145,9.0,5,44.0,2.0,False,False,False,5179.035,56.434,1265,9939,Race,Spa-Francorchamps,Belgium,2025-07-27T13:00:00+00:00,Gabriel BORTOLETO,Kick Sauber,,44.0,117.7159090909091,106.966,21.350659404683476,1.0,23.274,23.274,3.0,"['INTERMEDIATE', 'MEDIUM']",10.0,,,,,,,13.0,9.0,44.0,1h 26m 19.035s ( +56.434s ),2.0,Kick Sauber
1146,10.0,10,44.0,1.0,False,False,False,5195.315,72.714,1265,9939,Race,Spa-Francorchamps,Belgium,2025-07-27T13:00:00+00:00,Pierre GASLY,Alpine,,44.0,118.08454545454546,107.177,21.560878313488264,1.0,26.825,26.825,3.0,"['INTERMEDIATE', 'MEDIUM']",13.0,,,,,,,13.0,10.0,44.0,1h 26m 35.315s ( +1m 12.714s ),1.0,Alpine
1147,11.0,87,44.0,0.0,False,False,False,5195.746,73.145,1265,9939,Race,Spa-Francorchamps,Belgium,2025-07-27T13:00:00+00:00,Oliver BEARMAN,Haas F1 Team,,44.0,118.0948409090909,106.709,21.362430512296726,1.0,24.13,24.13,3.0,"['INTERMEDIATE', 'MEDIUM']",12.0,,,,,,,,,,,,
1148,12.0,27,44.0,0.0,False,False,False,5196.229,73.628,1265,9939,Race,Spa-Francorchamps,Belgium,2025-07-27T13:00:00+00:00,Nico HULKENBERG,Kick Sauber,,44.0,118.10652272727272,105.068,21.732973111272305,2.0,47.489000000000004,23.744500000000002,3.0,"['INTERMEDIATE', 'MEDIUM']",14.0,,,,,,,13.0,12.0,44.0,1h 26m 36.229s ( +1m 13.628s ),0.0,Kick Sauber
1149,13.0,22,44.0,0.0,False,False,False,5197.996,75.395,1265,9939,Race,Spa-Francorchamps,Belgium,2025-07-27T13:00:00+00:00,Yuki TSUNODA,Red Bull Racing,,44.0,118.14454545454545,107.241,20.917396811505476,1.0,23.33,23.33,3.0,"['INTERMEDIATE', 'MEDIUM']",7.0,,,,,,,13.0,13.0,44.0,1h 26m 37.996s ( +1m 15.395s ),0.0,Red Bull
1150,14.0,18,44.0,0.0,False,False,False,5202.432,79.831,1265,9939,Race,Spa-Francorchamps,Belgium,2025-07-27T13:00:00+00:00,Lance STROLL,Aston Martin,,44.0,118.24568181818182,107.212,21.81101747066624,1.0,23.787,23.787,3.0,"['INTERMEDIATE', 'MEDIUM']",16.0,,,,,,,13.0,14.0,44.0,1h 26m 42.432s ( +1m 19.831s ),0.0,Aston Martin
1151,15.0,31,44.0,0.0,False,False,False,5208.664,86.063,1265,9939,Race,Spa-Francorchamps,Belgium,2025-07-27T13:00:00+00:00,Esteban OCON,Haas F1 Team,,44.0,118.38597727272727,106.744,21.350357400732324,1.0,23.802,23.802,3.0,"['INTERMEDIATE', 'MEDIUM']",11.0,,,,,,,13.0,15.0,44.0,1h 26m 48.664s ( +1m 26.063s ),0.0,Haas
1152,16.0,12,44.0,0.0,False,False,False,5209.322,86.721,1265,9939,Race,Spa-Francorchamps,Belgium,2025-07-27T13:00:00+00:00,Kimi ANTONELLI,Mercedes,,44.0,118.40204545454544,104.861,22.244425145289714,2.0,46.668000000000006,23.334000000000003,3.0,"['INTERMEDIATE', 'MEDIUM']",19.0,,,,,,,13.0,16.0,44.0,1h 26m 49.322s ( +1m 26.721s ),0.0,Mercedes
1153,17.0,14,44.0,0.0,False,False,False,5210.525,87.924,1265,9939,Race,Spa-Francorchamps,Belgium,2025-07-27T13:00:00+00:00,Fernando ALONSO,Aston Martin,,44.0,118.42940909090909,105.849,22.406021374370624,2.0,47.096000000000004,23.548000000000002,3.0,"['INTERMEDIATE', 'MEDIUM']",20.0,,,,,,,13.0,17.0,44.0,1h 26m 50.525s ( +1m 27.924s ),0.0,Aston Martin
1154,18.0,55,44.0,0.0,False,False,False,5214.625,92.024,1265,9939,Race,Spa-Francorchamps,Belgium,2025-07-27T13:00:00+00:00,Carlos SAINZ,Williams,,44.0,118.52440909090909,106.073,22.035936155456543,2.0,51.298,25.649,3.0,"['INTERMEDIATE', 'MEDIUM', 'HARD']",17.0,,,,,,,13.0,18.0,44.0,1h 26m 54.625s ( +1m 32.024s ),0.0,Williams
1155,19.0,43,44.0,0.0,False,False,False,5217.851,95.25,1265,9939,Race,Spa-Francorchamps,Belgium,2025-07-27T13:00:00+00:00,Franco COLAPINTO,Alpine,,44.0,118.59831818181819,106.104,21.59173019530018,2.0,47.114000000000004,23.557000000000002,3.0,"['INTERMEDIATE', 'MEDIUM']",15.0,,,,,,,13.0,19.0,44.0,1h 26m 57.851s ( +1m 35.250s ),0.0,Alpine
1156,20.0,6,43.0,0.0,False,False,False,,+1 LAP,1265,9939,Race,Spa-Francorchamps,Belgium,2025-07-27T13:00:00+00:00,Isack HADJAR,Racing Bulls,,43.0,119.4406511627907,107.667,20.88098665553782,2.0,46.956,23.478,3.0,"['INTERMEDIATE', 'MEDIUM', 'HARD']",8.0,,,,,,,13.0,20.0,43.0,,0.0,Racing Bulls
1157,1.0,4,70.0,25.0,False,False,False,5721.231,0,1266,9928,Race,Hungaroring,Hungary,2025-08-03T13:00:00+00:00,Lando NORRIS,McLaren,,70.0,81.73878571428571,79.918,2.699556640425494,1.0,20.94,20.94,2.0,"['MEDIUM', 'HARD']",3.0,139.82381406985547,318.0,44.30924712776113,18.289495341870495,7674.589722487408,0.016756098363893735,14.0,1,70.0,1h 35m 21.231s ( 192.942 km/h ),25.0,McLaren
1158,2.0,81,70.0,18.0,False,False,False,5721.929,0.698,1266,9928,Race,Hungaroring,Hungary,2025-08-03T13:00:00+00:00,Oscar PIASTRI,McLaren,,70.0,81.74704285714286,79.412,3.209200909322676,2.0,42.085,21.0425,3.0,"['MEDIUM', 'HARD']",2.0,139.80346973038812,329.0,44.03920729499292,17.867728873819008,7684.577213023011,0.014550482272772162,14.0,2,70.0,1h 35m 21.929s ( +00.698s ),18.0,McLaren
1159,3.0,63,70.0,15.0,False,False,False,5743.147,21.916,1266,9928,Race,Hungaroring,Hungary,2025-08-03T13:00:00+00:00,George RUSSELL,Mercedes,,70.0,82.05101428571429,79.409,3.2613919785076644,2.0,43.153,21.5765,3.0,"['MEDIUM', 'HARD']",4.0,141.71043881884322,326.0,45.003654080389765,17.237383546762352,7837.636106264608,0.01366165190769332,14.0,3,70.0,1h 35m 43.147s ( +21.916s ),15.0,Mercedes
1160,4.0,16,70.0,12.0,False,False,False,5763.791,42.56,1266,9928,Race,Hungaroring,Hungary,2025-08-03T13:00:00+00:00,Charles LECLERC,Ferrari,,70.0,82.27345714285714,80.44,2.997956751946642,2.0,42.266,21.133,3.0,"['MEDIUM', 'HARD']",1.0,139.85880765052508,316.0,48.99687263390065,21.909207624189353,7806.769760015802,0.0014155446554959344,14.0,4,70.0,1h 36m 03.791s ( +42.560s ),12.0,Ferrari
1161,5.0,14,70.0,10.0,False,False,False,5780.271,59.04,1266,9928,Race,Hungaroring,Hungary,2025-08-03T13:00:00+00:00,Fernando ALONSO,Aston Martin,,70.0,82.58038571428571,80.113,2.8081639382594403,1.0,22.204,22.204,2.0,"['MEDIUM', 'HARD']",5.0,137.74006649767915,298.0,42.48879086150706,16.776113506929583,7605.6399907825,0.0,14.0,5,70.0,1h 36m 20.271s ( +59.040s ),10.0,Aston Martin
1162,6.0,5,70.0,8.0,False,False,False,5787.4,66.169,1266,9928,Race,Hungaroring,Hungary,2025-08-03T13:00:00+00:00,Gabriel BORTOLETO,Kick Sauber,,70.0,82.6838,80.705,2.641875588684478,1.0,21.773,21.773,2.0,"['MEDIUM', 'HARD']",7.0,,,,,,,14.0,6,70.0,1h 36m 27.400s ( +1m 06.169s ),8.0,Kick Sauber
1163,7.0,18,70.0,6.0,False,False,False,5789.405,68.174,1266,9928,Race,Hungaroring,Hungary,2025-08-03T13:00:00+00:00,Lance STROLL,Aston Martin,,70.0,82.71381428571428,80.708,2.650866072819383,1.0,21.464,21.464,2.0,"['MEDIUM', 'HARD']",6.0,,,,,,,14.0,7,70.0,1h 36m 29.405s ( +1m 08.174s ),6.0,Aston Martin
1164,8.0,30,70.0,4.0,False,False,False,5790.682,69.451,1266,9928,Race,Hungaroring,Hungary,2025-08-03T13:00:00+00:00,Liam LAWSON,Racing Bulls,,70.0,82.73047142857142,80.457,2.8448062602912225,1.0,22.136,22.136,2.0,"['MEDIUM', 'HARD']",9.0,,,,,,,,,,,,
1165,9.0,1,70.0,2.0,False,False,False,5793.876,72.645,1266,9928,Race,Hungaroring,Hungary,2025-08-03T13:00:00+00:00,Max VERSTAPPEN,Red Bull Racing,,70.0,82.77532857142857,79.576,3.277157560003011,2.0,42.691,21.3455,3.0,"['MEDIUM', 'HARD']",8.0,,,,,,,14.0,9,70.0,1h 36m 33.876s ( +1m 12.645s ),2.0,Red Bull
1166,10.0,12,69.0,1.0,False,False,False,,+1 LAP,1266,9928,Race,Hungaroring,Hungary,2025-08-03T13:00:00+00:00,Kimi ANTONELLI,Mercedes,,69.0,83.03302898550726,80.745,3.1252401600470607,1.0,22.328,22.328,2.0,"['MEDIUM', 'HARD']",15.0,,,,,,,14.0,10,69.0,,1.0,Mercedes
1167,11.0,6,69.0,0.0,False,False,False,,+1 LAP,1266,9928,Race,Hungaroring,Hungary,2025-08-03T13:00:00+00:00,Isack HADJAR,Racing Bulls,,69.0,83.0449275362319,80.802,2.7689003886595307,1.0,21.096,21.096,2.0,"['MEDIUM', 'HARD']",10.0,,,,,,,14.0,11,69.0,,0.0,Racing Bulls
1168,12.0,44,69.0,0.0,False,False,False,,+1 LAP,1266,9928,Race,Hungaroring,Hungary,2025-08-03T13:00:00+00:00,Lewis HAMILTON,Ferrari,,69.0,83.06517391304348,80.022,3.089200910175179,1.0,21.15,21.15,2.0,"['HARD', 'MEDIUM']",12.0,,,,,,,14.0,12,69.0,,0.0,Ferrari
1169,13.0,27,69.0,0.0,False,False,False,,+1 LAP,1266,9928,Race,Hungaroring,Hungary,2025-08-03T13:00:00+00:00,Nico HULKENBERG,Kick Sauber,,69.0,83.37604347826087,80.013,4.315023728497167,2.0,50.2,25.1,3.0,"['SOFT', 'MEDIUM']",18.0,,,,,,,14.0,13,69.0,,0.0,Kick Sauber
1170,14.0,55,69.0,0.0,False,False,False,,+1 LAP,1266,9928,Race,Hungaroring,Hungary,2025-08-03T13:00:00+00:00,Carlos SAINZ,Williams,,69.0,83.40459420289855,79.79,3.340850126569762,2.0,43.093,21.5465,3.0,"['SOFT', 'HARD', 'MEDIUM']",13.0,,,,,,,14.0,14,69.0,,0.0,Williams
1171,15.0,23,69.0,0.0,False,False,False,,+1 LAP,1266,9928,Race,Hungaroring,Hungary,2025-08-03T13:00:00+00:00,Alexander ALBON,Williams,,69.0,83.47442028985506,80.779,3.6488401719136077,2.0,44.071,22.0355,3.0,"['SOFT', 'MEDIUM', 'HARD']",19.0,,,,,,,14.0,15,69.0,,0.0,Williams
1172,16.0,31,69.0,0.0,False,False,False,,+1 LAP,1266,9928,Race,Hungaroring,Hungary,2025-08-03T13:00:00+00:00,Esteban OCON,Haas F1 Team,,69.0,83.57769565217392,81.916,2.887969892015269,1.0,22.444,22.444,2.0,"['MEDIUM', 'HARD']",17.0,,,,,,,14.0,16,69.0,,0.0,Haas
1173,17.0,22,69.0,0.0,False,False,False,,+1 LAP,1266,9928,Race,Hungaroring,Hungary,2025-08-03T13:00:00+00:00,Yuki TSUNODA,Red Bull Racing,,69.0,83.60373913043479,81.18,3.73229033788107,2.0,42.836,21.418,3.0,"['MEDIUM', 'SOFT', 'HARD']",20.0,,,,,,,14.0,17,69.0,,0.0,Red Bull
1174,18.0,43,69.0,0.0,False,False,False,,+1 LAP,1266,9928,Race,Hungaroring,Hungary,2025-08-03T13:00:00+00:00,Franco COLAPINTO,Alpine,,69.0,83.60857971014494,80.827,4.735508812980664,2.0,56.528000000000006,28.264000000000003,3.0,"['MEDIUM', 'HARD']",14.0,,,,,,,14.0,18,69.0,,0.0,Alpine
1175,19.0,10,69.0,0.0,False,False,False,,+1 LAP,1266,9928,Race,Hungaroring,Hungary,2025-08-03T13:00:00+00:00,Pierre GASLY,Alpine,,69.0,83.5943188405797,81.433,2.8345988848551715,1.0,21.699,21.699,2.0,"['HARD', 'MEDIUM']",16.0,,,,,,,14.0,19,69.0,,0.0,Alpine
1176,,87,48.0,0.0,True,False,False,,,1266,9928,Race,Hungaroring,Hungary,2025-08-03T13:00:00+00:00,Oliver BEARMAN,Haas F1 Team,,49.0,84.16879166666666,81.989,3.057637190661489,1.0,21.754,21.754,2.0,"['MEDIUM', 'HARD']",11.0,,,,,,,,,,,,
1177,1.0,81,72.0,25.0,False,False,False,5909.849,0,1267,9920,Race,Zandvoort,Netherlands,2025-08-31T13:00:00+00:00,Oscar PIASTRI,McLaren,,72.0,82.08565277777778,72.271,17.19672387580952,2.0,35.964,17.982,3.0,"['MEDIUM', 'HARD']",1.0,124.9115146608062,304.0,37.045023422589786,14.07749696373836,7026.120727546122,0.0,15.0,1,72.0,1h 38m 29.849s ( 186.758 km/h ),25.0,McLaren
1178,2.0,1,72.0,18.0,False,False,False,5911.12,1.271,1267,9920,Race,Zandvoort,Netherlands,2025-08-31T13:00:00+00:00,Max VERSTAPPEN,Red Bull Racing,,72.0,82.10397222222223,72.921,15.333912610383548,2.0,37.001,18.5005,3.0,"['SOFT', 'MEDIUM']",3.0,126.34997975825574,311.0,37.89639118616621,16.603550980278758,6942.2430165982305,0.0,15.0,2,72.0,1h 38m 31.120s ( +01.271s ),18.0,Red Bull
1179,3.0,6,72.0,15.0,False,False,False,5913.082,3.233,1267,9920,Race,Zandvoort,Netherlands,2025-08-31T13:00:00+00:00,Isack HADJAR,Racing Bulls,,72.0,82.131875,73.327,15.044544561689523,2.0,35.949,17.9745,3.0,"['MEDIUM', 'HARD', 'SOFT']",4.0,126.17760684749291,326.0,38.836012954716324,16.063385576311376,6972.806315424209,0.005638771615291192,15.0,3,72.0,1h 38m 33.082s ( +03.233s ),15.0,Racing Bulls
1180,4.0,63,72.0,12.0,False,False,False,5915.503,5.654,1267,9920,Race,Zandvoort,Netherlands,2025-08-31T13:00:00+00:00,George RUSSELL,Mercedes,,72.0,82.16525,73.728,14.180819047791186,2.0,36.176,18.088,3.0,"['MEDIUM', 'HARD', 'SOFT']",5.0,126.25602914811174,335.0,38.43499508414782,14.58157422936788,7230.825053496038,0.016164478630501418,15.0,4,72.0,1h 38m 35.503s ( +05.654s ),12.0,Mercedes
1181,5.0,23,72.0,10.0,False,False,False,5916.176,6.327,1267,9920,Race,Zandvoort,Netherlands,2025-08-31T13:00:00+00:00,Alexander ALBON,Williams,,72.0,82.17540277777778,73.687,13.728066680313988,2.0,37.532,18.766,3.0,"['MEDIUM', 'HARD', 'SOFT']",15.0,126.26340292637788,332.0,36.5016193395408,18.20438378347117,7103.806720259095,0.021138164362963393,15.0,5,72.0,1h 38m 36.176s ( +06.327s ),10.0,Williams
1182,6.0,87,72.0,8.0,False,False,False,5918.893,9.044,1267,9920,Race,Zandvoort,Netherlands,2025-08-31T13:00:00+00:00,Oliver BEARMAN,Haas F1 Team,,72.0,82.21141666666666,73.95,12.150822954509334,1.0,18.622,18.622,2.0,"['HARD', 'MEDIUM']",20.0,,,,,,,,,,,,
1183,7.0,18,72.0,6.0,False,False,False,5919.346,9.497,1267,9920,Race,Zandvoort,Netherlands,2025-08-31T13:00:00+00:00,Lance STROLL,Aston Martin,,72.0,82.21844444444444,73.822,12.101623318985625,2.0,35.159,17.5795,3.0,"['MEDIUM', 'HARD']",19.0,,,,,,,15.0,7,72.0,1h 38m 39.346s ( +09.497s ),6.0,Aston Martin
1184,8.0,14,72.0,4.0,False,False,False,5921.558,11.709,1267,9920,Race,Zandvoort,Netherlands,2025-08-31T13:00:00+00:00,Fernando ALONSO,Aston Martin,,72.0,82.24922222222222,73.719,11.732695035455071,2.0,35.366,17.683,3.0,"['MEDIUM', 'HARD']",10.0,,,,,,,15.0,8,72.0,1h 38m 41.558s ( +11.709s ),4.0,Aston Martin
1185,9.0,22,72.0,2.0,False,False,False,5923.446,13.597,1267,9920,Race,Zandvoort,Netherlands,2025-08-31T13:00:00+00:00,Yuki TSUNODA,Red Bull Racing,,72.0,82.27463888888889,74.354,12.018539896678126,2.0,36.495,18.2475,3.0,"['SOFT', 'HARD']",12.0,,,,,,,15.0,9,72.0,1h 38m 43.446s ( +13.597s ),2.0,Red Bull
1186,10.0,31,72.0,1.0,False,False,False,5923.912,14.063,1267,9920,Race,Zandvoort,Netherlands,2025-08-31T13:00:00+00:00,Esteban OCON,Haas F1 Team,,72.0,82.28195833333334,73.986,11.817050569121257,1.0,18.27,18.27,2.0,"['HARD', 'MEDIUM']",18.0,,,,,,,15.0,10,72.0,1h 38m 43.912s ( +14.063s ),1.0,Haas
1187,11.0,43,72.0,0.0,False,False,False,5924.36,14.511,1267,9920,Race,Zandvoort,Netherlands,2025-08-31T13:00:00+00:00,Franco COLAPINTO,Alpine,,72.0,82.28901388888889,73.049,11.559779647849975,3.0,53.649,17.883,4.0,"['SOFT', 'HARD', 'MEDIUM']",16.0,,,,,,,15.0,11,72.0,1h 38m 44.360s ( +14.511s ),0.0,Alpine
1188,12.0,30,72.0,0.0,False,False,False,5926.912,17.063,1267,9920,Race,Zandvoort,Netherlands,2025-08-31T13:00:00+00:00,Liam LAWSON,Racing Bulls,,72.0,82.32420833333333,73.879,12.991102682207073,3.0,58.31,19.436666666666667,4.0,"['MEDIUM', 'HARD', 'SOFT']",8.0,,,,,,,,,,,,
1189,13.0,55,72.0,0.0,False,False,False,5927.225,17.376,1267,9920,Race,Zandvoort,Netherlands,2025-08-31T13:00:00+00:00,Carlos SAINZ,Williams,,72.0,82.32818055555555,73.808,13.3261433231205,4.0,95.49600000000001,23.874000000000002,5.0,"['MEDIUM', 'HARD', 'SOFT']",9.0,,,,,,,15.0,13,72.0,1h 38m 47.225s ( +17.376s ),0.0,Williams
1190,14.0,27,72.0,0.0,False,False,False,5929.574,19.725,1267,9920,Race,Zandvoort,Netherlands,2025-08-31T13:00:00+00:00,Nico HULKENBERG,Kick Sauber,,72.0,82.36095833333333,74.912,11.51649236192093,2.0,35.546,17.773,3.0,"['SOFT', 'HARD', 'MEDIUM']",17.0,,,,,,,15.0,14,72.0,1h 38m 49.574s ( +19.725s ),0.0,Kick Sauber
1191,15.0,5,72.0,0.0,False,False,False,5931.414,21.565,1267,9920,Race,Zandvoort,Netherlands,2025-08-31T13:00:00+00:00,Gabriel BORTOLETO,Kick Sauber,,72.0,82.38595833333333,74.307,11.094637852708235,2.0,35.399,17.6995,3.0,"['MEDIUM', 'HARD', 'SOFT']",13.0,,,,,,,15.0,15,72.0,1h 38m 51.414s ( +21.565s ),0.0,Kick Sauber
1192,16.0,12,72.0,0.0,False,False,False,5931.878,22.029,1267,9920,Race,Zandvoort,Netherlands,2025-08-31T13:00:00+00:00,Kimi ANTONELLI,Mercedes,,72.0,82.18472222222222,73.48,13.624574317394421,3.0,56.141,18.713666666666665,4.0,"['MEDIUM', 'HARD', 'SOFT']",11.0,,,,,,,15.0,16,72.0,1h 38m 51.878s ( +22.029s ),0.0,Mercedes
1193,17.0,10,72.0,0.0,False,False,False,5933.478,23.629,1267,9920,Race,Zandvoort,Netherlands,2025-08-31T13:00:00+00:00,Pierre GASLY,Alpine,,72.0,82.41591666666666,75.248,11.931221866698916,1.0,19.223,19.223,2.0,"['MEDIUM', 'HARD']",14.0,,,,,,,15.0,17,72.0,1h 38m 53.478s ( +23.629s ),0.0,Alpine
1194,18.0,4,64.0,0.0,True,False,False,,,1267,9920,Race,Zandvoort,Netherlands,2025-08-31T13:00:00+00:00,Lando NORRIS,McLaren,,65.0,80.764375,72.379,15.224110941279331,2.0,42.650000000000006,21.325000000000003,3.0,"['MEDIUM', 'HARD']",2.0,,,,,,,15.0,18,64.0,Oil leak,0.0,McLaren
1195,,16,52.0,0.0,True,False,False,,,1267,9920,Race,Zandvoort,Netherlands,2025-08-31T13:00:00+00:00,Charles LECLERC,Ferrari,,53.0,78.79717307692309,74.557,9.03354591904075,2.0,34.123000000000005,17.061500000000002,3.0,"['MEDIUM', 'HARD', 'SOFT']",6.0,,,,,,,15.0,ab,52.0,Collision,0.0,Ferrari
1196,,44,22.0,0.0,True,False,False,,,1267,9920,Race,Zandvoort,Netherlands,2025-08-31T13:00:00+00:00,Lewis HAMILTON,Ferrari,,23.0,76.62777272727273,75.684,1.535724644584013,,,,1.0,['MEDIUM'],7.0,,,,,,,15.0,ab,22.0,Accident,0.0,Ferrari
1197,1.0,1,53.0,25.0,False,False,False,4404.325,0,1268,9912,Race,Monza,Italy,2025-09-07T13:00:00+00:00,Max VERSTAPPEN,Red Bull Racing,,53.0,83.1068679245283,81.003,2.975031144230877,1.0,24.545,24.545,2.0,"['MEDIUM', 'HARD']",1.0,142.12785789064876,352.0,45.277194285907264,10.33251156664753,6238.301306946742,0.004120090506906217,16.0,1,53,1h 13m 24.325s ( 250.706 km/h ),25.0,Red Bull
1198,2.0,4,53.0,18.0,False,False,False,4423.532,19.207,1268,9912,Race,Monza,Italy,2025-09-07T13:00:00+00:00,Lando NORRIS,McLaren,,53.0,83.47216981132075,80.901,3.240644764524549,1.0,27.498,27.498,2.0,"['MEDIUM', 'SOFT']",2.0,142.36071054675628,340.0,44.980243828307046,10.125831616628956,6276.519367802506,0.0011482219445476344,16.0,2,53,1h 13m 43.532s ( +19.207s ),18.0,McLaren
1199,3.0,81,53.0,15.0,False,False,False,4425.676,21.351,1268,9912,Race,Monza,Italy,2025-09-07T13:00:00+00:00,Oscar PIASTRI,McLaren,,53.0,83.50956603773584,81.245,2.7951428304597514,1.0,23.602,23.602,2.0,"['MEDIUM', 'SOFT']",3.0,142.27003478437067,354.0,44.76799162473405,10.261051636216271,6243.909459322549,0.009759886528654891,16.0,3,53,1h 13m 45.676s ( +21.351s ),15.0,McLaren
1200,4.0,16,53.0,12.0,False,False,False,4429.949,25.624,1268,9912,Race,Monza,Italy,2025-09-07T13:00:00+00:00,Charles LECLERC,Ferrari,,53.0,83.59192452830189,81.294,3.0282313246733583,1.0,24.235,24.235,2.0,"['MEDIUM', 'HARD']",4.0,142.37881192799972,355.0,45.20664617878491,10.338995643510858,6319.350984431461,0.0032420384316639086,16.0,4,53,1h 13m 49.949s ( +25.624s ),12.0,Ferrari
1201,5.0,63,53.0,10.0,False,False,False,4437.206,32.881,1268,9912,Race,Monza,Italy,2025-09-07T13:00:00+00:00,George RUSSELL,Mercedes,,53.0,83.72756603773584,81.8,3.197039817787177,1.0,25.021,25.021,2.0,"['MEDIUM', 'HARD']",5.0,142.3637161865523,350.0,44.36594508797406,8.952618959170579,6373.05430414373,0.0308331363344703,16.0,5,53,1h 13m 57.206s ( +32.881s ),10.0,Mercedes
1202,6.0,44,53.0,8.0,False,False,False,4441.774,37.449,1268,9912,Race,Monza,Italy,2025-09-07T13:00:00+00:00,Lewis HAMILTON,Ferrari,,53.0,83.81296226415094,81.546,3.0627896155821515,1.0,23.971,23.971,2.0,"['MEDIUM', 'HARD']",10.0,,,,,,,16.0,6,53,1h 14m 01.774s ( +37.449s ),8.0,Ferrari
1203,7.0,23,53.0,6.0,False,False,False,4454.862,50.537,1268,9912,Race,Monza,Italy,2025-09-07T13:00:00+00:00,Alexander ALBON,Williams,,53.0,84.06098113207547,81.368,3.1636286401400042,1.0,24.717,24.717,2.0,"['HARD', 'MEDIUM']",14.0,,,,,,,16.0,7,53,1h 14m 14.862s ( +50.537s ),6.0,Williams
1204,8.0,5,53.0,4.0,False,False,False,4462.809,58.484,1268,9912,Race,Monza,Italy,2025-09-07T13:00:00+00:00,Gabriel BORTOLETO,Kick Sauber,,53.0,84.20918867924527,82.139,3.4734160311218067,1.0,26.143,26.143,2.0,"['MEDIUM', 'HARD']",7.0,,,,,,,16.0,8,53,1h 14m 22.809s ( +58.484s ),4.0,Kick Sauber
1205,9.0,12,53.0,2.0,False,False,False,4464.087,59.762,1268,9912,Race,Monza,Italy,2025-09-07T13:00:00+00:00,Kimi ANTONELLI,Mercedes,,53.0,84.14115094339623,81.968,3.2158750537596013,1.0,24.916,24.916,2.0,"['MEDIUM', 'HARD']",6.0,,,,,,,16.0,9,53,1h 14m 24.087s ( +59.762s ),2.0,Mercedes
1206,10.0,6,53.0,1.0,False,False,False,4468.216,63.891,1268,9912,Race,Monza,Italy,2025-09-07T13:00:00+00:00,Isack HADJAR,Racing Bulls,,53.0,84.31350943396227,82.133,3.2977197169620163,1.0,24.326,24.326,2.0,"['HARD', 'MEDIUM']",19.0,,,,,,,16.0,10,53,1h 14m 28.216s ( +1m 03.891s ),1.0,Racing Bulls
1207,11.0,55,53.0,0.0,False,False,False,4468.794,64.469,1268,9912,Race,Monza,Italy,2025-09-07T13:00:00+00:00,Carlos SAINZ,Williams,,53.0,84.32483018867926,81.74,3.3340522337738867,1.0,24.605,24.605,2.0,"['MEDIUM', 'HARD']",13.0,,,,,,,16.0,11,53,1h 14m 28.794s ( +1m 04.469s ),0.0,Williams
1208,12.0,87,53.0,0.0,False,False,False,4483.613,79.288,1268,9912,Race,Monza,Italy,2025-09-07T13:00:00+00:00,Oliver BEARMAN,Haas F1 Team,,53.0,84.41624528301887,81.82,3.5870201577014007,1.0,25.372,25.372,2.0,"['MEDIUM', 'HARD']",11.0,,,,,,,,,,,,
1209,13.0,22,53.0,0.0,False,False,False,4485.026,80.701,1268,9912,Race,Monza,Italy,2025-09-07T13:00:00+00:00,Yuki TSUNODA,Red Bull Racing,,53.0,84.63237735849056,82.712,3.22475513814863,1.0,24.372,24.372,2.0,"['MEDIUM', 'HARD']",9.0,,,,,,,16.0,13,53,1h 14m 45.026s ( +1m 20.701s ),0.0,Red Bull
1210,14.0,30,53.0,0.0,False,False,False,4486.676,82.351,1268,9912,Race,Monza,Italy,2025-09-07T13:00:00+00:00,Liam LAWSON,Racing Bulls,,53.0,84.66035849056604,82.777,3.3536090954622204,1.0,24.156,24.156,2.0,"['SOFT', 'HARD']",18.0,,,,,,,,,,,,
1211,15.0,31,52.0,0.0,False,False,False,,+1 LAP,1268,9912,Race,Monza,Italy,2025-09-07T13:00:00+00:00,Esteban OCON,Haas F1 Team,,52.0,84.74813461538461,82.892,3.9926925311361035,1.0,30.754,30.754,2.0,"['HARD', 'SOFT']",15.0,,,,,,,16.0,15,52,,0.0,Haas
1212,16.0,10,52.0,0.0,False,False,False,,+1 LAP,1268,9912,Race,Monza,Italy,2025-09-07T13:00:00+00:00,Pierre GASLY,Alpine,,52.0,84.81796153846153,82.185,3.27436956339803,1.0,25.012,25.012,2.0,"['HARD', 'SOFT']",20.0,,,,,,,16.0,16,52,,0.0,Alpine
1213,17.0,43,52.0,0.0,False,False,False,,+1 LAP,1268,9912,Race,Monza,Italy,2025-09-07T13:00:00+00:00,Franco COLAPINTO,Alpine,,52.0,84.84976923076923,82.239,3.3761347351109863,1.0,24.971,24.971,2.0,"['MEDIUM', 'HARD']",17.0,,,,,,,16.0,17,52,,0.0,Alpine
1214,18.0,18,52.0,0.0,False,False,False,,+1 LAP,1268,9912,Race,Monza,Italy,2025-09-07T13:00:00+00:00,Lance STROLL,Aston Martin,,52.0,84.88530769230769,82.164,4.852816047383582,1.0,38.418,38.418,2.0,"['HARD', 'SOFT']",16.0,,,,,,,16.0,18,52,,0.0,Aston Martin
1215,,14,24.0,0.0,True,False,False,,,1268,9912,Race,Monza,Italy,2025-09-07T13:00:00+00:00,Fernando ALONSO,Aston Martin,,25.0,86.74391666666666,83.757,6.196748620931342,1.0,25.16,25.16,2.0,"['MEDIUM', 'HARD']",8.0,,,,,,,16.0,ab,24,Suspension,0.0,Aston Martin
1216,,27,0.0,0.0,False,True,False,,,1268,9912,Race,Monza,Italy,2025-09-07T13:00:00+00:00,Nico HULKENBERG,Kick Sauber,,1.0,,,,,,,1.0,['MEDIUM'],12.0,,,,,,,16.0,np,tf,Hydraulics,0.0,Kick Sauber
1217,1.0,1,51.0,25.0,False,False,False,5606.408,0,1269,9904,Race,Baku,Azerbaijan,2025-09-21T11:00:00+00:00,Max VERSTAPPEN,Red Bull Racing,,51.0,109.93817647058823,103.388,16.56338647826088,1.0,20.221,20.221,2.0,"['HARD', 'MEDIUM']",1.0,127.97562160617319,329.0,41.54058302372106,17.48179479851386,6864.51308945413,0.0,17.0,1,51.0,1h 33m 26.408s ( 196.521 km/h ),25.0,Red Bull
1218,2.0,63,51.0,18.0,False,False,False,5621.017,14.609,1269,9904,Race,Baku,Azerbaijan,2025-09-21T11:00:00+00:00,George RUSSELL,Mercedes,,51.0,110.22674509803922,103.754,16.232448053011776,1.0,19.809,19.809,2.0,"['HARD', 'MEDIUM']",5.0,127.72203486710488,350.0,41.69794226921978,15.456873392397828,6872.162417833667,0.01946270362960846,17.0,2,51.0,1h 33m 41.017s ( +14.609s ),18.0,Mercedes
1219,3.0,55,51.0,15.0,False,False,False,5625.607,19.199,1269,9904,Race,Baku,Azerbaijan,2025-09-21T11:00:00+00:00,Carlos SAINZ,Williams,,51.0,110.31358823529412,103.972,16.486195786992806,1.0,20.508,20.508,2.0,"['MEDIUM', 'HARD']",2.0,130.2290082880823,328.0,49.157330665904546,26.67459274078308,7011.5818805372965,0.0,17.0,3,51.0,1h 33m 45.607s ( +19.199s ),15.0,Williams
1220,4.0,12,51.0,12.0,False,False,False,5628.168,21.76,1269,9904,Race,Baku,Azerbaijan,2025-09-21T11:00:00+00:00,Kimi ANTONELLI,Mercedes,,51.0,110.36572549019608,104.091,16.35302978176024,1.0,20.669,20.669,2.0,"['MEDIUM', 'HARD']",4.0,127.38725350100029,348.0,48.831694769934266,24.14095455844527,7013.624149757074,0.02254929979994284,17.0,4,51.0,1h 33m 48.168s ( +21.760s ),12.0,Mercedes
1221,5.0,30,51.0,10.0,False,False,False,5639.698,33.29,1269,9904,Race,Baku,Azerbaijan,2025-09-21T11:00:00+00:00,Liam LAWSON,Racing Bulls,,51.0,110.59013725490196,104.531,16.29793863777823,1.0,20.283,20.283,2.0,"['MEDIUM', 'HARD']",3.0,127.7464989997142,342.0,40.332609316947696,16.464704201200345,6821.991769076879,0.005001428979708488,,,,,,
1222,6.0,22,51.0,8.0,False,False,False,5640.216,33.808,1269,9904,Race,Baku,Azerbaijan,2025-09-21T11:00:00+00:00,Yuki TSUNODA,Red Bull Racing,,51.0,110.59982352941176,104.434,16.00553836608552,1.0,20.323,20.323,2.0,"['HARD', 'MEDIUM']",6.0,,,,,,,17.0,6,51.0,1h 34m 00.216s ( +33.808s ),8.0,Red Bull
1223,7.0,4,51.0,6.0,False,False,False,5640.635,34.227,1269,9904,Race,Baku,Azerbaijan,2025-09-21T11:00:00+00:00,Lando NORRIS,McLaren,,51.0,110.60847058823529,104.155,15.926042098842952,1.0,21.975,21.975,2.0,"['MEDIUM', 'HARD']",7.0,,,,,,,17.0,7,51.0,1h 34m 00.635s ( +34.227s ),6.0,McLaren
1224,8.0,44,51.0,4.0,False,False,False,5642.718,36.31,1269,9904,Race,Baku,Azerbaijan,2025-09-21T11:00:00+00:00,Lewis HAMILTON,Ferrari,,51.0,110.65080392156862,103.977,15.766534770861497,1.0,20.062,20.062,2.0,"['HARD', 'MEDIUM']",12.0,,,,,,,17.0,8,51.0,1h 34m 02.718s ( +36.310s ),4.0,Ferrari
1225,9.0,16,51.0,2.0,False,False,False,5643.182,36.774,1269,9904,Race,Baku,Azerbaijan,2025-09-21T11:00:00+00:00,Charles LECLERC,Ferrari,,51.0,110.65862745098039,104.274,15.829871572392225,1.0,20.5,20.5,2.0,"['MEDIUM', 'HARD']",10.0,,,,,,,17.0,9,51.0,1h 34m 03.182s ( +36.774s ),2.0,Ferrari
1226,10.0,6,51.0,1.0,False,False,False,5645.39,38.982,1269,9904,Race,Baku,Azerbaijan,2025-09-21T11:00:00+00:00,Isack HADJAR,Racing Bulls,,51.0,110.70274509803922,103.884,15.894209079841803,1.0,20.294,20.294,2.0,"['MEDIUM', 'HARD']",8.0,,,,,,,17.0,10,51.0,1h 34m 05.390s ( +38.982s ),1.0,Racing Bulls
1227,11.0,5,51.0,0.0,False,False,False,5674.014,67.606,1269,9904,Race,Baku,Azerbaijan,2025-09-21T11:00:00+00:00,Gabriel BORTOLETO,Kick Sauber,,51.0,111.2633725490196,104.93,15.570958082225749,1.0,20.845,20.845,2.0,"['HARD', 'MEDIUM']",13.0,,,,,,,17.0,11,51.0,1h 34m 34.014s ( +1m 07.606s ),0.0,Kick Sauber
1228,12.0,87,51.0,0.0,False,False,False,5674.67,68.262,1269,9904,Race,Baku,Azerbaijan,2025-09-21T11:00:00+00:00,Oliver BEARMAN,Haas F1 Team,,51.0,111.27501960784313,104.288,15.542042973161788,1.0,21.194,21.194,2.0,"['HARD', 'MEDIUM']",15.0,,,,,,,,,,,,
1229,13.0,23,51.0,0.0,False,False,False,5679.278,72.87,1269,9904,Race,Baku,Azerbaijan,2025-09-21T11:00:00+00:00,Alexander ALBON,Williams,,51.0,111.16890196078431,104.152,15.482538466614454,2.0,41.247,20.6235,3.0,"['MEDIUM', 'HARD']",19.0,,,,,,,17.0,13,51.0,1h 34m 39.278s ( +1m 12.870s ),0.0,Williams
1230,14.0,31,51.0,0.0,False,False,False,5683.988,77.58,1269,9904,Race,Baku,Azerbaijan,2025-09-21T11:00:00+00:00,Esteban OCON,Haas F1 Team,,51.0,111.45903921568627,105.388,15.256208092394093,2.0,41.45,20.725,3.0,"['HARD', 'MEDIUM']",20.0,,,,,,,17.0,14,51.0,1h 34m 43.988s ( +1m 17.580s ),0.0,Haas
1231,15.0,14,51.0,0.0,False,False,False,5685.115,78.707,1269,9904,Race,Baku,Azerbaijan,2025-09-21T11:00:00+00:00,Fernando ALONSO,Aston Martin,,51.0,111.48203921568627,105.002,15.657142519579736,1.0,25.768,25.768,2.0,"['MEDIUM', 'HARD']",11.0,,,,,,,17.0,15,51.0,1h 34m 45.115s ( +1m 18.707s ),0.0,Aston Martin
1232,16.0,27,51.0,0.0,False,False,False,5686.645,80.237,1269,9904,Race,Baku,Azerbaijan,2025-09-21T11:00:00+00:00,Nico HULKENBERG,Kick Sauber,,51.0,111.51225490196079,104.37,15.389433899715925,1.0,19.97,19.97,2.0,"['HARD', 'MEDIUM']",17.0,,,,,,,17.0,16,51.0,1h 34m 46.645s ( +1m 20.237s ),0.0,Kick Sauber
1233,17.0,18,51.0,0.0,False,False,False,5702.8,96.392,1269,9904,Race,Baku,Azerbaijan,2025-09-21T11:00:00+00:00,Lance STROLL,Aston Martin,,51.0,111.82952941176471,105.083,15.461953977881244,1.0,21.82,21.82,2.0,"['MEDIUM', 'HARD']",14.0,,,,,,,17.0,17,51.0,1h 35m 02.800s ( +1m 36.392s ),0.0,Aston Martin
1234,18.0,10,50.0,0.0,False,False,False,,+1 LAP,1269,9904,Race,Baku,Azerbaijan,2025-09-21T11:00:00+00:00,Pierre GASLY,Alpine,,50.0,112.21178,105.492,15.345377436377964,1.0,21.5,21.5,2.0,"['HARD', 'MEDIUM']",18.0,,,,,,,17.0,18,50.0,,0.0,Alpine
1235,19.0,43,50.0,0.0,False,False,False,,+1 LAP,1269,9904,Race,Baku,Azerbaijan,2025-09-21T11:00:00+00:00,Franco COLAPINTO,Alpine,,50.0,112.26144000000001,106.055,15.759546775778784,1.0,21.088,21.088,2.0,"['MEDIUM', 'HARD']",16.0,,,,,,,17.0,19,50.0,,0.0,Alpine
1236,,81,0.0,0.0,True,False,False,,,1269,9904,Race,Baku,Azerbaijan,2025-09-21T11:00:00+00:00,Oscar PIASTRI,McLaren,,1.0,,,,,,,1.0,['MEDIUM'],9.0,,,,,,,17.0,ab,0.0,Accident,0.0,McLaren
1237,1.0,63,62.0,25.0,False,False,False,6022.367,0,1270,9896,Race,Singapore,Singapore,2025-10-05T12:00:00+00:00,George RUSSELL,Mercedes,,62.0,97.14135483870967,95.676,2.4992377073673913,1.0,23.966,23.966,2.0,"['MEDIUM', 'HARD']",1.0,127.91773921146118,311.0,41.874963601421,18.28268592394153,7375.982994583891,0.0020383204239706482,18.0,1.0,62.0,1h 40m 22.367s ( 182.522 km/h ),25.0,Mercedes
1238,2.0,1,62.0,18.0,False,False,False,6027.797,5.43,1270,9896,Race,Singapore,Singapore,2025-10-05T12:00:00+00:00,Max VERSTAPPEN,Red Bull Racing,,62.0,97.22853225806452,95.649,2.5722349771416337,1.0,24.008,24.008,2.0,"['SOFT', 'HARD']",2.0,126.26672878690816,308.0,41.854522159454895,19.0347679226603,7143.890542193233,0.002591578824762681,18.0,2.0,62.0,1h 40m 27.797s ( +05.430s ),18.0,Red Bull
1239,3.0,4,62.0,15.0,False,False,False,6028.433,6.066,1270,9896,Race,Singapore,Singapore,2025-10-05T12:00:00+00:00,Lando NORRIS,McLaren,,62.0,97.23890322580645,95.555,2.478719160979273,1.0,23.314,23.314,2.0,"['MEDIUM', 'HARD']",5.0,128.18347795702056,314.0,41.178935414361426,19.400500844447034,7485.072273018462,0.04263001572418613,18.0,3.0,62.0,1h 40m 28.433s ( +06.066s ),15.0,McLaren
1240,4.0,81,62.0,12.0,False,False,False,6030.513,8.146,1270,9896,Race,Singapore,Singapore,2025-10-05T12:00:00+00:00,Oscar PIASTRI,McLaren,,62.0,97.27201612903225,95.408,3.0285666928186252,1.0,26.637,26.637,2.0,"['MEDIUM', 'HARD']",3.0,128.1183390600431,312.0,42.180769902742995,20.73414477898783,7325.5460369227185,0.006726457399103139,18.0,4.0,62.0,1h 40m 30.513s ( +08.146s ),12.0,McLaren
1241,5.0,12,62.0,10.0,False,False,False,6056.048,33.681,1270,9896,Race,Singapore,Singapore,2025-10-05T12:00:00+00:00,Kimi ANTONELLI,Mercedes,,62.0,97.68295161290322,95.303,2.8256309054817743,1.0,23.806,23.806,2.0,"['MEDIUM', 'HARD']",4.0,127.51281229980782,316.0,42.49819463048163,20.755692737755517,7554.604303767981,0.029351814105177332,18.0,5.0,62.0,1h 40m 56.048s ( +33.681s ),10.0,Mercedes
1242,6.0,16,62.0,8.0,False,False,False,6068.363,45.996,1270,9896,Race,Singapore,Singapore,2025-10-05T12:00:00+00:00,Charles LECLERC,Ferrari,,62.0,97.88312903225807,95.983,2.822580829746912,1.0,23.63,23.63,2.0,"['MEDIUM', 'HARD']",7.0,,,,,,,18.0,6.0,62.0,1h 41m 08.363s ( +45.996s ),8.0,Ferrari
1243,7.0,14,62.0,6.0,False,False,False,6103.034,80.667,1270,9896,Race,Singapore,Singapore,2025-10-05T12:00:00+00:00,Fernando ALONSO,Aston Martin,,62.0,98.44103225806451,95.862,3.791763800694056,1.0,30.749,30.749,2.0,"['SOFT', 'MEDIUM']",10.0,,,,,,,18.0,7.0,62.0,1h 41m 43.034s ( +1m 20.667s ),6.0,Aston Martin
1244,8.0,44,62.0,4.0,False,False,False,6107.618,85.251,1270,9896,Race,Singapore,Singapore,2025-10-05T12:00:00+00:00,Lewis HAMILTON,Ferrari,,62.0,98.4358064516129,93.808,5.451185041380224,2.0,48.138000000000005,24.069000000000003,3.0,"['MEDIUM', 'HARD', 'SOFT']",6.0,,,,,,,18.0,8.0,62.0,1h 41m 47.618s ( +1m 25.251s ),4.0,Ferrari
1245,9.0,87,62.0,2.0,False,False,False,6115.894,93.527,1270,9896,Race,Singapore,Singapore,2025-10-05T12:00:00+00:00,Oliver BEARMAN,Haas F1 Team,,62.0,98.65038709677418,96.201,2.9256457062534587,1.0,23.979,23.979,2.0,"['MEDIUM', 'HARD']",9.0,,,,,,,,,,,,
1246,10.0,55,61.0,1.0,False,False,False,,+1 LAP,1270,9896,Race,Singapore,Singapore,2025-10-05T12:00:00+00:00,Carlos SAINZ,Williams,,61.0,98.91008196721312,94.963,3.3909080066902515,1.0,24.075,24.075,2.0,"['MEDIUM', 'SOFT']",18.0,,,,,,,18.0,10.0,61.0,,1.0,Williams
1247,11.0,6,61.0,0.0,False,False,False,,+1 LAP,1270,9896,Race,Singapore,Singapore,2025-10-05T12:00:00+00:00,Isack HADJAR,Racing Bulls,,61.0,99.01737704918034,96.938,2.9348800666235886,1.0,23.827,23.827,2.0,"['SOFT', 'HARD']",8.0,,,,,,,18.0,11.0,61.0,,0.0,Racing Bulls
1248,12.0,22,61.0,0.0,False,False,False,,+1 LAP,1270,9896,Race,Singapore,Singapore,2025-10-05T12:00:00+00:00,Yuki TSUNODA,Red Bull Racing,,61.0,99.04811475409835,96.831,3.496827939234648,1.0,24.61,24.61,2.0,"['SOFT', 'HARD']",13.0,,,,,,,18.0,12.0,61.0,,0.0,Red Bull
1249,13.0,18,61.0,0.0,False,False,False,,+1 LAP,1270,9896,Race,Singapore,Singapore,2025-10-05T12:00:00+00:00,Lance STROLL,Aston Martin,,61.0,99.13355737704919,95.851,3.1543832229908833,1.0,24.012,24.012,2.0,"['SOFT', 'MEDIUM']",15.0,,,,,,,18.0,13.0,61.0,,0.0,Aston Martin
1250,14.0,23,61.0,0.0,False,False,False,,+1 LAP,1270,9896,Race,Singapore,Singapore,2025-10-05T12:00:00+00:00,Alexander ALBON,Williams,,61.0,99.14936065573771,95.648,3.7759728593339057,1.0,25.732,25.732,2.0,"['MEDIUM', 'SOFT']",20.0,,,,,,,18.0,14.0,61.0,,0.0,Williams
1251,15.0,30,61.0,0.0,False,False,False,,+1 LAP,1270,9896,Race,Singapore,Singapore,2025-10-05T12:00:00+00:00,Liam LAWSON,Racing Bulls,,61.0,99.17916393442623,95.641,3.1630771050794206,1.0,24.027,24.027,2.0,"['MEDIUM', 'SOFT']",12.0,,,,,,,,,,,,
1252,16.0,43,61.0,0.0,False,False,False,,+1 LAP,1270,9896,Race,Singapore,Singapore,2025-10-05T12:00:00+00:00,Franco COLAPINTO,Alpine,,61.0,99.43631147540984,97.182,2.9514185998204514,1.0,24.04,24.04,2.0,"['SOFT', 'MEDIUM']",16.0,,,,,,,18.0,16.0,61.0,,0.0,Alpine
1253,17.0,5,61.0,0.0,False,False,False,,+1 LAP,1270,9896,Race,Singapore,Singapore,2025-10-05T12:00:00+00:00,Gabriel BORTOLETO,Kick Sauber,,61.0,99.49786885245902,97.126,3.9547591855695825,1.0,32.856,32.856,2.0,"['MEDIUM', 'HARD']",14.0,,,,,,,18.0,17.0,61.0,,0.0,Kick Sauber
1254,18.0,31,61.0,0.0,False,False,False,,+1 LAP,1270,9896,Race,Singapore,Singapore,2025-10-05T12:00:00+00:00,Esteban OCON,Haas F1 Team,,61.0,99.50695081967213,96.646,3.229520565172847,1.0,25.078,25.078,2.0,"['MEDIUM', 'HARD']",17.0,,,,,,,18.0,18.0,61.0,,0.0,Haas
1255,19.0,10,61.0,0.0,False,False,False,,+1 LAP,1270,9896,Race,Singapore,Singapore,2025-10-05T12:00:00+00:00,Pierre GASLY,Alpine,,61.0,99.51152459016394,94.573,4.091415601013737,2.0,50.771,25.3855,3.0,"['MEDIUM', 'HARD', 'SOFT']",19.0,,,,,,,18.0,19.0,61.0,,0.0,Alpine
1256,20.0,27,61.0,0.0,False,False,False,,+1 LAP,1270,9896,Race,Singapore,Singapore,2025-10-05T12:00:00+00:00,Nico HULKENBERG,Kick Sauber,,61.0,99.5358524590164,95.404,5.256051771802562,2.0,55.900000000000006,27.950000000000003,3.0,"['MEDIUM', 'HARD', 'SOFT']",11.0,,,,,,,18.0,20.0,61.0,,0.0,Kick Sauber
1257,1.0,1,56.0,25.0,False,False,False,5640.161,0,1271,9888,Race,Austin,United States,2025-10-19T19:00:00+00:00,Max VERSTAPPEN,Red Bull Racing,,56.0,100.7254642857143,97.991,6.336056203734553,1.0,23.987,23.987,2.0,"['MEDIUM', 'SOFT']",1.0,130.22782521048262,329.0,40.56261117040199,14.212024190679474,6848.308994426658,0.0007707814538124037,19.0,1,56.0,1h 34m 00.161s ( 196.849 km/h ),25.0,Red Bull
1258,2.0,4,56.0,18.0,False,False,False,5648.12,7.959,1271,9888,Race,Austin,United States,2025-10-19T19:00:00+00:00,Lando NORRIS,McLaren,,56.0,100.86523214285715,97.62,6.308874750528596,1.0,24.58,24.58,2.0,"['MEDIUM', 'SOFT']",2.0,130.15383019091664,336.0,40.46762717893988,14.277244159848216,6954.0167793193405,0.02887465907743389,19.0,2,56.0,1h 34m 08.120s ( +07.959s ),18.0,McLaren
1259,3.0,16,56.0,15.0,False,False,False,5655.534,15.373,1271,9888,Race,Austin,United States,2025-10-19T19:00:00+00:00,Charles LECLERC,Ferrari,,56.0,100.99839285714286,98.231,6.281887286414873,1.0,23.718,23.718,2.0,"['SOFT', 'MEDIUM']",3.0,129.86161508360013,331.0,45.45452389422507,19.46436618048144,6975.97764733784,0.004268943436499467,19.0,3,56.0,1h 34m 15.534s ( +15.373s ),15.0,Ferrari
1260,4.0,44,56.0,12.0,False,False,False,5668.697,28.536,1271,9888,Race,Austin,United States,2025-10-19T19:00:00+00:00,Lewis HAMILTON,Ferrari,,56.0,101.23255357142857,98.361,6.237190725200927,1.0,23.937,23.937,2.0,"['MEDIUM', 'SOFT']",5.0,129.92891023360608,332.0,43.72242974030594,17.667496739001542,6842.4149768765565,0.010968812996561128,19.0,4,56.0,1h 34m 28.697s ( +28.536s ),12.0,Ferrari
1261,5.0,81,56.0,10.0,False,False,False,5669.839,29.678,1271,9888,Race,Austin,United States,2025-10-19T19:00:00+00:00,Oscar PIASTRI,McLaren,,56.0,101.25426785714285,98.564,6.314041697938937,1.0,23.452,23.452,2.0,"['MEDIUM', 'SOFT']",6.0,130.0206925174908,333.0,40.48452508004269,14.140875133404482,6937.223348748962,0.0024605715640934425,19.0,5,56.0,1h 34m 29.839s ( +29.678s ),10.0,McLaren
1262,6.0,63,56.0,8.0,False,False,False,5673.617,33.456,1271,9888,Race,Austin,United States,2025-10-19T19:00:00+00:00,George RUSSELL,Mercedes,,56.0,101.32092857142857,98.224,6.230689536792542,1.0,23.555,23.555,2.0,"['MEDIUM', 'SOFT']",4.0,,,,,,,19.0,6,56.0,1h 34m 33.617s ( +33.456s ),8.0,Mercedes
1263,7.0,22,56.0,6.0,False,False,False,5692.875,52.714,1271,9888,Race,Austin,United States,2025-10-19T19:00:00+00:00,Yuki TSUNODA,Red Bull Racing,,56.0,101.66455357142857,98.803,6.320487938355394,1.0,24.539,24.539,2.0,"['MEDIUM', 'SOFT']",13.0,,,,,,,19.0,7,56.0,1h 34m 52.875s ( +52.714s ),6.0,Red Bull
1264,8.0,27,56.0,4.0,False,False,False,5697.41,57.249,1271,9888,Race,Austin,United States,2025-10-19T19:00:00+00:00,Nico HULKENBERG,Kick Sauber,,56.0,101.74628571428572,98.372,6.361318338818787,1.0,23.753,23.753,2.0,"['MEDIUM', 'SOFT']",11.0,,,,,,,19.0,8,56.0,1h 34m 57.410s ( +57.249s ),4.0,Kick Sauber
1265,9.0,87,56.0,2.0,False,False,False,5704.883,64.722,1271,9888,Race,Austin,United States,2025-10-19T19:00:00+00:00,Oliver BEARMAN,Haas F1 Team,,56.0,101.87974999999999,99.119,6.129010379112821,1.0,24.11,24.11,2.0,"['MEDIUM', 'SOFT']",8.0,,,,,,,,,,,,
1266,10.0,14,56.0,1.0,False,False,False,5710.162,70.001,1271,9888,Race,Austin,United States,2025-10-19T19:00:00+00:00,Fernando ALONSO,Aston Martin,,56.0,101.97317857142856,98.789,6.302700720130423,1.0,24.054,24.054,2.0,"['MEDIUM', 'SOFT']",10.0,,,,,,,19.0,10,56.0,1h 35m 10.162s ( +1m 10.001s ),1.0,Aston Martin
1267,11.0,30,56.0,0.0,False,False,False,5713.37,73.209,1271,9888,Race,Austin,United States,2025-10-19T19:00:00+00:00,Liam LAWSON,Racing Bulls,,56.0,102.03067857142857,98.983,6.227490993700702,1.0,23.681,23.681,2.0,"['MEDIUM', 'SOFT']",12.0,,,,,,,,,,,,
1268,12.0,18,56.0,0.0,False,False,False,5714.939,74.778,1271,9888,Race,Austin,United States,2025-10-19T19:00:00+00:00,Lance STROLL,Aston Martin,,56.0,102.05898214285715,99.071,6.202710388476292,1.0,24.192,24.192,2.0,"['SOFT', 'MEDIUM']",19.0,,,,,,,19.0,12,56.0,1h 35m 14.939s ( +1m 14.778s ),0.0,Aston Martin
1269,13.0,12,56.0,0.0,False,False,False,5715.907,75.746,1271,9888,Race,Austin,United States,2025-10-19T19:00:00+00:00,Kimi ANTONELLI,Mercedes,,56.0,102.07682142857142,97.577,7.293284632534837,1.0,23.949,23.949,2.0,"['MEDIUM', 'SOFT']",7.0,,,,,,,19.0,13,56.0,1h 35m 15.907s ( +1m 15.746s ),0.0,Mercedes
1270,14.0,23,56.0,0.0,False,False,False,5720.161,80.0,1271,9888,Race,Austin,United States,2025-10-19T19:00:00+00:00,Alexander ALBON,Williams,,56.0,102.15210714285715,98.328,7.381313277283566,2.0,48.345,24.1725,3.0,"['HARD', 'MEDIUM', 'SOFT']",18.0,,,,,,,19.0,14,56.0,1h 35m 20.161s ( +1m 20.000s ),0.0,Williams
1271,15.0,31,56.0,0.0,False,False,False,5723.204,83.043,1271,9888,Race,Austin,United States,2025-10-19T19:00:00+00:00,Esteban OCON,Haas F1 Team,,56.0,102.20841071428572,99.263,6.271868803059597,1.0,25.06,25.06,2.0,"['HARD', 'MEDIUM']",17.0,,,,,,,19.0,15,56.0,1h 35m 23.204s ( +1m 23.043s ),0.0,Haas
1272,16.0,6,56.0,0.0,False,False,False,5732.968,92.807,1271,9888,Race,Austin,United States,2025-10-19T19:00:00+00:00,Isack HADJAR,Racing Bulls,,56.0,102.38142857142857,98.724,6.256415549024688,1.0,23.831,23.831,2.0,"['HARD', 'SOFT']",20.0,,,,,,,19.0,16,56.0,1h 35m 32.968s ( +1m 32.807s ),0.0,Racing Bulls
1273,17.0,43,55.0,0.0,False,False,False,,+1 LAP,1271,9888,Race,Austin,United States,2025-10-19T19:00:00+00:00,Franco COLAPINTO,Alpine,,55.0,102.59714545454545,99.173,6.230151004109506,1.0,24.045,24.045,2.0,"['MEDIUM', 'SOFT']",15.0,,,,,,,19.0,17,55.0,,0.0,Alpine
1274,18.0,5,55.0,0.0,False,False,False,,+1 LAP,1271,9888,Race,Austin,United States,2025-10-19T19:00:00+00:00,Gabriel BORTOLETO,Kick Sauber,,55.0,102.61885454545455,98.275,6.728817342616981,2.0,49.574,24.787,3.0,"['SOFT', 'MEDIUM']",16.0,,,,,,,19.0,18,55.0,,0.0,Kick Sauber
1275,19.0,10,55.0,0.0,False,False,False,,+1 LAP,1271,9888,Race,Austin,United States,2025-10-19T19:00:00+00:00,Pierre GASLY,Alpine,,55.0,102.66792727272727,99.27,6.244422782251512,1.0,26.631,26.631,2.0,"['MEDIUM', 'SOFT']",14.0,,,,,,,19.0,19,55.0,,0.0,Alpine
1276,,55,5.0,0.0,True,False,False,,,1271,9888,Race,Austin,United States,2025-10-19T19:00:00+00:00,Carlos SAINZ,Williams,,6.0,101.9588,100.327,2.6880606763985018,,,,1.0,['MEDIUM'],9.0,,,,,,,19.0,ab,5.0,Collision,0.0,Williams
1277,1.0,4,71.0,25.0,False,False,False,5878.574,0,1272,9877,Race,Mexico City,Mexico,2025-10-26T20:00:00+00:00,Lando NORRIS,McLaren,,71.0,82.80061971830986,80.764,3.5299709443004823,1.0,22.567,22.567,2.0,"['SOFT', 'MEDIUM']",1.0,120.98053719589369,345.0,37.10358599353115,17.849191393615524,6694.014456475882,0.003037547461679089,20.0,1,71.0,1h 37m 58.574s ( 186.997 km/h ),25.0,McLaren
1278,2.0,16,71.0,18.0,False,False,False,5908.898,30.324,1272,9877,Race,Mexico City,Mexico,2025-10-26T20:00:00+00:00,Charles LECLERC,Ferrari,,71.0,83.22974647887324,81.588,3.287318928064156,1.0,22.215,22.215,2.0,"['SOFT', 'MEDIUM']",2.0,120.86266347911686,331.0,40.590381099704686,21.19904373505836,6675.987006046969,0.00030937983405990717,20.0,2,71.0,1h 38m 28.898s ( +30.324s ),18.0,Ferrari
1279,3.0,1,71.0,15.0,False,False,False,5909.623,31.049,1272,9877,Race,Mexico City,Mexico,2025-10-26T20:00:00+00:00,Max VERSTAPPEN,Red Bull Racing,,71.0,83.23998591549295,81.108,3.424876508693239,1.0,22.762,22.762,2.0,"['MEDIUM', 'SOFT']",5.0,122.42084095063986,353.0,38.11849247644494,19.182449725776966,6552.109801715652,0.01673463647869498,20.0,3,71.0,1h 38m 29.623s ( +31.049s ),15.0,Red Bull
1280,4.0,87,71.0,12.0,False,False,False,5919.529,40.955,1272,9877,Race,Mexico City,Mexico,2025-10-26T20:00:00+00:00,Oliver BEARMAN,Haas F1 Team,,71.0,83.37899999999999,80.705,3.9461195912657603,2.0,44.821,22.4105,3.0,"['SOFT', 'MEDIUM']",9.0,122.60798762480664,350.0,38.7438334973984,20.797749964843202,6876.205006328224,0.01423147236675573,,,,,,
1281,5.0,81,71.0,10.0,False,False,False,5920.639,42.065,1272,9877,Race,Mexico City,Mexico,2025-10-26T20:00:00+00:00,Oscar PIASTRI,McLaren,,71.0,83.39359154929578,80.422,3.9997986898537965,2.0,45.37,22.685,3.0,"['SOFT', 'MEDIUM']",7.0,122.73632400506258,363.0,37.27574180846576,18.750217972155816,6750.329995781184,0.0703417240894389,20.0,5,71.0,1h 38m 40.639s ( +42.065s ),10.0,McLaren
1282,6.0,12,71.0,8.0,False,False,False,5926.411,47.837,1272,9877,Race,Mexico City,Mexico,2025-10-26T20:00:00+00:00,Kimi ANTONELLI,Mercedes,,71.0,83.47549295774648,80.826,4.145685216060668,2.0,46.998999999999995,23.499499999999998,3.0,"['SOFT', 'MEDIUM']",6.0,,,,,,,20.0,6,71.0,1h 38m 46.411s ( +47.837s ),8.0,Mercedes
1283,7.0,63,71.0,6.0,False,False,False,5928.861,50.287,1272,9877,Race,Mexico City,Mexico,2025-10-26T20:00:00+00:00,George RUSSELL,Mercedes,,71.0,83.51138028169014,80.052,4.047306301254833,2.0,44.817,22.4085,3.0,"['SOFT', 'MEDIUM']",4.0,,,,,,,20.0,7,71.0,1h 38m 48.861s ( +50.287s ),6.0,Mercedes
1284,8.0,44,71.0,4.0,False,False,False,5935.02,56.446,1272,9877,Race,Mexico City,Mexico,2025-10-26T20:00:00+00:00,Lewis HAMILTON,Ferrari,,71.0,83.59688732394366,80.601,5.035093378476694,2.0,56.65,28.325,3.0,"['SOFT', 'MEDIUM']",3.0,,,,,,,20.0,8,71.0,1h 38m 55.020s ( +56.446s ),4.0,Ferrari
1285,9.0,31,71.0,2.0,False,False,False,5954.038,75.464,1272,9877,Race,Mexico City,Mexico,2025-10-26T20:00:00+00:00,Esteban OCON,Haas F1 Team,,71.0,83.86422535211267,81.869,3.890611957730277,1.0,23.203,23.203,2.0,"['SOFT', 'MEDIUM']",11.0,,,,,,,20.0,9,71.0,1h 39m 14.038s ( +1m 15.464s ),2.0,Haas
1286,10.0,5,71.0,1.0,False,False,False,5955.437,76.863,1272,9877,Race,Mexico City,Mexico,2025-10-26T20:00:00+00:00,Gabriel BORTOLETO,Kick Sauber,,71.0,83.88371830985915,81.121,3.697602123319145,1.0,22.41,22.41,2.0,"['MEDIUM', 'SOFT']",16.0,,,,,,,20.0,10,71.0,1h 39m 15.437s ( +1m 16.863s ),1.0,Kick Sauber
1287,11.0,22,71.0,0.0,False,False,False,5957.622,79.048,1272,9877,Race,Mexico City,Mexico,2025-10-26T20:00:00+00:00,Yuki TSUNODA,Red Bull Racing,,71.0,83.91432394366198,81.486,4.354308482984403,1.0,31.63,31.63,2.0,"['MEDIUM', 'SOFT']",10.0,,,,,,,20.0,11,71.0,1h 39m 17.622s ( +1m 19.048s ),0.0,Red Bull
1288,12.0,23,70.0,0.0,False,False,False,,+1 LAP,1272,9877,Race,Mexico City,Mexico,2025-10-26T20:00:00+00:00,Alexander ALBON,Williams,,70.0,84.02045714285714,80.48,3.74479990636567,1.0,22.04,22.04,2.0,"['HARD', 'SOFT']",17.0,,,,,,,20.0,12,70.0,,0.0,Williams
1289,13.0,6,70.0,0.0,False,False,False,,+1 LAP,1272,9877,Race,Mexico City,Mexico,2025-10-26T20:00:00+00:00,Isack HADJAR,Racing Bulls,,70.0,84.08142857142857,81.714,3.6040992827267586,1.0,22.196,22.196,2.0,"['MEDIUM', 'SOFT']",8.0,,,,,,,20.0,13,70.0,,0.0,Racing Bulls
1290,14.0,18,70.0,0.0,False,False,False,,+1 LAP,1272,9877,Race,Mexico City,Mexico,2025-10-26T20:00:00+00:00,Lance STROLL,Aston Martin,,70.0,84.08684285714286,80.593,4.431871671334826,2.0,45.784000000000006,22.892000000000003,3.0,"['SOFT', 'MEDIUM']",19.0,,,,,,,20.0,14,70.0,,0.0,Aston Martin
1291,15.0,10,70.0,0.0,False,False,False,,+1 LAP,1272,9877,Race,Mexico City,Mexico,2025-10-26T20:00:00+00:00,Pierre GASLY,Alpine,,70.0,84.6144,82.271,3.753029544943314,1.0,22.834,22.834,2.0,"['MEDIUM', 'SOFT']",18.0,,,,,,,20.0,15,70.0,,0.0,Alpine
1292,16.0,43,70.0,0.0,False,False,False,,+1 LAP,1272,9877,Race,Mexico City,Mexico,2025-10-26T20:00:00+00:00,Franco COLAPINTO,Alpine,,70.0,84.61908571428572,81.342,3.936762801448091,1.0,22.789,22.789,2.0,"['HARD', 'SOFT']",20.0,,,,,,,20.0,16,70.0,,0.0,Alpine
1293,17.0,55,67.0,0.0,True,False,False,,,1272,9877,Race,Mexico City,Mexico,2025-10-26T20:00:00+00:00,Carlos SAINZ,Williams,,68.0,83.8000447761194,80.098,4.491841875818723,3.0,70.902,23.634,4.0,"['MEDIUM', 'SOFT']",12.0,,,,,,,20.0,17,67.0,Accident,0.0,Williams
1294,,14,34.0,0.0,True,False,False,,,1272,9877,Race,Mexico City,Mexico,2025-10-26T20:00:00+00:00,Fernando ALONSO,Aston Martin,,35.0,84.91408823529412,81.708,4.605505719394186,1.0,26.816,26.816,2.0,"['SOFT', 'MEDIUM']",14.0,,,,,,,20.0,ab,34.0,Brakes,0.0,Aston Martin
1295,,27,25.0,0.0,True,False,False,,,1272,9877,Race,Mexico City,Mexico,2025-10-26T20:00:00+00:00,Nico HULKENBERG,Kick Sauber,,26.0,85.02216,83.091,2.5435695010490003,,,,1.0,['SOFT'],13.0,,,,,,,20.0,ab,25.0,Power loss,0.0,Kick Sauber
1296,,30,5.0,0.0,True,False,False,,,1272,9877,Race,Mexico City,Mexico,2025-10-26T20:00:00+00:00,Liam LAWSON,Racing Bulls,,6.0,96.47999999999999,85.124,12.796958486296658,1.0,34.212,34.212,2.0,"['SOFT', 'HARD']",15.0,,,,,,,,,,,,
1297,1.0,4,71.0,25.0,False,False,False,5521.596,0,1273,9869,Race,Interlagos,Brazil,2025-11-09T17:00:00+00:00,Lando NORRIS,McLaren,,71.0,77.77708450704225,73.04,10.31153874168778,2.0,46.727999999999994,23.363999999999997,3.0,"['MEDIUM', 'SOFT']",1.0,129.6175875810385,328.0,39.19187533456254,15.71129483138048,7009.87060607863,0.000921905668232915,21.0,1,71.0,1h 32m 01.596s ( 199.429 km/h ),25.0,McLaren
1298,2.0,12,71.0,18.0,False,False,False,5531.984,10.388,1273,9869,Race,Interlagos,Brazil,2025-11-09T17:00:00+00:00,Kimi ANTONELLI,Mercedes,,71.0,77.9212676056338,73.123,10.218419052947954,2.0,46.757000000000005,23.378500000000003,3.0,"['SOFT', 'MEDIUM']",2.0,131.1444120620948,335.0,40.445845476714446,14.862784749895914,7063.974632724678,0.009813834532802,21.0,2,71.0,1h 32m 11.984s ( +10.388s ),18.0,Mercedes
1299,3.0,1,71.0,15.0,False,False,False,5532.346,10.75,1273,9869,Race,Interlagos,Brazil,2025-11-09T17:00:00+00:00,Max VERSTAPPEN,Red Bull Racing,,71.0,77.92509859154929,72.447,10.280020603307495,3.0,69.566,23.188666666666666,4.0,"['HARD', 'MEDIUM', 'SOFT']",19.0,131.0105573068459,346.0,47.344822458811635,22.53648962112651,6916.012668768215,0.02322607506096473,21.0,3,71.0,1h 32m 12.346s ( +10.750s ),15.0,Red Bull
1300,4.0,63,71.0,12.0,False,False,False,5536.863,15.267,1273,9869,Race,Interlagos,Brazil,2025-11-09T17:00:00+00:00,George RUSSELL,Mercedes,,71.0,77.98954929577465,73.097,9.899341179793906,2.0,46.486000000000004,23.243000000000002,3.0,"['MEDIUM', 'SOFT']",6.0,131.24808184143222,335.0,40.63230833283769,15.23523463986201,7124.126063165408,0.007851067626241598,21.0,4,71.0,1h 32m 16.863s ( +15.267s ),12.0,Mercedes
1301,5.0,81,71.0,10.0,False,False,False,5537.345,15.749,1273,9869,Race,Interlagos,Brazil,2025-11-09T17:00:00+00:00,Oscar PIASTRI,McLaren,,71.0,77.99592957746479,72.742,10.3766156942617,2.0,57.757,28.8785,3.0,"['MEDIUM', 'SOFT']",4.0,129.50002973889252,337.0,39.31318027716648,16.38398858026527,6900.297745791947,0.009575923392612859,21.0,5,71.0,1h 32m 17.345s ( +15.749s ),10.0,McLaren
1302,6.0,87,71.0,8.0,False,False,False,5551.226,29.63,1273,9869,Race,Interlagos,Brazil,2025-11-09T17:00:00+00:00,Oliver BEARMAN,Haas F1 Team,,71.0,78.19197183098592,73.483,9.854018134710078,2.0,48.402,24.201,3.0,"['SOFT', 'MEDIUM']",8.0,,,,,,,,,,,,
1303,7.0,30,71.0,6.0,False,False,False,5574.238,52.642,1273,9869,Race,Interlagos,Brazil,2025-11-09T17:00:00+00:00,Liam LAWSON,Racing Bulls,,71.0,78.51712676056339,74.029,9.552649608398974,1.0,22.899,22.899,2.0,"['SOFT', 'MEDIUM']",7.0,,,,,,,,,,,,
1304,8.0,6,71.0,4.0,False,False,False,5574.469,52.873,1273,9869,Race,Interlagos,Brazil,2025-11-09T17:00:00+00:00,Isack HADJAR,Racing Bulls,,71.0,78.5195352112676,73.694,9.85184261493537,2.0,47.168,23.584,3.0,"['SOFT', 'MEDIUM']",5.0,,,,,,,21.0,8,71.0,1h 32m 54.469s ( +52.873s ),4.0,Racing Bulls
1305,9.0,27,71.0,2.0,False,False,False,5574.92,53.324,1273,9869,Race,Interlagos,Brazil,2025-11-09T17:00:00+00:00,Nico HULKENBERG,Kick Sauber,,71.0,78.52712676056339,73.474,9.541902349905438,1.0,23.0,23.0,2.0,"['MEDIUM', 'SOFT']",10.0,,,,,,,21.0,9,71.0,1h 32m 54.920s ( +53.324s ),2.0,Kick Sauber
1306,10.0,10,71.0,1.0,False,False,False,5575.51,53.914,1273,9869,Race,Interlagos,Brazil,2025-11-09T17:00:00+00:00,Pierre GASLY,Alpine,,71.0,78.53425352112676,73.736,9.704088010021215,2.0,47.321,23.6605,3.0,"['SOFT', 'MEDIUM']",9.0,,,,,,,21.0,10,71.0,1h 32m 55.510s ( +53.914s ),1.0,Alpine
1307,11.0,23,71.0,0.0,False,False,False,5575.78,54.184,1273,9869,Race,Interlagos,Brazil,2025-11-09T17:00:00+00:00,Alexander ALBON,Williams,,71.0,78.53767605633803,72.4,9.68805794009842,2.0,46.173,23.0865,3.0,"['MEDIUM', 'SOFT']",12.0,,,,,,,21.0,11,71.0,1h 32m 55.780s ( +54.184s ),0.0,Williams
1308,12.0,31,71.0,0.0,False,False,False,5576.292,54.696,1273,9869,Race,Interlagos,Brazil,2025-11-09T17:00:00+00:00,Esteban OCON,Haas F1 Team,,71.0,78.54414084507042,73.481,9.94326189982195,2.0,48.381,24.1905,3.0,"['HARD', 'MEDIUM']",20.0,,,,,,,21.0,12,71.0,1h 32m 56.292s ( +54.696s ),0.0,Haas
1309,13.0,55,71.0,0.0,False,False,False,5577.016,55.42,1273,9869,Race,Interlagos,Brazil,2025-11-09T17:00:00+00:00,Carlos SAINZ,Williams,,71.0,78.55564788732394,73.683,9.72468450182111,2.0,49.298,24.649,3.0,"['SOFT', 'MEDIUM']",15.0,,,,,,,21.0,13,71.0,1h 32m 57.016s ( +55.420s ),0.0,Williams
1310,14.0,14,71.0,0.0,False,False,False,5577.362,55.766,1273,9869,Race,Interlagos,Brazil,2025-11-09T17:00:00+00:00,Fernando ALONSO,Aston Martin,,71.0,78.56135211267605,73.312,9.769935026978857,2.0,47.504999999999995,23.752499999999998,3.0,"['HARD', 'MEDIUM']",11.0,,,,,,,21.0,14,71.0,1h 32m 57.362s ( +55.766s ),0.0,Aston Martin
1311,15.0,43,71.0,0.0,False,False,False,5579.373,57.777,1273,9869,Race,Interlagos,Brazil,2025-11-09T17:00:00+00:00,Franco COLAPINTO,Alpine,,71.0,78.58983098591548,72.816,9.82225526326519,2.0,49.834,24.917,3.0,"['MEDIUM', 'SOFT']",16.0,,,,,,,21.0,15,71.0,1h 32m 59.373s ( +57.777s ),0.0,Alpine
1312,16.0,18,71.0,0.0,False,False,False,5579.843,58.247,1273,9869,Race,Interlagos,Brazil,2025-11-09T17:00:00+00:00,Lance STROLL,Aston Martin,,71.0,78.5962957746479,73.094,9.828341781943502,2.0,46.728,23.364,3.0,"['HARD', 'MEDIUM']",14.0,,,,,,,21.0,16,71.0,1h 32m 59.843s ( +58.247s ),0.0,Aston Martin
1313,17.0,22,71.0,0.0,False,False,False,5590.772,69.176,1273,9869,Race,Interlagos,Brazil,2025-11-09T17:00:00+00:00,Yuki TSUNODA,Red Bull Racing,,71.0,78.74853521126761,72.774,10.544368567196672,3.0,91.0,30.333333333333332,4.0,"['HARD', 'MEDIUM']",17.0,,,,,,,21.0,17,71.0,1h 33m 10.772s ( +1m 09.176s ),0.0,Red Bull
1314,,44,37.0,0.0,True,False,False,,,1273,9869,Race,Interlagos,Brazil,2025-11-09T17:00:00+00:00,Lewis HAMILTON,Ferrari,,38.0,82.77508108108108,73.844,13.354422401874503,3.0,94.25399999999999,31.417999999999996,4.0,"['SOFT', 'HARD', 'MEDIUM']",13.0,,,,,,,21.0,ab,37.0,Collision damage,0.0,Ferrari
1315,,16,5.0,0.0,True,False,False,,,1273,9869,Race,Interlagos,Brazil,2025-11-09T17:00:00+00:00,Charles LECLERC,Ferrari,,6.0,105.769,79.981,15.857749288597049,,,,1.0,['MEDIUM'],3.0,,,,,,,21.0,ab,5.0,Collision,0.0,Ferrari
1316,,5,0.0,0.0,True,False,False,,,1273,9869,Race,Interlagos,Brazil,2025-11-09T17:00:00+00:00,Gabriel BORTOLETO,Kick Sauber,,1.0,,,,,,,1.0,['SOFT'],18.0,,,,,,,21.0,ab,0.0,Accident,0.0,Kick Sauber
1317,1.0,1,50.0,25.0,False,False,False,4868.429,0,1274,9858,Race,Las Vegas,United States,2025-11-23T04:00:00+00:00,Max VERSTAPPEN,Red Bull Racing,,50.0,97.3796,93.365,6.897617873333563,1.0,21.708,21.708,2.0,"['MEDIUM', 'HARD']",2.0,147.52973024618618,340.0,46.395553998534986,14.47421892416956,7028.371954520845,0.0008280518487849931,22.0,1,50.0,1h 21m 08.429s ( 229.201 km/h ),25.0,Red Bull
1318,2.0,63,50.0,18.0,False,False,False,4891.975,23.546,1274,9858,Race,Las Vegas,United States,2025-11-23T04:00:00+00:00,George RUSSELL,Mercedes,,50.0,97.84992,94.592,6.721424933474046,1.0,20.929,20.929,3.0,"['MEDIUM', 'HARD']",4.0,146.48517468709196,354.0,44.932991496544474,12.767412974935507,7123.850886970923,0.00716583330679321,22.0,2,50.0,1h 21m 31.975s ( +23.546s ),18.0,Mercedes
1319,3.0,12,50.0,15.0,False,False,False,4898.917,30.488,1274,9858,Race,Las Vegas,United States,2025-11-23T04:00:00+00:00,Kimi ANTONELLI,Mercedes,,50.0,97.88726000000001,93.998,7.961481722439278,1.0,21.968,21.968,2.0,"['SOFT', 'HARD']",17.0,146.59648899225795,357.0,45.78204352120304,13.215152770255202,7170.897409755631,0.008793449517316086,22.0,3,50.0,1h 21m 38.917s ( +30.488s ),15.0,Mercedes
1320,4.0,16,50.0,12.0,False,False,False,4899.107,30.678,1274,9858,Race,Las Vegas,United States,2025-11-23T04:00:00+00:00,Charles LECLERC,Ferrari,,50.0,97.99158,94.304,7.065628357429093,1.0,21.351,21.351,2.0,"['MEDIUM', 'HARD']",9.0,144.2902003248511,355.0,48.48234020191726,17.730883149144876,6983.775948278608,0.027007229529602855,22.0,4,50.0,1h 21m 39.107s ( +30.678s ),12.0,Ferrari
1321,5.0,55,50.0,10.0,False,False,False,4903.353,34.924,1274,9858,Race,Las Vegas,United States,2025-11-23T04:00:00+00:00,Carlos SAINZ,Williams,,50.0,98.07672000000001,94.496,6.91972354066141,1.0,21.164,21.164,2.0,"['MEDIUM', 'HARD']",3.0,144.41931271696552,344.0,50.828975445077866,21.498391668524476,7020.1658333067935,0.004617981464377846,22.0,5,50.0,1h 21m 43.353s ( +34.924s ),10.0,Williams
1322,6.0,6,50.0,8.0,False,False,False,4913.686,45.257,1274,9858,Race,Las Vegas,United States,2025-11-23T04:00:00+00:00,Isack HADJAR,Racing Bulls,,50.0,98.28147999999999,94.62,6.870538663016165,1.0,21.324,21.324,2.0,"['MEDIUM', 'HARD']",8.0,,,,,,,22.0,6,50.0,1h 21m 53.686s ( +45.257s ),8.0,Racing Bulls
1323,7.0,27,50.0,6.0,False,False,False,4919.563,51.134,1274,9858,Race,Las Vegas,United States,2025-11-23T04:00:00+00:00,Nico HULKENBERG,Kick Sauber,,50.0,98.39928,94.592,6.950503675890788,1.0,22.3,22.3,2.0,"['HARD', 'MEDIUM']",11.0,,,,,,,22.0,7,50.0,1h 21m 59.563s ( +51.134s ),6.0,Kick Sauber
1324,8.0,44,50.0,4.0,False,False,False,4927.798,59.369,1274,9858,Race,Las Vegas,United States,2025-11-23T04:00:00+00:00,Lewis HAMILTON,Ferrari,,50.0,98.56639999999999,94.553,7.102079385070031,1.0,21.638,21.638,2.0,"['HARD', 'MEDIUM']",19.0,,,,,,,22.0,8,50.0,1h 22m 07.798s ( +59.369s ),4.0,Ferrari
1325,9.0,31,50.0,2.0,False,False,False,4929.064,60.635,1274,9858,Race,Las Vegas,United States,2025-11-23T04:00:00+00:00,Esteban OCON,Haas F1 Team,,50.0,98.59031999999999,94.557,6.911083696114087,1.0,22.389,22.389,2.0,"['MEDIUM', 'HARD']",13.0,,,,,,,22.0,9,50.0,1h 22m 09.064s ( +1m 00.635s ),2.0,Haas
1326,10.0,87,50.0,1.0,False,False,False,4938.978,70.549,1274,9858,Race,Las Vegas,United States,2025-11-23T04:00:00+00:00,Oliver BEARMAN,Haas F1 Team,,50.0,98.78934,94.519,6.973263024479388,1.0,21.491,21.491,2.0,"['MEDIUM', 'HARD']",14.0,,,,,,,,,,,,
1327,11.0,14,50.0,0.0,False,False,False,4953.737,85.308,1274,9858,Race,Las Vegas,United States,2025-11-23T04:00:00+00:00,Fernando ALONSO,Aston Martin,,50.0,99.08388000000001,95.629,6.904767955255141,1.0,21.068,21.068,2.0,"['MEDIUM', 'HARD']",7.0,,,,,,,22.0,11,50.0,1h 22m 33.737s ( +1m 25.308s ),0.0,Aston Martin
1328,12.0,22,50.0,0.0,False,False,False,4955.403,86.974,1274,9858,Race,Las Vegas,United States,2025-11-23T04:00:00+00:00,Yuki TSUNODA,Red Bull Racing,,50.0,99.11622,94.967,8.190613490989277,2.0,42.063,21.0315,3.0,"['MEDIUM', 'HARD']",20.0,,,,,,,22.0,12,50.0,1h 22m 35.403s ( +1m 26.974s ),0.0,Red Bull
1329,13.0,10,50.0,0.0,False,False,False,4960.131,91.702,1274,9858,Race,Las Vegas,United States,2025-11-23T04:00:00+00:00,Pierre GASLY,Alpine,,50.0,99.2086,95.674,7.908819881522605,1.0,23.903,23.903,2.0,"['MEDIUM', 'HARD']",10.0,,,,,,,22.0,13,50.0,1h 22m 40.131s ( +1m 31.702s ),0.0,Alpine
1330,14.0,30,49.0,0.0,False,False,False,,+1 LAP,1274,9858,Race,Las Vegas,United States,2025-11-23T04:00:00+00:00,Liam LAWSON,Racing Bulls,,49.0,99.43291836734693,94.837,9.041486377242625,2.0,54.022999999999996,27.011499999999998,3.0,"['MEDIUM', 'HARD']",6.0,,,,,,,,,,,,
1331,15.0,43,49.0,0.0,False,False,False,,+1 LAP,1274,9858,Race,Las Vegas,United States,2025-11-23T04:00:00+00:00,Franco COLAPINTO,Alpine,,49.0,99.57830612244899,95.78,6.630647854232409,1.0,22.842,22.842,2.0,"['HARD', 'MEDIUM']",15.0,,,,,,,22.0,15,49.0,,0.0,Alpine
1332,,23,35.0,0.0,True,False,False,,,1274,9858,Race,Las Vegas,United States,2025-11-23T04:00:00+00:00,Alexander ALBON,Williams,,36.0,101.953,95.184,11.99385717773895,3.0,82.73400000000001,27.578000000000003,4.0,"['HARD', 'MEDIUM']",16.0,,,,,,,22.0,ab,35.0,Withdrew,0.0,Williams
1333,,5,2.0,0.0,True,False,False,,,1274,9858,Race,Las Vegas,United States,2025-11-23T04:00:00+00:00,Gabriel BORTOLETO,Kick Sauber,,3.0,146.285,130.944,21.695450260365664,1.0,33.23,33.23,2.0,"['HARD', 'MEDIUM']",18.0,,,,,,,22.0,ab,2.0,Collision,0.0,Kick Sauber
1334,,18,0.0,0.0,True,False,False,,,1274,9858,Race,Las Vegas,United States,2025-11-23T04:00:00+00:00,Lance STROLL,Aston Martin,,1.0,,,,,,,1.0,['MEDIUM'],12.0,,,,,,,22.0,ab,0.0,Collision,0.0,Aston Martin
1335,,4,,0.0,False,False,True,,,1274,9858,Race,Las Vegas,United States,2025-11-23T04:00:00+00:00,Lando NORRIS,McLaren,,50.0,97.79082,93.965,6.865138623063449,1.0,21.049,21.049,2.0,"['MEDIUM', 'HARD']",1.0,,,,,,,22.0,dsq,50.0,Rear skid thickness below minimum threshold  1h 21m 29.170s ( +20.741s ),0.0,McLaren
1336,,81,,0.0,False,False,True,,,1274,9858,Race,Las Vegas,United States,2025-11-23T04:00:00+00:00,Oscar PIASTRI,McLaren,,50.0,97.9294,94.086,7.050506984231275,1.0,21.371,21.371,2.0,"['MEDIUM', 'HARD']",5.0,,,,,,,22.0,dsq,50.0,Rear skid thickness below minimum threshold  1h 21m 36.079s ( +27.650s ),0.0,McLaren
1337,1.0,1,57.0,25.0,False,False,False,5078.241,0,1275,9850,Race,Lusail,Qatar,2025-11-30T16:00:00+00:00,Max VERSTAPPEN,Red Bull Racing,,57.0,89.10015789473684,83.498,13.140083355885697,2.0,58.138,29.069,3.0,"['MEDIUM', 'HARD']",3.0,139.78907416625188,332.0,45.224552015928325,13.705450472872077,7044.345881035341,0.0028621204579392734,23.0,1,57.0,1h 24m 38.241s ( 218.776 km/h ),25.0,Red Bull
1338,2.0,81,57.0,18.0,False,False,False,5086.236,7.995,1275,9850,Race,Lusail,Qatar,2025-11-30T16:00:00+00:00,Oscar PIASTRI,McLaren,,57.0,89.24008771929826,82.996,13.754627673572138,2.0,56.900000000000006,28.450000000000003,3.0,"['MEDIUM', 'HARD']",1.0,137.58785465405674,338.0,44.34006346441016,12.525883524141364,7021.248351169736,0.0027065704330512695,23.0,2,57.0,1h 24m 46.236s ( +07.995s ),18.0,McLaren
1339,3.0,55,57.0,15.0,False,False,False,5100.906,22.665,1275,9850,Race,Lusail,Qatar,2025-11-30T16:00:00+00:00,Carlos SAINZ,Williams,,57.0,89.49598245614034,83.859,12.584607594329603,2.0,56.741,28.3705,3.0,"['MEDIUM', 'HARD']",7.0,139.5247324539572,327.0,45.8815331010453,15.277252364360379,7117.419953957193,0.0007466401194624191,23.0,3,57.0,1h 25m 00.906s ( +22.665s ),15.0,Williams
1340,4.0,4,57.0,12.0,False,False,False,5101.556,23.315,1275,9850,Race,Lusail,Qatar,2025-11-30T16:00:00+00:00,Lando NORRIS,McLaren,,57.0,89.50835087719298,83.197,13.315370772278854,2.0,56.181,28.0905,3.0,"['MEDIUM', 'HARD']",2.0,137.4987244897959,334.0,44.735969387755105,13.576032852165257,6990.6921976107515,0.007901941264310602,23.0,4,57.0,1h 25m 01.556s ( +23.315s ),12.0,McLaren
1341,5.0,12,57.0,10.0,False,False,False,5106.558,28.317,1275,9850,Race,Lusail,Qatar,2025-11-30T16:00:00+00:00,Kimi ANTONELLI,Mercedes,,57.0,89.59703508771929,83.955,12.813634508607432,2.0,60.54600000000001,30.273000000000003,3.0,"['MEDIUM', 'HARD']",5.0,137.204143852663,331.0,44.771217023394726,13.295171727227476,7067.282105525137,0.0037332005973120955,23.0,5,57.0,1h 25m 06.558s ( +28.317s ),10.0,Mercedes
1342,6.0,63,57.0,8.0,False,False,False,5126.84,48.599,1275,9850,Race,Lusail,Qatar,2025-11-30T16:00:00+00:00,George RUSSELL,Mercedes,,57.0,89.95047368421052,83.198,12.454415059248872,2.0,62.318,31.159,3.0,"['MEDIUM', 'HARD']",4.0,,,,,,,23.0,6,57.0,1h 25m 26.840s ( +48.599s ),8.0,Mercedes
1343,7.0,14,57.0,6.0,False,False,False,5132.286,54.045,1275,9850,Race,Lusail,Qatar,2025-11-30T16:00:00+00:00,Fernando ALONSO,Aston Martin,,57.0,90.04659649122807,83.94,12.398104386874818,2.0,57.223,28.6115,3.0,"['MEDIUM', 'HARD']",8.0,,,,,,,23.0,7,57.0,1h 25m 32.286s ( +54.045s ),6.0,Aston Martin
1344,8.0,16,57.0,4.0,False,False,False,5135.026,56.785,1275,9850,Race,Lusail,Qatar,2025-11-30T16:00:00+00:00,Charles LECLERC,Ferrari,,57.0,90.0940701754386,84.432,12.024454636964453,2.0,59.394,29.697,3.0,"['MEDIUM', 'HARD']",10.0,,,,,,,23.0,8,57.0,1h 25m 35.026s ( +56.785s ),4.0,Ferrari
1345,9.0,30,57.0,2.0,False,False,False,5138.314,60.073,1275,9850,Race,Lusail,Qatar,2025-11-30T16:00:00+00:00,Liam LAWSON,Racing Bulls,,57.0,90.15333333333334,83.971,11.930531395082436,2.0,57.071,28.5355,3.0,"['MEDIUM', 'HARD']",12.0,,,,,,,,,,,,
1346,10.0,22,57.0,1.0,False,False,False,5140.011,61.77,1275,9850,Race,Lusail,Qatar,2025-11-30T16:00:00+00:00,Yuki TSUNODA,Red Bull Racing,,57.0,90.18366666666667,84.139,11.823475723765679,2.0,57.518,28.759,3.0,"['MEDIUM', 'HARD']",15.0,,,,,,,23.0,10,57.0,1h 25m 40.011s ( +1m 01.770s ),1.0,Red Bull
1347,11.0,23,57.0,0.0,False,False,False,5145.172,66.931,1275,9850,Race,Lusail,Qatar,2025-11-30T16:00:00+00:00,Alexander ALBON,Williams,,57.0,90.27445614035088,84.261,11.741118853460163,2.0,58.347,29.1735,3.0,"['HARD', 'MEDIUM']",14.0,,,,,,,23.0,11,57.0,1h 25m 45.172s ( +1m 06.931s ),0.0,Williams
1348,12.0,44,57.0,0.0,False,False,False,5155.971,77.73,1275,9850,Race,Lusail,Qatar,2025-11-30T16:00:00+00:00,Lewis HAMILTON,Ferrari,,57.0,90.46236842105263,84.848,11.805037283827469,2.0,60.706999999999994,30.353499999999997,3.0,"['SOFT', 'MEDIUM']",17.0,,,,,,,23.0,12,57.0,1h 25m 55.971s ( +1m 17.730s ),0.0,Ferrari
1349,13.0,5,57.0,0.0,False,False,False,5163.053,84.812,1275,9850,Race,Lusail,Qatar,2025-11-30T16:00:00+00:00,Gabriel BORTOLETO,Kick Sauber,,57.0,90.58764912280702,85.233,11.535863131821355,2.0,56.705,28.3525,3.0,"['MEDIUM', 'SOFT']",19.0,,,,,,,23.0,13,57.0,1h 26m 03.053s ( +1m 24.812s ),0.0,Kick Sauber
1350,14.0,43,56.0,0.0,False,False,False,,+1 LAP,1275,9850,Race,Lusail,Qatar,2025-11-30T16:00:00+00:00,Franco COLAPINTO,Alpine,,56.0,90.74919642857142,85.644,11.603247544497881,2.0,58.480000000000004,29.240000000000002,3.0,"['HARD', 'MEDIUM']",20.0,,,,,,,23.0,14,56.0,,0.0,Alpine
1351,15.0,31,56.0,0.0,False,False,False,,+1 LAP,1275,9850,Race,Lusail,Qatar,2025-11-30T16:00:00+00:00,Esteban OCON,Haas F1 Team,,56.0,90.76441071428572,85.056,12.653585868730552,3.0,99.015,33.005,4.0,"['MEDIUM', 'HARD']",16.0,,,,,,,23.0,15,56.0,,0.0,Haas
1352,16.0,10,56.0,0.0,False,False,False,,+1 LAP,1275,9850,Race,Lusail,Qatar,2025-11-30T16:00:00+00:00,Pierre GASLY,Alpine,,56.0,90.77921428571427,85.376,12.0040974894019,2.0,61.902,30.951,3.0,"['MEDIUM', 'HARD']",9.0,,,,,,,23.0,16,56.0,,0.0,Alpine
1353,17.0,18,55.0,0.0,True,False,False,,,1275,9850,Race,Lusail,Qatar,2025-11-30T16:00:00+00:00,Lance STROLL,Aston Martin,,56.0,91.19352727272728,83.484,12.176692645065433,3.0,91.859,30.619666666666664,4.0,"['MEDIUM', 'SOFT']",18.0,,,,,,,23.0,17,55.0,Withdrew,0.0,Aston Martin
1354,18.0,6,55.0,0.0,True,False,False,,,1275,9850,Race,Lusail,Qatar,2025-11-30T16:00:00+00:00,Isack HADJAR,Racing Bulls,,56.0,91.50318181818182,84.317,15.47359252151502,2.0,56.746,28.373,3.0,"['MEDIUM', 'HARD']",6.0,,,,,,,23.0,18,55.0,Puncture,0.0,Racing Bulls
1355,,87,41.0,0.0,True,False,False,,,1275,9850,Race,Lusail,Qatar,2025-11-30T16:00:00+00:00,Oliver BEARMAN,Haas F1 Team,,42.0,93.521,84.93,14.92126427451776,3.0,111.582,37.193999999999996,4.0,"['MEDIUM', 'HARD']",13.0,,,,,,,,,,,,
1356,,27,6.0,0.0,True,False,False,,,1275,9850,Race,Lusail,Qatar,2025-11-30T16:00:00+00:00,Nico HULKENBERG,Kick Sauber,,7.0,89.4905,88.139,2.6751715272109204,,,,1.0,['SOFT'],11.0,,,,,,,23.0,ab,6.0,Collision,0.0,Kick Sauber
1357,1.0,1,58.0,25.0,False,False,False,5167.469,0,1276,9839,Race,Yas Marina Circuit,United Arab Emirates,2025-12-07T13:00:00+00:00,Max VERSTAPPEN,Red Bull Racing,,58.0,89.09975862068966,87.625,2.8065657062539735,1.0,21.703,21.703,2.0,"['MEDIUM', 'HARD']",1.0,133.10516150120347,335.0,44.565298784655155,14.255489852316288,6588.71732089264,0.0010103111163937836,24.0,1.0,58.0,1h 26m 07.469s ( 213.307 km/h ),25.0,Red Bull
1358,2.0,81,58.0,18.0,False,False,False,5180.063,12.594,1276,9839,Race,Yas Marina Circuit,United Arab Emirates,2025-12-07T13:00:00+00:00,Oscar PIASTRI,McLaren,,58.0,89.31510344827586,86.765,2.8152880672129106,1.0,21.565,21.565,2.0,"['HARD', 'MEDIUM']",3.0,131.18860131340446,326.0,43.684396636258285,13.983181291415328,6597.987787121505,0.0009211660178884498,24.0,2.0,58.0,1h 26m 20.063s ( +12.594s ),18.0,McLaren
1359,3.0,4,58.0,15.0,False,False,False,5184.041,16.572,1276,9839,Race,Yas Marina Circuit,United Arab Emirates,2025-12-07T13:00:00+00:00,Lando NORRIS,McLaren,,58.0,89.38872413793104,86.818,4.031991018304464,2.0,42.730000000000004,21.365000000000002,3.0,"['MEDIUM', 'HARD']",2.0,131.19299913826404,331.0,42.48970374112263,13.338840519418774,6713.143761328856,0.006061866698362702,24.0,3.0,58.0,1h 26m 24.041s ( +16.572s ),15.0,McLaren
1360,4.0,16,58.0,12.0,False,False,False,5190.748,23.279,1276,9839,Race,Yas Marina Circuit,United Arab Emirates,2025-12-07T13:00:00+00:00,Charles LECLERC,Ferrari,,58.0,89.50308620689655,86.725,4.0109500221465355,2.0,42.594,21.297,3.0,"['MEDIUM', 'HARD']",5.0,131.2311235253915,332.0,47.4991531215642,16.42207232638992,6661.731524678335,0.01741300924137521,24.0,4.0,58.0,1h 26m 30.748s ( +23.279s ),12.0,Ferrari
1361,5.0,63,58.0,10.0,False,False,False,5216.032,48.563,1276,9839,Race,Yas Marina Circuit,United Arab Emirates,2025-12-07T13:00:00+00:00,George RUSSELL,Mercedes,,58.0,89.93874137931034,88.599,2.806141369938853,1.0,21.979,21.979,2.0,"['MEDIUM', 'HARD']",4.0,131.4927941045375,337.0,43.77470062104419,12.746203904555314,6691.086441030518,0.014946661516060975,24.0,5.0,58.0,1h 26m 56.032s ( +48.563s ),10.0,Mercedes
1362,6.0,14,58.0,8.0,False,False,False,5235.031,67.562,1276,9839,Race,Yas Marina Circuit,United Arab Emirates,2025-12-07T13:00:00+00:00,Fernando ALONSO,Aston Martin,,58.0,90.26610344827587,88.279,2.971319647101445,1.0,23.267,23.267,2.0,"['MEDIUM', 'HARD']",6.0,,,,,,,24.0,6.0,58.0,1h 27m 15.031s ( +1m 07.562s ),8.0,Aston Martin
1363,7.0,31,58.0,6.0,False,False,False,5237.345,69.876,1276,9839,Race,Yas Marina Circuit,United Arab Emirates,2025-12-07T13:00:00+00:00,Esteban OCON,Haas F1 Team,,58.0,90.30648275862069,88.655,2.917480282958553,1.0,22.254,22.254,2.0,"['MEDIUM', 'HARD']",8.0,,,,,,,24.0,7.0,58.0,1h 27m 17.345s ( +1m 09.876s ),6.0,Haas
1364,8.0,44,58.0,4.0,False,False,False,5240.139,72.67,1276,9839,Race,Yas Marina Circuit,United Arab Emirates,2025-12-07T13:00:00+00:00,Lewis HAMILTON,Ferrari,,58.0,90.35427586206896,88.094,3.825842091884963,2.0,43.018,21.509,3.0,"['SOFT', 'HARD', 'MEDIUM']",16.0,,,,,,,24.0,8.0,58.0,1h 27m 20.139s ( +1m 12.670s ),4.0,Ferrari
1365,9.0,27,58.0,2.0,False,False,False,5246.483,79.014,1276,9839,Race,Yas Marina Circuit,United Arab Emirates,2025-12-07T13:00:00+00:00,Nico HULKENBERG,Kick Sauber,,58.0,90.46246551724138,87.05,3.8635929974140995,2.0,43.068,21.534,3.0,"['SOFT', 'HARD', 'MEDIUM']",18.0,,,,,,,24.0,9.0,58.0,1h 27m 26.483s ( +1m 19.014s ),2.0,Kick Sauber
1366,10.0,18,58.0,1.0,False,False,False,5246.992,79.523,1276,9839,Race,Yas Marina Circuit,United Arab Emirates,2025-12-07T13:00:00+00:00,Lance STROLL,Aston Martin,,58.0,90.3860172413793,87.626,3.0754329576322283,1.0,21.535,21.535,2.0,"['HARD', 'MEDIUM']",15.0,,,,,,,24.0,10.0,58.0,1h 27m 26.992s ( +1m 19.523s ),1.0,Aston Martin
1367,11.0,5,58.0,0.0,False,False,False,5248.512,81.043,1276,9839,Race,Yas Marina Circuit,United Arab Emirates,2025-12-07T13:00:00+00:00,Gabriel BORTOLETO,Kick Sauber,,58.0,90.49874137931035,89.114,2.736179661949894,1.0,22.121,22.121,2.0,"['MEDIUM', 'HARD']",7.0,,,,,,,24.0,11.0,58.0,1h 27m 28.512s ( +1m 21.043s ),0.0,Kick Sauber
1368,12.0,87,58.0,0.0,False,False,False,5248.635,81.166,1276,9839,Race,Yas Marina Circuit,United Arab Emirates,2025-12-07T13:00:00+00:00,Oliver BEARMAN,Haas F1 Team,,58.0,90.41363793103449,88.976,2.983333080652401,1.0,22.263,22.263,2.0,"['MEDIUM', 'HARD']",11.0,,,,,,,,,,,,
1369,13.0,55,58.0,0.0,False,False,False,5249.627,82.158,1276,9839,Race,Yas Marina Circuit,United Arab Emirates,2025-12-07T13:00:00+00:00,Carlos SAINZ,Williams,,58.0,90.5163275862069,89.052,2.9088444102573283,1.0,21.799,21.799,2.0,"['MEDIUM', 'HARD']",12.0,,,,,,,24.0,13.0,58.0,1h 27m 29.627s ( +1m 22.158s ),0.0,Williams
1370,14.0,22,58.0,0.0,False,False,False,5251.263,83.794,1276,9839,Race,Yas Marina Circuit,United Arab Emirates,2025-12-07T13:00:00+00:00,Yuki TSUNODA,Red Bull Racing,,58.0,90.547,88.557,3.5343030479979665,1.0,27.041,27.041,2.0,"['HARD', 'MEDIUM']",10.0,,,,,,,24.0,14.0,58.0,1h 27m 31.263s ( +1m 23.794s ),0.0,Red Bull
1371,15.0,12,58.0,0.0,False,False,False,5251.868,84.399,1276,9839,Race,Yas Marina Circuit,United Arab Emirates,2025-12-07T13:00:00+00:00,Kimi ANTONELLI,Mercedes,,58.0,90.556,88.029,3.2689867360853175,1.0,22.155,22.155,2.0,"['HARD', 'MEDIUM']",14.0,,,,,,,24.0,15.0,58.0,1h 27m 31.868s ( +1m 24.399s ),0.0,Mercedes
1372,16.0,23,58.0,0.0,False,False,False,5257.796,90.327,1276,9839,Race,Yas Marina Circuit,United Arab Emirates,2025-12-07T13:00:00+00:00,Alexander ALBON,Williams,,58.0,90.57241379310345,88.367,3.891299647749881,2.0,43.046,21.523,3.0,"['SOFT', 'HARD', 'MEDIUM']",17.0,,,,,,,24.0,16.0,58.0,1h 27m 37.796s ( +1m 30.327s ),0.0,Williams
1373,17.0,6,57.0,0.0,False,False,False,,+1 LAP,1276,9839,Race,Yas Marina Circuit,United Arab Emirates,2025-12-07T13:00:00+00:00,Isack HADJAR,Racing Bulls,,57.0,90.6872105263158,89.375,2.855577129163471,1.0,21.932,21.932,2.0,"['MEDIUM', 'HARD']",9.0,,,,,,,24.0,17.0,57.0,,0.0,Racing Bulls
1374,18.0,30,57.0,0.0,False,False,False,,+1 LAP,1276,9839,Race,Yas Marina Circuit,United Arab Emirates,2025-12-07T13:00:00+00:00,Liam LAWSON,Racing Bulls,,57.0,90.74545614035088,88.886,3.969090319807799,1.0,28.369,28.369,2.0,"['MEDIUM', 'HARD']",13.0,,,,,,,,,,,,
1375,19.0,10,57.0,0.0,False,False,False,,+1 LAP,1276,9839,Race,Yas Marina Circuit,United Arab Emirates,2025-12-07T13:00:00+00:00,Pierre GASLY,Alpine,,57.0,90.7851052631579,87.767,4.332293407341338,2.0,44.819,22.4095,3.0,"['MEDIUM', 'HARD']",19.0,,,,,,,24.0,19.0,57.0,,0.0,Alpine
1376,20.0,43,57.0,0.0,False,False,False,,+1 LAP,1276,9839,Race,Yas Marina Circuit,United Arab Emirates,2025-12-07T13:00:00+00:00,Franco COLAPINTO,Alpine,,57.0,90.91054385964912,87.71,4.333435588826293,2.0,44.908,22.454,3.0,"['MEDIUM', 'HARD']",20.0,,,,,,,24.0,20.0,57.0,,0.0,Alpine
